_id,flight._id,flight.FlightID,flight.Airline,flight.ScheduledDeparture,flight.ActualDeparture,flight.Gate,flight.DelayMinutes,flight.DeparturePlace,flight.DestinationPlace,baggage[0]._id,baggage[1]._id,baggage[2]._id,baggage[3]._id,baggage[4]._id,baggage[5]._id,baggage[6]._id,baggage[7]._id,baggage[8]._id,baggage[9]._id,baggage[10]._id,baggage[11]._id,baggage[12]._id,baggage[13]._id,baggage[14]._id,baggage[15]._id,baggage[0].BagID,baggage[1].BagID,baggage[2].BagID,baggage[3].BagID,baggage[4].BagID,baggage[5].BagID,baggage[6].BagID,baggage[7].BagID,baggage[8].BagID,baggage[9].BagID,baggage[10].BagID,baggage[11].BagID,baggage[12].BagID,baggage[13].BagID,baggage[14].BagID,baggage[15].BagID,baggage[0].PassengerID,baggage[1].PassengerID,baggage[2].PassengerID,baggage[3].PassengerID,baggage[4].PassengerID,baggage[5].PassengerID,baggage[6].PassengerID,baggage[7].PassengerID,baggage[8].PassengerID,baggage[9].PassengerID,baggage[10].PassengerID,baggage[11].PassengerID,baggage[12].PassengerID,baggage[13].PassengerID,baggage[14].PassengerID,baggage[15].PassengerID,baggage[0].FlightID,baggage[1].FlightID,baggage[2].FlightID,baggage[3].FlightID,baggage[4].FlightID,baggage[5].FlightID,baggage[6].FlightID,baggage[7].FlightID,baggage[8].FlightID,baggage[9].FlightID,baggage[10].FlightID,baggage[11].FlightID,baggage[12].FlightID,baggage[13].FlightID,baggage[14].FlightID,baggage[15].FlightID,baggage[0].LoadStatus,baggage[1].LoadStatus,baggage[2].LoadStatus,baggage[3].LoadStatus,baggage[4].LoadStatus,baggage[5].LoadStatus,baggage[6].LoadStatus,baggage[7].LoadStatus,baggage[8].LoadStatus,baggage[9].LoadStatus,baggage[10].LoadStatus,baggage[11].LoadStatus,baggage[12].LoadStatus,baggage[13].LoadStatus,baggage[14].LoadStatus,baggage[15].LoadStatus,last_updated,passengers[0]._id,passengers[1]._id,passengers[2]._id,passengers[3]._id,passengers[4]._id,passengers[5]._id,passengers[6]._id,passengers[7]._id,passengers[0].PassengerID,passengers[1].PassengerID,passengers[2].PassengerID,passengers[3].PassengerID,passengers[4].PassengerID,passengers[5].PassengerID,passengers[6].PassengerID,passengers[7].PassengerID,passengers[0].FlightID,passengers[1].FlightID,passengers[2].FlightID,passengers[3].FlightID,passengers[4].FlightID,passengers[5].FlightID,passengers[6].FlightID,passengers[7].FlightID,passengers[0].CheckInTime,passengers[1].CheckInTime,passengers[2].CheckInTime,passengers[3].CheckInTime,passengers[4].CheckInTime,passengers[5].CheckInTime,passengers[6].CheckInTime,passengers[7].CheckInTime,passengers[0].BoardingPassIssued,passengers[1].BoardingPassIssued,passengers[2].BoardingPassIssued,passengers[3].BoardingPassIssued,passengers[4].BoardingPassIssued,passengers[5].BoardingPassIssued,passengers[6].BoardingPassIssued,passengers[7].BoardingPassIssued,passengers[0].Gate,passengers[1].Gate,passengers[2].Gate,passengers[3].Gate,passengers[4].Gate,passengers[5].Gate,passengers[6].Gate,passengers[7].Gate
68bdee8a245a927ffb268ed7,68bb1c3af209a8b6c3314c65,FL1390,Turkish Airlines,2025-09-05 08:00:00,2025-09-05 08:10:00,G1,10,Dubai,Hong Kong,68bb1dc5f209a8b6c3314f77,68bdeead6d2564f9a09da4e7,,,,,,,,,,,,,,,BAG1176,BAG1176,,,,,,,,,,,,,,,PAX1000,PAX1000,,,,,,,,,,,,,,,FL1390,FL1390,,,,,,,,,,,,,,,Loaded,Loaded,,,,,,,,,,,,,,,2025-09-08 02:15:14,68bb1c71f209a8b6c3314cd3,68bb1cb2f209a8b6c3314d55,68bdee896d2564f9a09da2e4,68bdeea46d2564f9a09da471,,,,,PAX1000,PAX1130,PAX1000,PAX1130,,,,,FL1390,FL1390,FL1390,FL1390,,,,,2025-09-05 05:22:00,2025-09-05 06:54:00,2025-09-05 05:22:00,2025-09-05 06:54:00,,,,,true,false,true,false,,,,,G1,G1,G1,G1,,,,
68bdee8a245a927ffb268ed8,68bb1c11f209a8b6c3314c14,FL1309,Lufthansa,2025-09-03 15:30:00,2025-09-03 16:00:00,G18,30,Dubai,Frankfurt,,,,,,,,,,,,,,,,,,,,,,,,,,,,,,,,,,,,,,,,,,,,,,,,,,,,,,,,,,,,,,,,,,,,,,,,,,,,,,,,,2025-09-08 02:14:57,68bb1c71f209a8b6c3314cd4,68bdee8a6d2564f9a09da2e7,,,,,,,PAX1001,PAX1001,,,,,,,FL1309,FL1309,,,,,,,2025-09-03 13:07:00,2025-09-03 13:07:00,,,,,,,false,false,,,,,,,G18,G18,,,,,,
68bdee8a245a927ffb268ed9,68bb1b76f209a8b6c3314adf,FL1000,Air India,2025-08-28 05:00:00,2025-08-28 05:10:00,G15,10,Dubai,Paris,68bb1e1cf209a8b6c3315026,68bb1e52f209a8b6c3315090,68bdeed16d2564f9a09da6f9,68bdeee76d2564f9a09da840,,,,,,,,,,,,,BAG1351,BAG1457,BAG1351,BAG1457,,,,,,,,,,,,,PAX1408,PAX1408,PAX1408,PAX1408,,,,,,,,,,,,,FL1000,FL1000,FL1000,FL1000,,,,,,,,,,,,,Loaded,Loaded,Loaded,Loaded,,,,,,,,,,,,,2025-09-08 02:15:27,68bb1d3ef209a8b6c3314e6b,68bdeedd6d2564f9a09da7ad,,,,,,,PAX1408,PAX1408,,,,,,,FL1000,FL1000,,,,,,,2025-08-28 03:35:00,2025-08-28 03:35:00,,,,,,,true,true,,,,,,,G15,G15,,,,,,
68bdee8a245a927ffb268eda,68bb1bbef209a8b6c3314b6e,FL1143,Etihad,2025-08-31 04:30:00,2025-08-31 05:30:00,G15,60,Dubai,Bangkok,68bb1d6cf209a8b6c3314ec7,68bb1db2f209a8b6c3314f52,68bb1db4f209a8b6c3314f56,68bb1db8f209a8b6c3314f5d,68bb1e3ef209a8b6c3315068,68bb1e44f209a8b6c3315075,68bdee896d2564f9a09da2e5,68bdeea56d2564f9a09da477,68bdeea66d2564f9a09da484,68bdeea76d2564f9a09da499,68bdeedf6d2564f9a09da7c3,68bdeee16d2564f9a09da7ec,,,,,BAG1000,BAG1139,BAG1143,BAG1150,BAG1417,BAG1430,BAG1000,BAG1139,BAG1143,BAG1150,BAG1417,BAG1430,,,,,PAX1406,PAX1420,PAX1406,PAX1420,PAX1332,PAX1420,PAX1406,PAX1420,PAX1406,PAX1420,PAX1332,PAX1420,,,,,FL1143,FL1143,FL1143,FL1143,FL1143,FL1143,FL1143,FL1143,FL1143,FL1143,FL1143,FL1143,,,,,Loaded,Loaded,Not Loaded,Missing,Missing,Missing,Loaded,Loaded,Not Loaded,Missing,Missing,Missing,,,,,2025-09-08 02:15:22,68bb1d18f209a8b6c3314e1f,68bb1d3df209a8b6c3314e69,68bb1d44f209a8b6c3314e77,68bdeece6d2564f9a09da6ce,68bdeedd6d2564f9a09da7a7,68bdeee06d2564f9a09da7d1,,,PAX1332,PAX1406,PAX1420,PAX1332,PAX1406,PAX1420,,,FL1143,FL1143,FL1143,FL1143,FL1143,FL1143,,,2025-08-31 02:57:00,2025-08-31 03:29:00,2025-08-31 02:49:00,2025-08-31 02:57:00,2025-08-31 03:29:00,2025-08-31 02:49:00,,,true,false,true,true,false,true,,,G15,G15,G15,G15,G15,G15,,
68bdee8a245a927ffb268edb,68bb1c58f209a8b6c3314ca1,FL1450,British Airways,2025-09-06 14:00:00,2025-09-06 14:30:00,G20,30,Dubai,Doha,,,,,,,,,,,,,,,,,,,,,,,,,,,,,,,,,,,,,,,,,,,,,,,,,,,,,,,,,,,,,,,,,,,,,,,,,,,,,,,,,2025-09-08 02:15:26,68bb1c72f209a8b6c3314cd5,68bb1c97f209a8b6c3314d1f,68bdee8a6d2564f9a09da2e8,68bdee996d2564f9a09da3ce,,,,,PAX1002,PAX1076,PAX1002,PAX1076,,,,,FL1450,FL1450,FL1450,FL1450,,,,,2025-09-06 11:52:00,2025-09-06 13:22:00,2025-09-06 11:52:00,2025-09-06 13:22:00,,,,,false,true,false,true,,,,,G20,G20,G20,G20,,,,
68bdee8a245a927ffb268edc,68bb1b76f209a8b6c3314ae0,FL1001,Etihad,2025-08-28 05:30:00,2025-08-28 05:45:00,G7,15,Dubai,Istanbul,68bb1d75f209a8b6c3314ed9,68bdee8d6d2564f9a09da31c,,,,,,,,,,,,,,,BAG1018,BAG1018,,,,,,,,,,,,,,,PAX1143,PAX1143,,,,,,,,,,,,,,,FL1001,FL1001,,,,,,,,,,,,,,,Missing,Missing,,,,,,,,,,,,,,,2025-09-08 02:14:23,68bb1cb9f209a8b6c3314d62,68bdeea76d2564f9a09da49a,,,,,,,PAX1143,PAX1143,,,,,,,FL1001,FL1001,,,,,,,2025-08-28 03:06:00,2025-08-28 03:06:00,,,,,,,false,false,,,,,,,G7,G7,,,,,,
68bdee8a245a927ffb268edd,68bb1babf209a8b6c3314b48,FL1105,Air India,2025-08-30 09:30:00,2025-08-30 10:30:00,G6,60,Dubai,Zurich,68bb1d6df209a8b6c3314ec8,68bdee8a6d2564f9a09da2ea,,,,,,,,,,,,,,,BAG1001,BAG1001,,,,,,,,,,,,,,,PAX1178,PAX1178,,,,,,,,,,,,,,,FL1105,FL1105,,,,,,,,,,,,,,,Missing,Missing,,,,,,,,,,,,,,,2025-09-08 02:14:31,68bb1ccaf209a8b6c3314d85,68bdeeae6d2564f9a09da504,,,,,,,PAX1178,PAX1178,,,,,,,FL1105,FL1105,,,,,,,2025-08-30 07:17:00,2025-08-30 07:17:00,,,,,,,false,false,,,,,,,G6,G6,,,,,,
68bdee8a245a927ffb268ede,68bb1b77f209a8b6c3314ae1,FL1002,Emirates,2025-08-28 06:00:00,2025-08-28 06:25:00,G11,25,Dubai,Chicago,,,,,,,,,,,,,,,,,,,,,,,,,,,,,,,,,,,,,,,,,,,,,,,,,,,,,,,,,,,,,,,,,,,,,,,,,,,,,,,,,2025-09-08 02:15:33,68bb1d64f209a8b6c3314eb7,68bdeeed6d2564f9a09da891,,,,,,,PAX1484,PAX1484,,,,,,,FL1002,FL1002,,,,,,,2025-08-28 05:30:00,2025-08-28 05:30:00,,,,,,,false,false,,,,,,,G11,G11,,,,,,
68bdee8a245a927ffb268edf,68bb1ba0f209a8b6c3314b33,FL1084,Emirates,2025-08-29 23:00:00,2025-08-29 23:20:00,G5,20,Dubai,Doha,68bb1e08f209a8b6c3314ffe,68bb1e2df209a8b6c3315046,68bb1e5df209a8b6c33150a6,68bdeec96d2564f9a09da680,68bdeed86d2564f9a09da75b,68bdeeec6d2564f9a09da881,,,,,,,,,,,BAG1311,BAG1383,BAG1479,BAG1311,BAG1383,BAG1479,,,,,,,,,,,PAX1004,PAX1004,PAX1004,PAX1004,PAX1004,PAX1004,,,,,,,,,,,FL1084,FL1084,FL1084,FL1084,FL1084,FL1084,,,,,,,,,,,Not Loaded,Not Loaded,Missing,Not Loaded,Not Loaded,Missing,,,,,,,,,,,2025-09-08 02:15:32,68bb1c72f209a8b6c3314cd6,68bb1c73f209a8b6c3314cd7,68bdee8a6d2564f9a09da2ec,68bdee8a6d2564f9a09da2ef,,,,,PAX1003,PAX1004,PAX1003,PAX1004,,,,,FL1084,FL1084,FL1084,FL1084,,,,,2025-08-29 21:26:00,2025-08-29 22:26:00,2025-08-29 21:26:00,2025-08-29 22:26:00,,,,,true,true,true,true,,,,,G5,G5,G5,G5,,,,
68bdee8a245a927ffb268ee0,68bb1b7ff209a8b6c3314af1,FL1018,British Airways,2025-08-28 14:00:00,2025-08-28 15:00:00,G2,60,Dubai,Bangkok,68bb1d6df209a8b6c3314ec9,68bb1dc8f209a8b6c3314f7e,68bb1e45f209a8b6c3315077,68bdee8a6d2564f9a09da2ed,68bdeeae6d2564f9a09da4fc,68bdeee26d2564f9a09da7f2,,,,,,,,,,,BAG1002,BAG1183,BAG1432,BAG1002,BAG1183,BAG1432,,,,,,,,,,,PAX1163,PAX1163,PAX1163,PAX1163,PAX1163,PAX1163,,,,,,,,,,,FL1018,FL1018,FL1018,FL1018,FL1018,FL1018,,,,,,,,,,,Not Loaded,Loaded,Missing,Not Loaded,Loaded,Missing,,,,,,,,,,,2025-09-08 02:15:22,68bb1cc3f209a8b6c3314d76,68bdeeab6d2564f9a09da4d7,,,,,,,PAX1163,PAX1163,,,,,,,FL1018,FL1018,,,,,,,2025-08-28 11:00:00,2025-08-28 11:00:00,,,,,,,true,true,,,,,,,G2,G2,,,,,,
68bdee8a245a927ffb268ee1,68bb1b77f209a8b6c3314ae2,FL1003,Air India,2025-08-28 06:30:00,2025-08-28 06:30:00,G6,0,Dubai,Toronto,68bb1daff209a8b6c3314f4c,68bdeea46d2564f9a09da467,,,,,,,,,,,,,,,BAG1133,BAG1133,,,,,,,,,,,,,,,PAX1253,PAX1253,,,,,,,,,,,,,,,FL1003,FL1003,,,,,,,,,,,,,,,Not Loaded,Not Loaded,,,,,,,,,,,,,,,2025-09-08 02:14:46,68bb1cf0f209a8b6c3314dd0,68bdeebe6d2564f9a09da5e1,,,,,,,PAX1253,PAX1253,,,,,,,FL1003,FL1003,,,,,,,2025-08-28 04:04:00,2025-08-28 04:04:00,,,,,,,false,false,,,,,,,G6,G6,,,,,,
68bdee8a245a927ffb268ee2,68bb1c01f209a8b6c3314bf4,FL1277,Turkish Airlines,2025-09-02 23:30:00,2025-09-03 00:30:00,G17,60,Dubai,Bangkok,68bb1d6ef209a8b6c3314eca,68bb1ddff209a8b6c3314fac,68bdee8a6d2564f9a09da2f0,68bdeeb76d2564f9a09da587,,,,,,,,,,,,,BAG1003,BAG1229,BAG1003,BAG1229,,,,,,,,,,,,,PAX1219,PAX1219,PAX1219,PAX1219,,,,,,,,,,,,,FL1277,FL1277,FL1277,FL1277,,,,,,,,,,,,,Not Loaded,Loaded,Not Loaded,Loaded,,,,,,,,,,,,,2025-09-08 02:14:51,68bb1cdff209a8b6c3314dae,68bb1cf8f209a8b6c3314de0,68bdeeb76d2564f9a09da57f,68bdeec16d2564f9a09da614,,,,,PAX1219,PAX1269,PAX1219,PAX1269,,,,,FL1277,FL1277,FL1277,FL1277,,,,,2025-09-02 22:19:00,2025-09-02 20:32:00,2025-09-02 22:19:00,2025-09-02 20:32:00,,,,,false,true,false,true,,,,,G17,G17,G17,G17,,,,
68bdee8b245a927ffb268ee3,68bb1b78f209a8b6c3314ae3,FL1004,Singapore Airlines,2025-08-28 07:00:00,2025-08-28 07:15:00,G15,15,Dubai,Singapore,,,,,,,,,,,,,,,,,,,,,,,,,,,,,,,,,,,,,,,,,,,,,,,,,,,,,,,,,,,,,,,,,,,,,,,,,,,,,,,,,2025-09-08 02:13:54,,,,,,,,,,,,,,,,,,,,,,,,,,,,,,,,,,,,,,,,,,,,,,,,
68bdee8b245a927ffb268ee4,68bb1ba4f209a8b6c3314b3a,FL1091,British Airways,2025-08-30 02:30:00,2025-08-30 03:30:00,G17,60,Dubai,Singapore,68bb1e15f209a8b6c3315017,68bdeece6d2564f9a09da6cc,,,,,,,,,,,,,,,BAG1336,BAG1336,,,,,,,,,,,,,,,PAX1005,PAX1005,,,,,,,,,,,,,,,FL1091,FL1091,,,,,,,,,,,,,,,Missing,Missing,,,,,,,,,,,,,,,2025-09-08 02:15:02,68bb1c74f209a8b6c3314cd8,68bdee8a6d2564f9a09da2f2,,,,,,,PAX1005,PAX1005,,,,,,,FL1091,FL1091,,,,,,,2025-08-30 01:46:00,2025-08-30 01:46:00,,,,,,,true,true,,,,,,,G17,G17,,,,,,
68bdee8b245a927ffb268ee5,68bb1c55f209a8b6c3314c9c,FL1445,Turkish Airlines,2025-09-06 11:30:00,2025-09-06 12:05:00,G13,35,Dubai,Paris,68bb1d6ef209a8b6c3314ecb,68bb1db4f209a8b6c3314f55,68bdee8a6d2564f9a09da2f3,68bdeea66d2564f9a09da481,,,,,,,,,,,,,BAG1004,BAG1142,BAG1004,BAG1142,,,,,,,,,,,,,PAX1069,PAX1069,PAX1069,PAX1069,,,,,,,,,,,,,FL1445,FL1445,FL1445,FL1445,,,,,,,,,,,,,Loaded,Not Loaded,Loaded,Not Loaded,,,,,,,,,,,,,2025-09-08 02:15:25,68bb1c94f209a8b6c3314d18,68bdee986d2564f9a09da3b9,,,,,,,PAX1069,PAX1069,,,,,,,FL1445,FL1445,,,,,,,2025-09-06 10:57:00,2025-09-06 10:57:00,,,,,,,true,true,,,,,,,G13,G13,,,,,,
68bdee8b245a927ffb268ee6,68bb1b78f209a8b6c3314ae4,FL1005,Lufthansa,2025-08-28 07:30:00,2025-08-28 08:05:00,G5,35,Dubai,Frankfurt,,,,,,,,,,,,,,,,,,,,,,,,,,,,,,,,,,,,,,,,,,,,,,,,,,,,,,,,,,,,,,,,,,,,,,,,,,,,,,,,,2025-09-08 02:13:54,,,,,,,,,,,,,,,,,,,,,,,,,,,,,,,,,,,,,,,,,,,,,,,,
68bdee8b245a927ffb268ee7,68bb1bf7f209a8b6c3314be1,FL1258,Etihad,2025-09-02 14:00:00,2025-09-02 14:20:00,G11,20,Dubai,New York,68bb1d6ff209a8b6c3314ecc,68bdee8a6d2564f9a09da2f6,,,,,,,,,,,,,,,BAG1005,BAG1005,,,,,,,,,,,,,,,PAX1470,PAX1470,,,,,,,,,,,,,,,FL1258,FL1258,,,,,,,,,,,,,,,Loaded,Loaded,,,,,,,,,,,,,,,2025-09-08 02:15:30,68bb1ca6f209a8b6c3314d3d,68bb1d5df209a8b6c3314ea9,68bdee9f6d2564f9a09da429,68bdeeea6d2564f9a09da867,,,,,PAX1106,PAX1470,PAX1106,PAX1470,,,,,FL1258,FL1258,FL1258,FL1258,,,,,2025-09-02 12:09:00,2025-09-02 12:54:00,2025-09-02 12:09:00,2025-09-02 12:54:00,,,,,false,true,false,true,,,,,G11,G11,G11,G11,,,,
68bdee8b245a927ffb268ee8,68bb1bfaf209a8b6c3314be7,FL1264,Air India,2025-09-02 17:00:00,2025-09-02 17:10:00,G10,10,Dubai,Los Angeles,68bb1e4af209a8b6c3315080,68bdeee46d2564f9a09da80e,,,,,,,,,,,,,,,BAG1441,BAG1441,,,,,,,,,,,,,,,PAX1006,PAX1006,,,,,,,,,,,,,,,FL1264,FL1264,,,,,,,,,,,,,,,Not Loaded,Not Loaded,,,,,,,,,,,,,,,2025-09-08 02:15:24,68bb1c74f209a8b6c3314cd9,68bb1c9bf209a8b6c3314d26,68bdee8a6d2564f9a09da2f5,68bdee9b6d2564f9a09da3e2,,,,,PAX1006,PAX1083,PAX1006,PAX1083,,,,,FL1264,FL1264,FL1264,FL1264,,,,,2025-09-02 16:21:00,2025-09-02 15:11:00,2025-09-02 16:21:00,2025-09-02 15:11:00,,,,,true,true,true,true,,,,,G10,G10,G10,G10,,,,
68bdee8b245a927ffb268ee9,68bb1b79f209a8b6c3314ae5,FL1006,Qatar Airways,2025-08-28 08:00:00,2025-08-28 08:40:00,G19,40,Dubai,Cape Town,,,,,,,,,,,,,,,,,,,,,,,,,,,,,,,,,,,,,,,,,,,,,,,,,,,,,,,,,,,,,,,,,,,,,,,,,,,,,,,,,2025-09-08 02:14:30,68bb1ccaf209a8b6c3314d84,68bdeeae6d2564f9a09da501,,,,,,,PAX1177,PAX1177,,,,,,,FL1006,FL1006,,,,,,,2025-08-28 05:48:00,2025-08-28 05:48:00,,,,,,,true,true,,,,,,,G19,G19,,,,,,
68bdee8b245a927ffb268eea,68bb1bfdf209a8b6c3314bec,FL1269,Lufthansa,2025-09-02 19:30:00,2025-09-02 19:50:00,G6,20,Dubai,Hong Kong,68bb1d6ff209a8b6c3314ecd,68bdee8b6d2564f9a09da2f8,,,,,,,,,,,,,,,BAG1006,BAG1006,,,,,,,,,,,,,,,PAX1071,PAX1071,,,,,,,,,,,,,,,FL1269,FL1269,,,,,,,,,,,,,,,Loaded,Loaded,,,,,,,,,,,,,,,2025-09-08 02:14:49,68bb1c95f209a8b6c3314d1a,68bdee986d2564f9a09da3bf,,,,,,,PAX1071,PAX1071,,,,,,,FL1269,FL1269,,,,,,,2025-09-02 17:11:00,2025-09-02 17:11:00,,,,,,,true,true,,,,,,,G6,G6,,,,,,
68bdee8b245a927ffb268eeb,68bb1c33f209a8b6c3314c57,FL1376,British Airways,2025-09-05 01:00:00,2025-09-05 01:25:00,G4,25,Dubai,Mumbai,68bb1dd3f209a8b6c3314f93,68bb1e4ff209a8b6c331508a,68bdeeb26d2564f9a09da53b,68bdeee66d2564f9a09da82d,,,,,,,,,,,,,BAG1204,BAG1451,BAG1204,BAG1451,,,,,,,,,,,,,PAX1007,PAX1025,PAX1007,PAX1025,,,,,,,,,,,,,FL1376,FL1376,FL1376,FL1376,,,,,,,,,,,,,Missing,Not Loaded,Missing,Not Loaded,,,,,,,,,,,,,2025-09-08 02:15:26,68bb1c75f209a8b6c3314cda,68bb1c7ef209a8b6c3314cec,68bdee8b6d2564f9a09da2f9,68bdee8e6d2564f9a09da331,,,,,PAX1007,PAX1025,PAX1007,PAX1025,,,,,FL1376,FL1376,FL1376,FL1376,,,,,2025-09-04 22:49:00,2025-09-04 23:22:00,2025-09-04 22:49:00,2025-09-04 23:22:00,,,,,true,true,true,true,,,,,G4,G4,G4,G4,,,,
68bdee8b245a927ffb268eec,68bb1b79f209a8b6c3314ae6,FL1007,Etihad,2025-08-28 08:30:00,2025-08-28 09:10:00,G6,40,Dubai,New York,68bb1e17f209a8b6c331501b,68bdeecf6d2564f9a09da6d8,,,,,,,,,,,,,,,BAG1340,BAG1340,,,,,,,,,,,,,,,PAX1304,PAX1304,,,,,,,,,,,,,,,FL1007,FL1007,,,,,,,,,,,,,,,Loaded,Loaded,,,,,,,,,,,,,,,2025-09-08 02:15:03,68bb1d0af209a8b6c3314e03,68bdeec86d2564f9a09da67b,,,,,,,PAX1304,PAX1304,,,,,,,FL1007,FL1007,,,,,,,2025-08-28 05:53:00,2025-08-28 05:53:00,,,,,,,false,false,,,,,,,G6,G6,,,,,,
68bdee8b245a927ffb268eed,68bb1c33f209a8b6c3314c58,FL1377,British Airways,2025-09-05 01:30:00,2025-09-05 01:30:00,G14,0,Dubai,Doha,68bb1d70f209a8b6c3314ece,68bb1df8f209a8b6c3314fdd,68bb1e0af209a8b6c3315001,68bdee8b6d2564f9a09da2fb,68bdeec16d2564f9a09da618,68bdeec96d2564f9a09da689,,,,,,,,,,,BAG1007,BAG1278,BAG1314,BAG1007,BAG1278,BAG1314,,,,,,,,,,,PAX1237,PAX1237,PAX1237,PAX1237,PAX1237,PAX1237,,,,,,,,,,,FL1377,FL1377,FL1377,FL1377,FL1377,FL1377,,,,,,,,,,,Loaded,Not Loaded,Missing,Loaded,Not Loaded,Missing,,,,,,,,,,,2025-09-08 02:15:11,68bb1ce8f209a8b6c3314dc0,68bdeeba6d2564f9a09da5b1,,,,,,,PAX1237,PAX1237,,,,,,,FL1377,FL1377,,,,,,,2025-09-04 23:29:00,2025-09-04 23:29:00,,,,,,,true,true,,,,,,,G14,G14,,,,,,
68bdee8b245a927ffb268eee,68bb1c5cf209a8b6c3314caa,FL1459,Emirates,2025-09-06 18:30:00,2025-09-06 18:55:00,G13,25,Dubai,Zurich,68bb1e66f209a8b6c33150b9,68bdeef06d2564f9a09da8b9,,,,,,,,,,,,,,,BAG1498,BAG1498,,,,,,,,,,,,,,,PAX1325,PAX1325,,,,,,,,,,,,,,,FL1459,FL1459,,,,,,,,,,,,,,,Not Loaded,Not Loaded,,,,,,,,,,,,,,,2025-09-08 02:15:36,68bb1c75f209a8b6c3314cdb,68bb1d14f209a8b6c3314e18,68bdee8b6d2564f9a09da2fc,68bdeecd6d2564f9a09da6ba,,,,,PAX1008,PAX1325,PAX1008,PAX1325,,,,,FL1459,FL1459,FL1459,FL1459,,,,,2025-09-06 17:55:00,2025-09-06 17:27:00,2025-09-06 17:55:00,2025-09-06 17:27:00,,,,,false,false,false,false,,,,,G13,G13,G13,G13,,,,
68bdee8b245a927ffb268eef,68bb1b7af209a8b6c3314ae7,FL1008,Qatar Airways,2025-08-28 09:00:00,2025-08-28 09:35:00,G1,35,Dubai,Bangkok,,,,,,,,,,,,,,,,,,,,,,,,,,,,,,,,,,,,,,,,,,,,,,,,,,,,,,,,,,,,,,,,,,,,,,,,,,,,,,,,,2025-09-08 02:13:55,,,,,,,,,,,,,,,,,,,,,,,,,,,,,,,,,,,,,,,,,,,,,,,,
68bdee8c245a927ffb268ef0,68bb1c5bf209a8b6c3314ca7,FL1456,Emirates,2025-09-06 17:00:00,2025-09-06 17:30:00,G14,30,Dubai,Chicago,68bb1d70f209a8b6c3314ecf,68bb1db0f209a8b6c3314f4e,68bb1de2f209a8b6c3314fb1,68bdee8b6d2564f9a09da2fe,68bdeea46d2564f9a09da46d,68bdeeb96d2564f9a09da597,,,,,,,,,,,BAG1008,BAG1135,BAG1234,BAG1008,BAG1135,BAG1234,,,,,,,,,,,PAX1374,PAX1374,PAX1196,PAX1374,PAX1374,PAX1196,,,,,,,,,,,FL1456,FL1456,FL1456,FL1456,FL1456,FL1456,,,,,,,,,,,Not Loaded,Not Loaded,Loaded,Not Loaded,Not Loaded,Loaded,,,,,,,,,,,2025-09-08 02:15:27,68bb1cd3f209a8b6c3314d97,68bb1d2df209a8b6c3314e49,68bdeeb26d2564f9a09da539,68bdeed66d2564f9a09da74a,,,,,PAX1196,PAX1374,PAX1196,PAX1374,,,,,FL1456,FL1456,FL1456,FL1456,,,,,2025-09-06 14:02:00,2025-09-06 15:32:00,2025-09-06 14:02:00,2025-09-06 15:32:00,,,,,false,true,false,true,,,,,G14,G14,G14,G14,,,,
68bdee8c245a927ffb268ef1,68bb1b7af209a8b6c3314ae8,FL1009,Turkish Airlines,2025-08-28 09:30:00,2025-08-28 09:40:00,G18,10,Dubai,Frankfurt,,,,,,,,,,,,,,,,,,,,,,,,,,,,,,,,,,,,,,,,,,,,,,,,,,,,,,,,,,,,,,,,,,,,,,,,,,,,,,,,,2025-09-08 02:14:36,68bb1cd8f209a8b6c3314da0,68bdeeb46d2564f9a09da555,,,,,,,PAX1205,PAX1205,,,,,,,FL1009,FL1009,,,,,,,2025-08-28 07:43:00,2025-08-28 07:43:00,,,,,,,true,true,,,,,,,G18,G18,,,,,,
68bdee8c245a927ffb268ef2,68bb1bb6f209a8b6c3314b5e,FL1127,Qatar Airways,2025-08-30 20:30:00,2025-08-30 20:55:00,G13,25,Dubai,Los Angeles,68bb1dc0f209a8b6c3314f6e,68bdeeab6d2564f9a09da4cc,,,,,,,,,,,,,,,BAG1167,BAG1167,,,,,,,,,,,,,,,PAX1009,PAX1009,,,,,,,,,,,,,,,FL1127,FL1127,,,,,,,,,,,,,,,Not Loaded,Not Loaded,,,,,,,,,,,,,,,2025-09-08 02:14:27,68bb1c76f209a8b6c3314cdc,68bdee8b6d2564f9a09da2ff,,,,,,,PAX1009,PAX1009,,,,,,,FL1127,FL1127,,,,,,,2025-08-30 19:07:00,2025-08-30 19:07:00,,,,,,,false,false,,,,,,,G13,G13,,,,,,
68bdee8c245a927ffb268ef3,68bb1c56f209a8b6c3314c9d,FL1446,Lufthansa,2025-09-06 12:00:00,2025-09-06 12:00:00,G15,0,Dubai,Doha,68bb1d71f209a8b6c3314ed0,68bdee8b6d2564f9a09da301,,,,,,,,,,,,,,,BAG1009,BAG1009,,,,,,,,,,,,,,,PAX1096,PAX1096,,,,,,,,,,,,,,,FL1446,FL1446,,,,,,,,,,,,,,,Missing,Missing,,,,,,,,,,,,,,,2025-09-08 02:15:25,68bb1ca1f209a8b6c3314d33,68bdee9d6d2564f9a09da409,,,,,,,PAX1096,PAX1096,,,,,,,FL1446,FL1446,,,,,,,2025-09-06 11:19:00,2025-09-06 11:19:00,,,,,,,true,true,,,,,,,G15,G15,,,,,,
68bdee8c245a927ffb268ef4,68bb1b7bf209a8b6c3314ae9,FL1010,Singapore Airlines,2025-08-28 10:00:00,2025-08-28 10:20:00,G18,20,Dubai,London,68bb1dadf209a8b6c3314f48,68bb1e05f209a8b6c3314ff8,68bb1e47f209a8b6c331507a,68bdeea36d2564f9a09da45b,68bdeec76d2564f9a09da66d,68bdeee36d2564f9a09da7fc,,,,,,,,,,,BAG1129,BAG1305,BAG1435,BAG1129,BAG1305,BAG1435,,,,,,,,,,,PAX1081,PAX1156,PAX1081,PAX1081,PAX1156,PAX1081,,,,,,,,,,,FL1010,FL1010,FL1010,FL1010,FL1010,FL1010,,,,,,,,,,,Not Loaded,Loaded,Missing,Not Loaded,Loaded,Missing,,,,,,,,,,,2025-09-08 02:15:23,68bb1c9af209a8b6c3314d24,68bb1cbff209a8b6c3314d6f,68bdee9a6d2564f9a09da3dc,68bdeeaa6d2564f9a09da4c2,,,,,PAX1081,PAX1156,PAX1081,PAX1156,,,,,FL1010,FL1010,FL1010,FL1010,,,,,2025-08-28 08:44:00,2025-08-28 09:01:00,2025-08-28 08:44:00,2025-08-28 09:01:00,,,,,false,true,false,true,,,,,G18,G18,G18,G18,,,,
68bdee8c245a927ffb268ef5,68bb1c18f209a8b6c3314c22,FL1323,Singapore Airlines,2025-09-03 22:30:00,2025-09-03 23:30:00,G7,60,Dubai,London,68bb1e0bf209a8b6c3315003,68bb1e13f209a8b6c3315013,68bb1e63f209a8b6c33150b3,68bdeeca6d2564f9a09da690,68bdeecd6d2564f9a09da6c0,68bdeeee6d2564f9a09da8a8,,,,,,,,,,,BAG1316,BAG1332,BAG1492,BAG1316,BAG1332,BAG1492,,,,,,,,,,,PAX1169,PAX1010,PAX1423,PAX1169,PAX1010,PAX1423,,,,,,,,,,,FL1323,FL1323,FL1323,FL1323,FL1323,FL1323,,,,,,,,,,,Loaded,Loaded,Missing,Loaded,Loaded,Missing,,,,,,,,,,,2025-09-08 02:15:34,68bb1c76f209a8b6c3314cdd,68bb1cc6f209a8b6c3314d7c,68bb1ce9f209a8b6c3314dc2,68bb1d46f209a8b6c3314e7a,68bdee8b6d2564f9a09da303,68bdeead6d2564f9a09da4e9,68bdeebb6d2564f9a09da5b7,68bdeee06d2564f9a09da7da,PAX1010,PAX1169,PAX1239,PAX1423,PAX1010,PAX1169,PAX1239,PAX1423,FL1323,FL1323,FL1323,FL1323,FL1323,FL1323,FL1323,FL1323,2025-09-03 20:11:00,2025-09-03 21:56:00,2025-09-03 21:39:00,2025-09-03 21:09:00,2025-09-03 20:11:00,2025-09-03 21:56:00,2025-09-03 21:39:00,2025-09-03 21:09:00,false,false,true,true,false,false,true,true,G7,G7,G7,G7,G7,G7,G7,G7
68bdee8c245a927ffb268ef6,68bb1b86f209a8b6c3314b00,FL1033,Air India,2025-08-28 21:30:00,2025-08-28 21:55:00,G19,25,Dubai,Singapore,68bb1d71f209a8b6c3314ed1,68bb1db5f209a8b6c3314f57,68bdee8b6d2564f9a09da304,68bdeea66d2564f9a09da487,,,,,,,,,,,,,BAG1010,BAG1144,BAG1010,BAG1144,,,,,,,,,,,,,PAX1376,PAX1376,PAX1376,PAX1376,,,,,,,,,,,,,FL1033,FL1033,FL1033,FL1033,,,,,,,,,,,,,Loaded,Not Loaded,Loaded,Not Loaded,,,,,,,,,,,,,2025-09-08 02:15:11,68bb1d2ef209a8b6c3314e4b,68bdeed76d2564f9a09da750,,,,,,,PAX1376,PAX1376,,,,,,,FL1033,FL1033,,,,,,,2025-08-28 18:54:00,2025-08-28 18:54:00,,,,,,,true,true,,,,,,,G19,G19,,,,,,
68bdee8c245a927ffb268ef7,68bb1b7bf209a8b6c3314aea,FL1011,Emirates,2025-08-28 10:30:00,2025-08-28 11:10:00,G8,40,Dubai,Singapore,,,,,,,,,,,,,,,,,,,,,,,,,,,,,,,,,,,,,,,,,,,,,,,,,,,,,,,,,,,,,,,,,,,,,,,,,,,,,,,,,2025-09-08 02:14:56,68bb1d08f209a8b6c3314e00,68bdeec86d2564f9a09da672,,,,,,,PAX1301,PAX1301,,,,,,,FL1011,FL1011,,,,,,,2025-08-28 09:09:00,2025-08-28 09:09:00,,,,,,,true,true,,,,,,,G8,G8,,,,,,
68bdee8c245a927ffb268ef8,68bb1c5ef209a8b6c3314cad,FL1462,British Airways,2025-09-06 20:00:00,2025-09-06 20:20:00,G2,20,Dubai,Hong Kong,,,,,,,,,,,,,,,,,,,,,,,,,,,,,,,,,,,,,,,,,,,,,,,,,,,,,,,,,,,,,,,,,,,,,,,,,,,,,,,,,2025-09-08 02:15:29,68bb1c77f209a8b6c3314cde,68bdee8c6d2564f9a09da306,,,,,,,PAX1011,PAX1011,,,,,,,FL1462,FL1462,,,,,,,2025-09-06 17:55:00,2025-09-06 17:55:00,,,,,,,true,true,,,,,,,G2,G2,,,,,,
68bdee8c245a927ffb268ef9,68bb1c4ff209a8b6c3314c8f,FL1432,Qatar Airways,2025-09-06 05:00:00,2025-09-06 05:20:00,G8,20,Dubai,Mumbai,68bb1d72f209a8b6c3314ed2,68bb1d80f209a8b6c3314eee,68bb1e15f209a8b6c3315018,68bb1e16f209a8b6c331501a,68bb1e3ff209a8b6c331506a,68bb1e52f209a8b6c3315091,68bb1e5bf209a8b6c33150a2,68bb1e5cf209a8b6c33150a5,68bdee8c6d2564f9a09da307,68bdee916d2564f9a09da356,68bdeece6d2564f9a09da6cf,68bdeece6d2564f9a09da6d5,68bdeedf6d2564f9a09da7cb,68bdeee76d2564f9a09da843,68bdeeeb6d2564f9a09da875,68bdeeeb6d2564f9a09da87e,BAG1011,BAG1039,BAG1337,BAG1339,BAG1419,BAG1458,BAG1475,BAG1478,BAG1011,BAG1039,BAG1337,BAG1339,BAG1419,BAG1458,BAG1475,BAG1478,PAX1191,PAX1102,PAX1375,PAX1375,PAX1191,PAX1102,PAX1102,PAX1102,PAX1191,PAX1102,PAX1375,PAX1375,PAX1191,PAX1102,PAX1102,PAX1102,FL1432,FL1432,FL1432,FL1432,FL1432,FL1432,FL1432,FL1432,FL1432,FL1432,FL1432,FL1432,FL1432,FL1432,FL1432,FL1432,Missing,Loaded,Missing,Not Loaded,Missing,Missing,Missing,Loaded,Missing,Loaded,Missing,Not Loaded,Missing,Missing,Missing,Loaded,2025-09-08 02:15:32,68bb1ca4f209a8b6c3314d39,68bb1cd1f209a8b6c3314d92,68bb1d2df209a8b6c3314e4a,68bdee9f6d2564f9a09da41d,68bdeeb16d2564f9a09da529,68bdeed76d2564f9a09da74d,,,PAX1102,PAX1191,PAX1375,PAX1102,PAX1191,PAX1375,,,FL1432,FL1432,FL1432,FL1432,FL1432,FL1432,,,2025-09-06 04:28:00,2025-09-06 02:14:00,2025-09-06 02:01:00,2025-09-06 04:28:00,2025-09-06 02:14:00,2025-09-06 02:01:00,,,false,false,false,false,false,false,,,G8,G8,G8,G8,G8,G8,,
68bdee8c245a927ffb268efa,68bb1b7cf209a8b6c3314aeb,FL1012,Etihad,2025-08-28 11:00:00,2025-08-28 11:25:00,G12,25,Dubai,Frankfurt,,,,,,,,,,,,,,,,,,,,,,,,,,,,,,,,,,,,,,,,,,,,,,,,,,,,,,,,,,,,,,,,,,,,,,,,,,,,,,,,,2025-09-08 02:13:56,,,,,,,,,,,,,,,,,,,,,,,,,,,,,,,,,,,,,,,,,,,,,,,,
68bdee8c245a927ffb268efb,68bb1bb7f209a8b6c3314b60,FL1129,Air India,2025-08-30 21:30:00,2025-08-30 22:30:00,G5,60,Dubai,Singapore,68bb1e41f209a8b6c331506e,68bdeee06d2564f9a09da7d6,,,,,,,,,,,,,,,BAG1423,BAG1423,,,,,,,,,,,,,,,PAX1012,PAX1012,,,,,,,,,,,,,,,FL1129,FL1129,,,,,,,,,,,,,,,Loaded,Loaded,,,,,,,,,,,,,,,2025-09-08 02:15:20,68bb1c77f209a8b6c3314cdf,68bdee8c6d2564f9a09da309,,,,,,,PAX1012,PAX1012,,,,,,,FL1129,FL1129,,,,,,,2025-08-30 20:25:00,2025-08-30 20:25:00,,,,,,,true,true,,,,,,,G5,G5,,,,,,
68bdee8c245a927ffb268efc,68bb1bd5f209a8b6c3314b9c,FL1189,Air India,2025-09-01 03:30:00,2025-09-01 04:00:00,G12,30,Dubai,Amsterdam,68bb1d72f209a8b6c3314ed3,68bb1daff209a8b6c3314f4b,68bb1de3f209a8b6c3314fb3,68bb1e2bf209a8b6c3315043,68bdee8c6d2564f9a09da30a,68bdeea36d2564f9a09da464,68bdeeb96d2564f9a09da59d,68bdeed76d2564f9a09da752,,,,,,,,,BAG1012,BAG1132,BAG1236,BAG1380,BAG1012,BAG1132,BAG1236,BAG1380,,,,,,,,,PAX1230,PAX1230,PAX1230,PAX1471,PAX1230,PAX1230,PAX1230,PAX1471,,,,,,,,,FL1189,FL1189,FL1189,FL1189,FL1189,FL1189,FL1189,FL1189,,,,,,,,,Loaded,Not Loaded,Not Loaded,Not Loaded,Loaded,Not Loaded,Not Loaded,Not Loaded,,,,,,,,,2025-09-08 02:15:30,68bb1ce5f209a8b6c3314db9,68bb1d5ef209a8b6c3314eaa,68bdeeb96d2564f9a09da59e,68bdeeea6d2564f9a09da86a,,,,,PAX1230,PAX1471,PAX1230,PAX1471,,,,,FL1189,FL1189,FL1189,FL1189,,,,,2025-09-01 00:54:00,2025-09-01 01:37:00,2025-09-01 00:54:00,2025-09-01 01:37:00,,,,,true,false,true,false,,,,,G12,G12,G12,G12,,,,
68bdee8c245a927ffb268efd,68bb1b7cf209a8b6c3314aec,FL1013,Lufthansa,2025-08-28 11:30:00,2025-08-28 11:40:00,G2,10,Dubai,Amsterdam,,,,,,,,,,,,,,,,,,,,,,,,,,,,,,,,,,,,,,,,,,,,,,,,,,,,,,,,,,,,,,,,,,,,,,,,,,,,,,,,,2025-09-08 02:13:56,,,,,,,,,,,,,,,,,,,,,,,,,,,,,,,,,,,,,,,,,,,,,,,,
68bdee8c245a927ffb268efe,68bb1bcdf209a8b6c3314b8d,FL1174,Turkish Airlines,2025-08-31 20:00:00,2025-08-31 20:20:00,G2,20,Dubai,New York,68bb1e36f209a8b6c3315058,68bb1e37f209a8b6c331505a,68bdeedb6d2564f9a09da794,68bdeedc6d2564f9a09da79a,,,,,,,,,,,,,BAG1401,BAG1403,BAG1401,BAG1403,,,,,,,,,,,,,PAX1198,PAX1370,PAX1198,PAX1370,,,,,,,,,,,,,FL1174,FL1174,FL1174,FL1174,,,,,,,,,,,,,Loaded,Missing,Loaded,Missing,,,,,,,,,,,,,2025-09-08 02:15:27,68bb1c78f209a8b6c3314ce0,68bb1cd4f209a8b6c3314d99,68bb1d2bf209a8b6c3314e45,68bb1d55f209a8b6c3314e98,68bdee8c6d2564f9a09da30c,68bdeeb36d2564f9a09da53f,68bdeed66d2564f9a09da73e,68bdeee66d2564f9a09da834,PAX1013,PAX1198,PAX1370,PAX1453,PAX1013,PAX1198,PAX1370,PAX1453,FL1174,FL1174,FL1174,FL1174,FL1174,FL1174,FL1174,FL1174,2025-08-31 19:24:00,2025-08-31 18:48:00,2025-08-31 19:30:00,2025-08-31 19:14:00,2025-08-31 19:24:00,2025-08-31 18:48:00,2025-08-31 19:30:00,2025-08-31 19:14:00,false,false,false,true,false,false,false,true,G2,G2,G2,G2,G2,G2,G2,G2
68bdee8d245a927ffb268eff,68bb1bdff209a8b6c3314bb1,FL1210,Singapore Airlines,2025-09-01 14:00:00,2025-09-01 14:00:00,G12,0,Dubai,Paris,68bb1d73f209a8b6c3314ed4,68bb1d8ef209a8b6c3314f0a,68bb1dc4f209a8b6c3314f76,68bdee8c6d2564f9a09da30d,68bdee966d2564f9a09da3a3,68bdeeac6d2564f9a09da4e5,,,,,,,,,,,BAG1013,BAG1067,BAG1175,BAG1013,BAG1067,BAG1175,,,,,,,,,,,PAX1144,PAX1315,PAX1498,PAX1144,PAX1315,PAX1498,,,,,,,,,,,FL1210,FL1210,FL1210,FL1210,FL1210,FL1210,,,,,,,,,,,Not Loaded,Loaded,Loaded,Not Loaded,Loaded,Loaded,,,,,,,,,,,2025-09-08 02:15:36,68bb1cb9f209a8b6c3314d63,68bb1d0ff209a8b6c3314e0e,68bb1d6bf209a8b6c3314ec5,68bdeea76d2564f9a09da49d,68bdeeca6d2564f9a09da69b,68bdeef06d2564f9a09da8bb,,,PAX1144,PAX1315,PAX1498,PAX1144,PAX1315,PAX1498,,,FL1210,FL1210,FL1210,FL1210,FL1210,FL1210,,,2025-09-01 11:37:00,2025-09-01 12:49:00,2025-09-01 12:16:00,2025-09-01 11:37:00,2025-09-01 12:49:00,2025-09-01 12:16:00,,,false,true,true,false,true,true,,,G12,G12,G12,G12,G12,G12,,
68bdee8d245a927ffb268f00,68bb1b7df209a8b6c3314aed,FL1014,Qatar Airways,2025-08-28 12:00:00,2025-08-28 12:00:00,G9,0,Dubai,Toronto,,,,,,,,,,,,,,,,,,,,,,,,,,,,,,,,,,,,,,,,,,,,,,,,,,,,,,,,,,,,,,,,,,,,,,,,,,,,,,,,,2025-09-08 02:13:56,,,,,,,,,,,,,,,,,,,,,,,,,,,,,,,,,,,,,,,,,,,,,,,,
68bdee8d245a927ffb268f01,68bb1c45f209a8b6c3314c7c,FL1413,Air India,2025-09-05 19:30:00,2025-09-05 19:30:00,G13,0,Dubai,New York,,,,,,,,,,,,,,,,,,,,,,,,,,,,,,,,,,,,,,,,,,,,,,,,,,,,,,,,,,,,,,,,,,,,,,,,,,,,,,,,,2025-09-08 02:15:19,68bb1c78f209a8b6c3314ce1,68bdee8c6d2564f9a09da30f,,,,,,,PAX1014,PAX1014,,,,,,,FL1413,FL1413,,,,,,,2025-09-05 18:31:00,2025-09-05 18:31:00,,,,,,,true,true,,,,,,,G13,G13,,,,,,
68bdee8d245a927ffb268f02,68bb1badf209a8b6c3314b4d,FL1110,British Airways,2025-08-30 12:00:00,2025-08-30 12:40:00,G1,40,Dubai,New York,68bb1d73f209a8b6c3314ed5,68bb1da3f209a8b6c3314f33,68bb1da7f209a8b6c3314f3b,68bb1df1f209a8b6c3314fd0,68bb1e43f209a8b6c3315072,68bb1e65f209a8b6c33150b6,68bdee8c6d2564f9a09da310,68bdee9f6d2564f9a09da41e,68bdeea06d2564f9a09da436,68bdeebf6d2564f9a09da5f4,68bdeee16d2564f9a09da7e3,68bdeeef6d2564f9a09da8b0,,,,,BAG1014,BAG1108,BAG1116,BAG1265,BAG1427,BAG1495,BAG1014,BAG1108,BAG1116,BAG1265,BAG1427,BAG1495,,,,,PAX1262,PAX1055,PAX1055,PAX1055,PAX1055,PAX1262,PAX1262,PAX1055,PAX1055,PAX1055,PAX1055,PAX1262,,,,,FL1110,FL1110,FL1110,FL1110,FL1110,FL1110,FL1110,FL1110,FL1110,FL1110,FL1110,FL1110,,,,,Loaded,Missing,Missing,Not Loaded,Missing,Not Loaded,Loaded,Missing,Missing,Not Loaded,Missing,Not Loaded,,,,,2025-09-08 02:15:35,68bb1c8df209a8b6c3314d0a,68bb1cc3f209a8b6c3314d77,68bb1cf5f209a8b6c3314dd9,68bdee956d2564f9a09da38e,68bdeeac6d2564f9a09da4da,68bdeec06d2564f9a09da5fd,,,PAX1055,PAX1164,PAX1262,PAX1055,PAX1164,PAX1262,,,FL1110,FL1110,FL1110,FL1110,FL1110,FL1110,,,2025-08-30 09:11:00,2025-08-30 09:30:00,2025-08-30 10:00:00,2025-08-30 09:11:00,2025-08-30 09:30:00,2025-08-30 10:00:00,,,false,true,true,false,true,true,,,G1,G1,G1,G1,G1,G1,,
68bdee8d245a927ffb268f03,68bb1b7df209a8b6c3314aee,FL1015,British Airways,2025-08-28 12:30:00,2025-08-28 12:50:00,G15,20,Dubai,Los Angeles,,,,,,,,,,,,,,,,,,,,,,,,,,,,,,,,,,,,,,,,,,,,,,,,,,,,,,,,,,,,,,,,,,,,,,,,,,,,,,,,,2025-09-08 02:13:56,,,,,,,,,,,,,,,,,,,,,,,,,,,,,,,,,,,,,,,,,,,,,,,,
68bdee8d245a927ffb268f04,68bb1c19f209a8b6c3314c24,FL1325,Turkish Airlines,2025-09-03 23:30:00,2025-09-03 23:30:00,G20,0,Dubai,Bangkok,68bb1d83f209a8b6c3314ef5,68bb1db1f209a8b6c3314f50,68bb1dc1f209a8b6c3314f6f,68bdee926d2564f9a09da36a,68bdeea46d2564f9a09da472,68bdeeab6d2564f9a09da4cf,,,,,,,,,,,BAG1046,BAG1137,BAG1168,BAG1046,BAG1137,BAG1168,,,,,,,,,,,PAX1118,PAX1015,PAX1118,PAX1118,PAX1015,PAX1118,,,,,,,,,,,FL1325,FL1325,FL1325,FL1325,FL1325,FL1325,,,,,,,,,,,Missing,Not Loaded,Missing,Missing,Not Loaded,Missing,,,,,,,,,,,2025-09-08 02:15:25,68bb1c79f209a8b6c3314ce2,68bb1cacf209a8b6c3314d49,68bb1d51f209a8b6c3314e91,68bdee8c6d2564f9a09da312,68bdeea26d2564f9a09da44e,68bdeee56d2564f9a09da81f,,,PAX1015,PAX1118,PAX1446,PAX1015,PAX1118,PAX1446,,,FL1325,FL1325,FL1325,FL1325,FL1325,FL1325,,,2025-09-03 21:18:00,2025-09-03 22:41:00,2025-09-03 22:24:00,2025-09-03 21:18:00,2025-09-03 22:41:00,2025-09-03 22:24:00,,,true,true,true,true,true,true,,,G20,G20,G20,G20,G20,G20,,
68bdee8d245a927ffb268f05,68bb1c62f209a8b6c3314cb6,FL1471,Qatar Airways,2025-09-07 00:30:00,2025-09-07 00:50:00,G13,20,Dubai,Delhi,68bb1d74f209a8b6c3314ed6,68bb1dbcf209a8b6c3314f65,68bb1dd5f209a8b6c3314f98,68bb1e58f209a8b6c331509c,68bdee8c6d2564f9a09da313,68bdeea96d2564f9a09da4b1,68bdeeb36d2564f9a09da54a,68bdeeea6d2564f9a09da862,,,,,,,,,BAG1015,BAG1158,BAG1209,BAG1469,BAG1015,BAG1158,BAG1209,BAG1469,,,,,,,,,PAX1242,PAX1316,PAX1433,PAX1242,PAX1242,PAX1316,PAX1433,PAX1242,,,,,,,,,FL1471,FL1471,FL1471,FL1471,FL1471,FL1471,FL1471,FL1471,,,,,,,,,Missing,Loaded,Loaded,Missing,Missing,Loaded,Loaded,Missing,,,,,,,,,2025-09-08 02:15:30,68bb1cebf209a8b6c3314dc5,68bb1d10f209a8b6c3314e0f,68bb1d4af209a8b6c3314e83,68bb1d4bf209a8b6c3314e84,68bdeebb6d2564f9a09da5c0,68bdeecb6d2564f9a09da69e,68bdeee26d2564f9a09da7f4,68bdeee26d2564f9a09da7f7,PAX1242,PAX1316,PAX1432,PAX1433,PAX1242,PAX1316,PAX1432,PAX1433,FL1471,FL1471,FL1471,FL1471,FL1471,FL1471,FL1471,FL1471,2025-09-06 22:26:00,2025-09-06 22:39:00,2025-09-06 22:34:00,2025-09-06 23:31:00,2025-09-06 22:26:00,2025-09-06 22:39:00,2025-09-06 22:34:00,2025-09-06 23:31:00,false,false,false,true,false,false,false,true,G13,G13,G13,G13,G13,G13,G13,G13
68bdee8d245a927ffb268f06,68bb1b7ef209a8b6c3314aef,FL1016,Turkish Airlines,2025-08-28 13:00:00,2025-08-28 13:40:00,G19,40,Dubai,Istanbul,,,,,,,,,,,,,,,,,,,,,,,,,,,,,,,,,,,,,,,,,,,,,,,,,,,,,,,,,,,,,,,,,,,,,,,,,,,,,,,,,2025-09-08 02:13:57,,,,,,,,,,,,,,,,,,,,,,,,,,,,,,,,,,,,,,,,,,,,,,,,
68bdee8d245a927ffb268f07,68bb1bb9f209a8b6c3314b65,FL1134,Turkish Airlines,2025-08-31 00:00:00,2025-08-31 01:00:00,G11,60,Dubai,Delhi,,,,,,,,,,,,,,,,,,,,,,,,,,,,,,,,,,,,,,,,,,,,,,,,,,,,,,,,,,,,,,,,,,,,,,,,,,,,,,,,,2025-09-08 02:14:21,68bb1c79f209a8b6c3314ce3,68bdee8d6d2564f9a09da315,,,,,,,PAX1016,PAX1016,,,,,,,FL1134,FL1134,,,,,,,2025-08-30 23:13:00,2025-08-30 23:13:00,,,,,,,true,true,,,,,,,G11,G11,,,,,,
68bdee8d245a927ffb268f08,68bb1bc2f209a8b6c3314b77,FL1152,Singapore Airlines,2025-08-31 09:00:00,2025-08-31 09:20:00,G8,20,Dubai,Frankfurt,68bb1d74f209a8b6c3314ed7,68bdee8d6d2564f9a09da316,,,,,,,,,,,,,,,BAG1016,BAG1016,,,,,,,,,,,,,,,PAX1464,PAX1464,,,,,,,,,,,,,,,FL1152,FL1152,,,,,,,,,,,,,,,Missing,Missing,,,,,,,,,,,,,,,2025-09-08 02:15:29,68bb1d5af209a8b6c3314ea3,68bdeee96d2564f9a09da853,,,,,,,PAX1464,PAX1464,,,,,,,FL1152,FL1152,,,,,,,2025-08-31 06:46:00,2025-08-31 06:46:00,,,,,,,true,true,,,,,,,G8,G8,,,,,,
68bdee8d245a927ffb268f09,68bb1b7ef209a8b6c3314af0,FL1017,Emirates,2025-08-28 13:30:00,2025-08-28 14:30:00,G9,60,Dubai,Istanbul,68bb1dfcf209a8b6c3314fe5,68bb1e67f209a8b6c33150ba,68bdeec36d2564f9a09da631,68bdeef06d2564f9a09da8bd,,,,,,,,,,,,,BAG1286,BAG1499,BAG1286,BAG1499,,,,,,,,,,,,,PAX1117,PAX1117,PAX1117,PAX1117,,,,,,,,,,,,,FL1017,FL1017,FL1017,FL1017,,,,,,,,,,,,,Not Loaded,Not Loaded,Not Loaded,Not Loaded,,,,,,,,,,,,,2025-09-08 02:15:36,68bb1cacf209a8b6c3314d48,68bdeea26d2564f9a09da44b,,,,,,,PAX1117,PAX1117,,,,,,,FL1017,FL1017,,,,,,,2025-08-28 11:53:00,2025-08-28 11:53:00,,,,,,,true,true,,,,,,,G9,G9,,,,,,
68bdee8d245a927ffb268f0a,68bb1c0ef209a8b6c3314c0f,FL1304,Qatar Airways,2025-09-03 13:00:00,2025-09-03 13:00:00,G17,0,Dubai,Amsterdam,68bb1db2f209a8b6c3314f51,68bb1e06f209a8b6c3314ffa,68bdeea56d2564f9a09da474,68bdeec86d2564f9a09da673,,,,,,,,,,,,,BAG1138,BAG1307,BAG1138,BAG1307,,,,,,,,,,,,,PAX1017,PAX1300,PAX1017,PAX1300,,,,,,,,,,,,,FL1304,FL1304,FL1304,FL1304,,,,,,,,,,,,,Not Loaded,Not Loaded,Not Loaded,Not Loaded,,,,,,,,,,,,,2025-09-08 02:14:56,68bb1c7af209a8b6c3314ce4,68bb1c86f209a8b6c3314cfd,68bb1d08f209a8b6c3314dff,68bdee8d6d2564f9a09da318,68bdee926d2564f9a09da366,68bdeec76d2564f9a09da66f,,,PAX1017,PAX1042,PAX1300,PAX1017,PAX1042,PAX1300,,,FL1304,FL1304,FL1304,FL1304,FL1304,FL1304,,,2025-09-03 11:44:00,2025-09-03 11:22:00,2025-09-03 10:16:00,2025-09-03 11:44:00,2025-09-03 11:22:00,2025-09-03 10:16:00,,,false,true,false,false,true,false,,,G17,G17,G17,G17,G17,G17,,
68bdee8d245a927ffb268f0b,68bb1b85f209a8b6c3314afe,FL1031,Lufthansa,2025-08-28 20:30:00,2025-08-28 20:50:00,G9,20,Dubai,Amsterdam,68bb1d75f209a8b6c3314ed8,68bb1dcef209a8b6c3314f8a,68bdee8d6d2564f9a09da319,68bdeeb06d2564f9a09da521,,,,,,,,,,,,,BAG1017,BAG1195,BAG1017,BAG1195,,,,,,,,,,,,,PAX1326,PAX1326,PAX1326,PAX1326,,,,,,,,,,,,,FL1031,FL1031,FL1031,FL1031,,,,,,,,,,,,,Loaded,Missing,Loaded,Missing,,,,,,,,,,,,,2025-09-08 02:15:01,68bb1ce1f209a8b6c3314db1,68bb1d15f209a8b6c3314e19,68bdeeb86d2564f9a09da588,68bdeecd6d2564f9a09da6bc,,,,,PAX1222,PAX1326,PAX1222,PAX1326,,,,,FL1031,FL1031,FL1031,FL1031,,,,,2025-08-28 19:35:00,2025-08-28 18:58:00,2025-08-28 19:35:00,2025-08-28 18:58:00,,,,,true,true,true,true,,,,,G9,G9,G9,G9,,,,
68bdee8d245a927ffb268f0c,68bb1c34f209a8b6c3314c59,FL1378,Qatar Airways,2025-09-05 02:00:00,2025-09-05 02:15:00,G2,15,Dubai,Hong Kong,68bb1dc7f209a8b6c3314f7b,68bdeead6d2564f9a09da4f3,,,,,,,,,,,,,,,BAG1180,BAG1180,,,,,,,,,,,,,,,PAX1416,PAX1416,,,,,,,,,,,,,,,FL1378,FL1378,,,,,,,,,,,,,,,Not Loaded,Not Loaded,,,,,,,,,,,,,,,2025-09-08 02:15:19,68bb1c7af209a8b6c3314ce5,68bb1d35f209a8b6c3314e5a,68bb1d42f209a8b6c3314e73,68bdee8d6d2564f9a09da31b,68bdeeda6d2564f9a09da77c,68bdeedf6d2564f9a09da7c4,,,PAX1018,PAX1391,PAX1416,PAX1018,PAX1391,PAX1416,,,FL1378,FL1378,FL1378,FL1378,FL1378,FL1378,,,2025-09-04 23:27:00,2025-09-04 23:23:00,2025-09-05 00:59:00,2025-09-04 23:27:00,2025-09-04 23:23:00,2025-09-05 00:59:00,,,true,false,true,true,false,true,,,G2,G2,G2,G2,G2,G2,,
68bdee8e245a927ffb268f0d,68bb1b7ff209a8b6c3314af2,FL1019,Air India,2025-08-28 14:30:00,2025-08-28 14:45:00,G12,15,Dubai,Delhi,,,,,,,,,,,,,,,,,,,,,,,,,,,,,,,,,,,,,,,,,,,,,,,,,,,,,,,,,,,,,,,,,,,,,,,,,,,,,,,,,2025-09-08 02:13:57,,,,,,,,,,,,,,,,,,,,,,,,,,,,,,,,,,,,,,,,,,,,,,,,
68bdee8e245a927ffb268f0e,68bb1bd6f209a8b6c3314b9e,FL1191,Qatar Airways,2025-09-01 04:30:00,2025-09-01 05:00:00,G14,30,Dubai,Rome,68bb1d76f209a8b6c3314eda,68bb1d7df209a8b6c3314ee9,68bb1dfff209a8b6c3314fec,68bb1e02f209a8b6c3314ff2,68bdee8d6d2564f9a09da31e,68bdee906d2564f9a09da348,68bdeec56d2564f9a09da647,68bdeec66d2564f9a09da65a,,,,,,,,,BAG1019,BAG1034,BAG1293,BAG1299,BAG1019,BAG1034,BAG1293,BAG1299,,,,,,,,,PAX1351,PAX1227,PAX1227,PAX1227,PAX1351,PAX1227,PAX1227,PAX1227,,,,,,,,,FL1191,FL1191,FL1191,FL1191,FL1191,FL1191,FL1191,FL1191,,,,,,,,,Missing,Loaded,Not Loaded,Loaded,Missing,Loaded,Not Loaded,Loaded,,,,,,,,,2025-09-08 02:15:06,68bb1ce3f209a8b6c3314db6,68bb1d21f209a8b6c3314e32,68bdeeb86d2564f9a09da595,68bdeed26d2564f9a09da706,,,,,PAX1227,PAX1351,PAX1227,PAX1351,,,,,FL1191,FL1191,FL1191,FL1191,,,,,2025-09-01 03:18:00,2025-09-01 03:39:00,2025-09-01 03:18:00,2025-09-01 03:39:00,,,,,true,true,true,true,,,,,G14,G14,G14,G14,,,,
68bdee8e245a927ffb268f0f,68bb1c02f209a8b6c3314bf6,FL1279,Qatar Airways,2025-09-03 00:30:00,2025-09-03 01:10:00,G7,40,Dubai,Rome,68bb1dbef209a8b6c3314f6a,68bb1e60f209a8b6c33150ac,68bdeeaa6d2564f9a09da4c0,68bdeeed6d2564f9a09da893,,,,,,,,,,,,,BAG1163,BAG1485,BAG1163,BAG1485,,,,,,,,,,,,,PAX1273,PAX1273,PAX1273,PAX1273,,,,,,,,,,,,,FL1279,FL1279,FL1279,FL1279,,,,,,,,,,,,,Loaded,Missing,Loaded,Missing,,,,,,,,,,,,,2025-09-08 02:15:33,68bb1c7bf209a8b6c3314ce6,68bb1cfaf209a8b6c3314de4,68bdee8d6d2564f9a09da31f,68bdeec26d2564f9a09da620,,,,,PAX1019,PAX1273,PAX1019,PAX1273,,,,,FL1279,FL1279,FL1279,FL1279,,,,,2025-09-02 23:10:00,2025-09-02 21:48:00,2025-09-02 23:10:00,2025-09-02 21:48:00,,,,,false,true,false,true,,,,,G7,G7,G7,G7,,,,
68bdee8e245a927ffb268f10,68bb1b80f209a8b6c3314af3,FL1020,Air India,2025-08-28 15:00:00,2025-08-28 15:40:00,G8,40,Dubai,Hong Kong,,,,,,,,,,,,,,,,,,,,,,,,,,,,,,,,,,,,,,,,,,,,,,,,,,,,,,,,,,,,,,,,,,,,,,,,,,,,,,,,,2025-09-08 02:13:58,,,,,,,,,,,,,,,,,,,,,,,,,,,,,,,,,,,,,,,,,,,,,,,,
68bdee8e245a927ffb268f11,68bb1c56f209a8b6c3314c9e,FL1447,Singapore Airlines,2025-09-06 12:30:00,2025-09-06 13:05:00,G15,35,Dubai,Paris,68bb1d76f209a8b6c3314edb,68bb1d7af209a8b6c3314ee3,68bb1dc7f209a8b6c3314f7c,68bb1dd1f209a8b6c3314f90,68bb1decf209a8b6c3314fc6,68bb1e55f209a8b6c3315097,68bdee8d6d2564f9a09da321,68bdee8f6d2564f9a09da338,68bdeeae6d2564f9a09da4f6,68bdeeb26d2564f9a09da534,68bdeebd6d2564f9a09da5d6,68bdeee96d2564f9a09da855,,,,,BAG1020,BAG1028,BAG1181,BAG1201,BAG1255,BAG1464,BAG1020,BAG1028,BAG1181,BAG1201,BAG1255,BAG1464,,,,,PAX1462,PAX1462,PAX1299,PAX1124,PAX1124,PAX1124,PAX1462,PAX1462,PAX1299,PAX1124,PAX1124,PAX1124,,,,,FL1447,FL1447,FL1447,FL1447,FL1447,FL1447,FL1447,FL1447,FL1447,FL1447,FL1447,FL1447,,,,,Not Loaded,Missing,Not Loaded,Loaded,Not Loaded,Missing,Not Loaded,Missing,Not Loaded,Loaded,Not Loaded,Missing,,,,,2025-09-08 02:15:29,68bb1c91f209a8b6c3314d13,68bb1caff209a8b6c3314d4f,68bb1d07f209a8b6c3314dfe,68bb1d59f209a8b6c3314ea1,68bdee976d2564f9a09da3aa,68bdeea36d2564f9a09da460,68bdeec76d2564f9a09da66c,68bdeee86d2564f9a09da84d,PAX1064,PAX1124,PAX1299,PAX1462,PAX1064,PAX1124,PAX1299,PAX1462,FL1447,FL1447,FL1447,FL1447,FL1447,FL1447,FL1447,FL1447,2025-09-06 10:20:00,2025-09-06 09:37:00,2025-09-06 11:02:00,2025-09-06 09:44:00,2025-09-06 10:20:00,2025-09-06 09:37:00,2025-09-06 11:02:00,2025-09-06 09:44:00,true,true,false,false,true,true,false,false,G15,G15,G15,G15,G15,G15,G15,G15
68bdee8e245a927ffb268f12,68bb1c32f209a8b6c3314c56,FL1375,Singapore Airlines,2025-09-05 00:30:00,2025-09-05 01:10:00,G16,40,Dubai,Frankfurt,68bb1ddaf209a8b6c3314fa1,68bb1df9f209a8b6c3314fe0,68bdeeb56d2564f9a09da566,68bdeec26d2564f9a09da621,,,,,,,,,,,,,BAG1218,BAG1281,BAG1218,BAG1281,,,,,,,,,,,,,PAX1116,PAX1358,PAX1116,PAX1358,,,,,,,,,,,,,FL1375,FL1375,FL1375,FL1375,,,,,,,,,,,,,Loaded,Loaded,Loaded,Loaded,,,,,,,,,,,,,2025-09-08 02:15:11,68bb1c7bf209a8b6c3314ce7,68bb1cabf209a8b6c3314d47,68bb1d25f209a8b6c3314e39,68bdee8d6d2564f9a09da322,68bdeea26d2564f9a09da448,68bdeed36d2564f9a09da71a,,,PAX1020,PAX1116,PAX1358,PAX1020,PAX1116,PAX1358,,,FL1375,FL1375,FL1375,FL1375,FL1375,FL1375,,,2025-09-04 23:48:00,2025-09-04 22:36:00,2025-09-04 22:10:00,2025-09-04 23:48:00,2025-09-04 22:36:00,2025-09-04 22:10:00,,,false,false,false,false,false,false,,,G16,G16,G16,G16,G16,G16,,
68bdee8e245a927ffb268f13,68bb1b80f209a8b6c3314af4,FL1021,British Airways,2025-08-28 15:30:00,2025-08-28 15:50:00,G14,20,Dubai,Delhi,,,,,,,,,,,,,,,,,,,,,,,,,,,,,,,,,,,,,,,,,,,,,,,,,,,,,,,,,,,,,,,,,,,,,,,,,,,,,,,,,2025-09-08 02:14:32,68bb1ccdf209a8b6c3314d8a,68bdeeaf6d2564f9a09da513,,,,,,,PAX1183,PAX1183,,,,,,,FL1021,FL1021,,,,,,,2025-08-28 12:58:00,2025-08-28 12:58:00,,,,,,,true,true,,,,,,,G14,G14,,,,,,
68bdee8e245a927ffb268f14,68bb1c5df209a8b6c3314cac,FL1461,Etihad,2025-09-06 19:30:00,2025-09-06 20:00:00,G11,30,Dubai,Cape Town,68bb1d77f209a8b6c3314edc,68bb1e24f209a8b6c3315036,68bb1e29f209a8b6c331503f,68bdee8e6d2564f9a09da324,68bdeed46d2564f9a09da72a,68bdeed66d2564f9a09da746,,,,,,,,,,,BAG1021,BAG1367,BAG1376,BAG1021,BAG1367,BAG1376,,,,,,,,,,,PAX1255,PAX1255,PAX1255,PAX1255,PAX1255,PAX1255,,,,,,,,,,,FL1461,FL1461,FL1461,FL1461,FL1461,FL1461,,,,,,,,,,,Loaded,Not Loaded,Not Loaded,Loaded,Not Loaded,Not Loaded,,,,,,,,,,,2025-09-08 02:15:28,68bb1cf1f209a8b6c3314dd2,68bdeebe6d2564f9a09da5e7,,,,,,,PAX1255,PAX1255,,,,,,,FL1461,FL1461,,,,,,,2025-09-06 18:07:00,2025-09-06 18:07:00,,,,,,,false,false,,,,,,,G11,G11,,,,,,
68bdee8e245a927ffb268f15,68bb1bd0f209a8b6c3314b93,FL1180,Qatar Airways,2025-08-31 23:00:00,2025-08-31 23:10:00,G1,10,Dubai,Paris,68bb1e21f209a8b6c331502f,68bb1e57f209a8b6c331509a,68bdeed36d2564f9a09da715,68bdeee96d2564f9a09da85d,,,,,,,,,,,,,BAG1360,BAG1467,BAG1360,BAG1467,,,,,,,,,,,,,PAX1114,PAX1021,PAX1114,PAX1021,,,,,,,,,,,,,FL1180,FL1180,FL1180,FL1180,,,,,,,,,,,,,Missing,Not Loaded,Missing,Not Loaded,,,,,,,,,,,,,2025-09-08 02:15:29,68bb1c7cf209a8b6c3314ce8,68bb1caaf209a8b6c3314d45,68bdee8e6d2564f9a09da325,68bdeea16d2564f9a09da442,,,,,PAX1021,PAX1114,PAX1021,PAX1114,,,,,FL1180,FL1180,FL1180,FL1180,,,,,2025-08-31 21:36:00,2025-08-31 20:50:00,2025-08-31 21:36:00,2025-08-31 20:50:00,,,,,true,true,true,true,,,,,G1,G1,G1,G1,,,,
68bdee8e245a927ffb268f16,68bb1c6ef209a8b6c3314cce,FL1495,Air India,2025-09-07 12:30:00,2025-09-07 13:30:00,G16,60,Dubai,Paris,68bb1d77f209a8b6c3314edd,68bdee8e6d2564f9a09da327,,,,,,,,,,,,,,,BAG1022,BAG1022,,,,,,,,,,,,,,,PAX1390,PAX1390,,,,,,,,,,,,,,,FL1495,FL1495,,,,,,,,,,,,,,,Not Loaded,Not Loaded,,,,,,,,,,,,,,,2025-09-08 02:15:35,68bb1d35f209a8b6c3314e59,68bdeeda6d2564f9a09da779,,,,,,,PAX1390,PAX1390,,,,,,,FL1495,FL1495,,,,,,,2025-09-07 09:39:00,2025-09-07 09:39:00,,,,,,,true,true,,,,,,,G16,G16,,,,,,
68bdee8e245a927ffb268f17,68bb1b81f209a8b6c3314af5,FL1022,Turkish Airlines,2025-08-28 16:00:00,2025-08-28 16:30:00,G13,30,Dubai,Zurich,,,,,,,,,,,,,,,,,,,,,,,,,,,,,,,,,,,,,,,,,,,,,,,,,,,,,,,,,,,,,,,,,,,,,,,,,,,,,,,,,2025-09-08 02:13:58,,,,,,,,,,,,,,,,,,,,,,,,,,,,,,,,,,,,,,,,,,,,,,,,
68bdee8e245a927ffb268f18,68bb1c67f209a8b6c3314cc0,FL1481,Lufthansa,2025-09-07 05:30:00,2025-09-07 06:10:00,G7,40,Dubai,Chicago,,,,,,,,,,,,,,,,,,,,,,,,,,,,,,,,,,,,,,,,,,,,,,,,,,,,,,,,,,,,,,,,,,,,,,,,,,,,,,,,,2025-09-08 02:15:32,68bb1c7cf209a8b6c3314ce9,68bdee8e6d2564f9a09da328,,,,,,,PAX1022,PAX1022,,,,,,,FL1481,FL1481,,,,,,,2025-09-07 04:19:00,2025-09-07 04:19:00,,,,,,,false,false,,,,,,,G7,G7,,,,,,
68bdee8e245a927ffb268f19,68bb1c65f209a8b6c3314cbb,FL1476,Singapore Airlines,2025-09-07 03:00:00,2025-09-07 03:10:00,G10,10,Dubai,Istanbul,68bb1d78f209a8b6c3314ede,68bb1de6f209a8b6c3314fba,68bb1deff209a8b6c3314fcc,68bdee8e6d2564f9a09da329,68bdeeba6d2564f9a09da5b3,68bdeebe6d2564f9a09da5e8,,,,,,,,,,,BAG1023,BAG1243,BAG1261,BAG1023,BAG1243,BAG1261,,,,,,,,,,,PAX1340,PAX1340,PAX1340,PAX1340,PAX1340,PAX1340,,,,,,,,,,,FL1476,FL1476,FL1476,FL1476,FL1476,FL1476,,,,,,,,,,,Loaded,Not Loaded,Not Loaded,Loaded,Not Loaded,Not Loaded,,,,,,,,,,,2025-09-08 02:15:31,68bb1d1cf209a8b6c3314e27,68bdeecf6d2564f9a09da6e5,,,,,,,PAX1340,PAX1340,,,,,,,FL1476,FL1476,,,,,,,2025-09-07 01:02:00,2025-09-07 01:02:00,,,,,,,false,false,,,,,,,G10,G10,,,,,,
68bdee8e245a927ffb268f1a,68bb1b81f209a8b6c3314af6,FL1023,Air India,2025-08-28 16:30:00,2025-08-28 17:30:00,G20,60,Dubai,Mumbai,,,,,,,,,,,,,,,,,,,,,,,,,,,,,,,,,,,,,,,,,,,,,,,,,,,,,,,,,,,,,,,,,,,,,,,,,,,,,,,,,2025-09-08 02:13:58,,,,,,,,,,,,,,,,,,,,,,,,,,,,,,,,,,,,,,,,,,,,,,,,
68bdee8f245a927ffb268f1b,68bb1bc6f209a8b6c3314b7f,FL1160,Lufthansa,2025-08-31 13:00:00,2025-08-31 13:00:00,G4,0,Dubai,Rome,68bb1ddcf209a8b6c3314fa5,68bb1e64f209a8b6c33150b4,68bdeeb66d2564f9a09da572,68bdeeef6d2564f9a09da8aa,,,,,,,,,,,,,BAG1222,BAG1493,BAG1222,BAG1493,,,,,,,,,,,,,PAX1023,PAX1023,PAX1023,PAX1023,,,,,,,,,,,,,FL1160,FL1160,FL1160,FL1160,,,,,,,,,,,,,Not Loaded,Loaded,Not Loaded,Loaded,,,,,,,,,,,,,2025-09-08 02:15:35,68bb1c7df209a8b6c3314cea,68bb1c87f209a8b6c3314cff,68bdee8e6d2564f9a09da32b,68bdee936d2564f9a09da36b,,,,,PAX1023,PAX1044,PAX1023,PAX1044,,,,,FL1160,FL1160,FL1160,FL1160,,,,,2025-08-31 11:17:00,2025-08-31 11:12:00,2025-08-31 11:17:00,2025-08-31 11:12:00,,,,,false,false,false,false,,,,,G4,G4,G4,G4,,,,
68bdee8f245a927ffb268f1c,68bb1beff209a8b6c3314bd0,FL1241,Air India,2025-09-02 05:30:00,2025-09-02 05:45:00,G14,15,Dubai,Singapore,68bb1d78f209a8b6c3314edf,68bb1e4ff209a8b6c331508b,68bdee8e6d2564f9a09da32c,68bdeee66d2564f9a09da830,,,,,,,,,,,,,BAG1024,BAG1452,BAG1024,BAG1452,,,,,,,,,,,,,PAX1336,PAX1336,PAX1336,PAX1336,,,,,,,,,,,,,FL1241,FL1241,FL1241,FL1241,,,,,,,,,,,,,Not Loaded,Loaded,Not Loaded,Loaded,,,,,,,,,,,,,2025-09-08 02:15:26,68bb1d1af209a8b6c3314e23,68bdeecf6d2564f9a09da6da,,,,,,,PAX1336,PAX1336,,,,,,,FL1241,FL1241,,,,,,,2025-09-02 03:24:00,2025-09-02 03:24:00,,,,,,,true,true,,,,,,,G14,G14,,,,,,
68bdee8f245a927ffb268f1d,68bb1b82f209a8b6c3314af7,FL1024,Air India,2025-08-28 17:00:00,2025-08-28 17:30:00,G12,30,Dubai,Paris,,,,,,,,,,,,,,,,,,,,,,,,,,,,,,,,,,,,,,,,,,,,,,,,,,,,,,,,,,,,,,,,,,,,,,,,,,,,,,,,,2025-09-08 02:14:18,68bb1cabf209a8b6c3314d46,68bdeea16d2564f9a09da445,,,,,,,PAX1115,PAX1115,,,,,,,FL1024,FL1024,,,,,,,2025-08-28 14:09:00,2025-08-28 14:09:00,,,,,,,true,true,,,,,,,G12,G12,,,,,,
68bdee8f245a927ffb268f1e,68bb1b98f209a8b6c3314b23,FL1068,Singapore Airlines,2025-08-29 15:00:00,2025-08-29 15:30:00,G1,30,Dubai,Amsterdam,68bb1d86f209a8b6c3314efb,68bb1d9df209a8b6c3314f27,68bb1de7f209a8b6c3314fbb,68bb1e1df209a8b6c3315028,68bb1e22f209a8b6c3315031,68bdee946d2564f9a09da37a,68bdee9c6d2564f9a09da3fa,68bdeebb6d2564f9a09da5b6,68bdeed16d2564f9a09da6ff,68bdeed36d2564f9a09da71b,,,,,,,BAG1052,BAG1096,BAG1244,BAG1353,BAG1362,BAG1052,BAG1096,BAG1244,BAG1353,BAG1362,,,,,,,PAX1024,PAX1276,PAX1430,PAX1276,PAX1024,PAX1024,PAX1276,PAX1430,PAX1276,PAX1024,,,,,,,FL1068,FL1068,FL1068,FL1068,FL1068,FL1068,FL1068,FL1068,FL1068,FL1068,,,,,,,Missing,Not Loaded,Not Loaded,Missing,Missing,Missing,Not Loaded,Not Loaded,Missing,Missing,,,,,,,2025-09-08 02:15:22,68bb1c7df209a8b6c3314ceb,68bb1cfcf209a8b6c3314de7,68bb1d49f209a8b6c3314e81,68bdee8e6d2564f9a09da32e,68bdeec36d2564f9a09da629,68bdeee26d2564f9a09da7ee,,,PAX1024,PAX1276,PAX1430,PAX1024,PAX1276,PAX1430,,,FL1068,FL1068,FL1068,FL1068,FL1068,FL1068,,,2025-08-29 12:57:00,2025-08-29 12:34:00,2025-08-29 14:16:00,2025-08-29 12:57:00,2025-08-29 12:34:00,2025-08-29 14:16:00,,,true,false,false,true,false,false,,,G1,G1,G1,G1,G1,G1,,
68bdee8f245a927ffb268f1f,68bb1bdcf209a8b6c3314bab,FL1204,British Airways,2025-09-01 11:00:00,2025-09-01 11:30:00,G19,30,Dubai,Frankfurt,68bb1d79f209a8b6c3314ee0,68bdee8e6d2564f9a09da32f,,,,,,,,,,,,,,,BAG1025,BAG1025,,,,,,,,,,,,,,,PAX1104,PAX1104,,,,,,,,,,,,,,,FL1204,FL1204,,,,,,,,,,,,,,,Missing,Missing,,,,,,,,,,,,,,,2025-09-08 02:14:36,68bb1ca5f209a8b6c3314d3b,68bdee9f6d2564f9a09da423,,,,,,,PAX1104,PAX1104,,,,,,,FL1204,FL1204,,,,,,,2025-09-01 08:10:00,2025-09-01 08:10:00,,,,,,,false,false,,,,,,,G19,G19,,,,,,
68bdee8f245a927ffb268f20,68bb1b82f209a8b6c3314af8,FL1025,Qatar Airways,2025-08-28 17:30:00,2025-08-28 18:10:00,G4,40,Dubai,Tokyo,68bb1dc9f209a8b6c3314f80,68bb1e01f209a8b6c3314ff0,68bb1e1af209a8b6c3315022,68bb1e5df209a8b6c33150a7,68bdeeae6d2564f9a09da502,68bdeec56d2564f9a09da654,68bdeed06d2564f9a09da6ed,68bdeeec6d2564f9a09da884,,,,,,,,,BAG1185,BAG1297,BAG1347,BAG1480,BAG1185,BAG1297,BAG1347,BAG1480,,,,,,,,,PAX1439,PAX1488,PAX1403,PAX1488,PAX1439,PAX1488,PAX1403,PAX1488,,,,,,,,,FL1025,FL1025,FL1025,FL1025,FL1025,FL1025,FL1025,FL1025,,,,,,,,,Loaded,Loaded,Missing,Not Loaded,Loaded,Loaded,Missing,Not Loaded,,,,,,,,,2025-09-08 02:15:34,68bb1d3cf209a8b6c3314e66,68bb1d4ef209a8b6c3314e8a,68bb1d66f209a8b6c3314ebb,68bdeedc6d2564f9a09da7a0,68bdeee36d2564f9a09da809,68bdeeee6d2564f9a09da89d,,,PAX1403,PAX1439,PAX1488,PAX1403,PAX1439,PAX1488,,,FL1025,FL1025,FL1025,FL1025,FL1025,FL1025,,,2025-08-28 16:39:00,2025-08-28 15:34:00,2025-08-28 14:35:00,2025-08-28 16:39:00,2025-08-28 15:34:00,2025-08-28 14:35:00,,,true,false,true,true,false,true,,,G4,G4,G4,G4,G4,G4,,
68bdee8f245a927ffb268f21,68bb1bfbf209a8b6c3314be9,FL1266,Etihad,2025-09-02 18:00:00,2025-09-02 18:10:00,G17,10,Dubai,Chicago,68bb1d79f209a8b6c3314ee1,68bb1e51f209a8b6c331508f,68bdee8f6d2564f9a09da332,68bdeee76d2564f9a09da83d,,,,,,,,,,,,,BAG1026,BAG1456,BAG1026,BAG1456,,,,,,,,,,,,,PAX1388,PAX1402,PAX1388,PAX1402,,,,,,,,,,,,,FL1266,FL1266,FL1266,FL1266,,,,,,,,,,,,,Loaded,Missing,Loaded,Missing,,,,,,,,,,,,,2025-09-08 02:15:27,68bb1d34f209a8b6c3314e57,68bb1d3bf209a8b6c3314e65,68bdeed96d2564f9a09da773,68bdeedc6d2564f9a09da79d,,,,,PAX1388,PAX1402,PAX1388,PAX1402,,,,,FL1266,FL1266,FL1266,FL1266,,,,,2025-09-02 17:21:00,2025-09-02 16:14:00,2025-09-02 17:21:00,2025-09-02 16:14:00,,,,,true,true,true,true,,,,,G17,G17,G17,G17,,,,
68bdee8f245a927ffb268f22,68bb1b83f209a8b6c3314af9,FL1026,Turkish Airlines,2025-08-28 18:00:00,2025-08-28 18:35:00,G3,35,Dubai,Frankfurt,,,,,,,,,,,,,,,,,,,,,,,,,,,,,,,,,,,,,,,,,,,,,,,,,,,,,,,,,,,,,,,,,,,,,,,,,,,,,,,,,2025-09-08 02:13:59,,,,,,,,,,,,,,,,,,,,,,,,,,,,,,,,,,,,,,,,,,,,,,,,
68bdee8f245a927ffb268f23,68bb1bfcf209a8b6c3314beb,FL1268,Qatar Airways,2025-09-02 19:00:00,2025-09-02 19:20:00,G14,20,Dubai,Los Angeles,68bb1d87f209a8b6c3314efc,68bb1e2bf209a8b6c3315042,68bb1e35f209a8b6c3315056,68bdee946d2564f9a09da37d,68bdeed76d2564f9a09da74f,68bdeedb6d2564f9a09da78e,,,,,,,,,,,BAG1053,BAG1379,BAG1399,BAG1053,BAG1379,BAG1399,,,,,,,,,,,PAX1026,PAX1482,PAX1482,PAX1026,PAX1482,PAX1482,,,,,,,,,,,FL1268,FL1268,FL1268,FL1268,FL1268,FL1268,,,,,,,,,,,Missing,Missing,Not Loaded,Missing,Missing,Not Loaded,,,,,,,,,,,2025-09-08 02:15:33,68bb1c7ef209a8b6c3314ced,68bb1d63f209a8b6c3314eb5,68bdee8f6d2564f9a09da334,68bdeeec6d2564f9a09da88b,,,,,PAX1026,PAX1482,PAX1026,PAX1482,,,,,FL1268,FL1268,FL1268,FL1268,,,,,2025-09-02 17:54:00,2025-09-02 17:53:00,2025-09-02 17:54:00,2025-09-02 17:53:00,,,,,false,true,false,true,,,,,G14,G14,G14,G14,,,,
68bdee8f245a927ffb268f24,68bb1c6bf209a8b6c3314cc8,FL1489,Qatar Airways,2025-09-07 09:30:00,2025-09-07 10:05:00,G11,35,Dubai,Bangkok,68bb1d7af209a8b6c3314ee2,68bb1dc0f209a8b6c3314f6d,68bb1e4af209a8b6c3315081,68bdee8f6d2564f9a09da335,68bdeeaa6d2564f9a09da4c9,68bdeee46d2564f9a09da811,,,,,,,,,,,BAG1027,BAG1166,BAG1442,BAG1027,BAG1166,BAG1442,,,,,,,,,,,PAX1478,PAX1279,PAX1438,PAX1478,PAX1279,PAX1438,,,,,,,,,,,FL1489,FL1489,FL1489,FL1489,FL1489,FL1489,,,,,,,,,,,Loaded,Missing,Missing,Loaded,Missing,Missing,,,,,,,,,,,2025-09-08 02:15:34,68bb1cfdf209a8b6c3314dea,68bb1d4df209a8b6c3314e89,68bb1d61f209a8b6c3314eb1,68bdeec36d2564f9a09da632,68bdeee36d2564f9a09da806,68bdeeec6d2564f9a09da880,,,PAX1279,PAX1438,PAX1478,PAX1279,PAX1438,PAX1478,,,FL1489,FL1489,FL1489,FL1489,FL1489,FL1489,,,2025-09-07 08:34:00,2025-09-07 06:35:00,2025-09-07 08:01:00,2025-09-07 08:34:00,2025-09-07 06:35:00,2025-09-07 08:01:00,,,true,true,true,true,true,true,,,G11,G11,G11,G11,G11,G11,,
68bdee8f245a927ffb268f25,68bb1b9ef209a8b6c3314b2f,FL1080,Singapore Airlines,2025-08-29 21:00:00,2025-08-29 21:10:00,G8,10,Dubai,Tokyo,,,,,,,,,,,,,,,,,,,,,,,,,,,,,,,,,,,,,,,,,,,,,,,,,,,,,,,,,,,,,,,,,,,,,,,,,,,,,,,,,2025-09-08 02:14:10,68bb1c7ff209a8b6c3314cee,68bdee8f6d2564f9a09da336,,,,,,,PAX1027,PAX1027,,,,,,,FL1080,FL1080,,,,,,,2025-08-29 19:31:00,2025-08-29 19:31:00,,,,,,,true,true,,,,,,,G8,G8,,,,,,
68bdee8f245a927ffb268f26,68bb1b83f209a8b6c3314afa,FL1027,Air India,2025-08-28 18:30:00,2025-08-28 19:00:00,G20,30,Dubai,Amsterdam,,,,,,,,,,,,,,,,,,,,,,,,,,,,,,,,,,,,,,,,,,,,,,,,,,,,,,,,,,,,,,,,,,,,,,,,,,,,,,,,,2025-09-08 02:13:59,,,,,,,,,,,,,,,,,,,,,,,,,,,,,,,,,,,,,,,,,,,,,,,,
68bdee90245a927ffb268f27,68bb1c26f209a8b6c3314c3d,FL1350,Lufthansa,2025-09-04 12:00:00,2025-09-04 12:20:00,G9,20,Dubai,Amsterdam,68bb1d8cf209a8b6c3314f05,68bb1e62f209a8b6c33150b0,68bdee956d2564f9a09da396,68bdeeee6d2564f9a09da89f,,,,,,,,,,,,,BAG1062,BAG1489,BAG1062,BAG1489,,,,,,,,,,,,,PAX1258,PAX1258,PAX1258,PAX1258,,,,,,,,,,,,,FL1350,FL1350,FL1350,FL1350,,,,,,,,,,,,,Missing,Missing,Missing,Missing,,,,,,,,,,,,,2025-09-08 02:15:34,68bb1c7ff209a8b6c3314cef,68bb1cf3f209a8b6c3314dd5,68bdee8f6d2564f9a09da339,68bdeebf6d2564f9a09da5f0,,,,,PAX1028,PAX1258,PAX1028,PAX1258,,,,,FL1350,FL1350,FL1350,FL1350,,,,,2025-09-04 09:22:00,2025-09-04 09:11:00,2025-09-04 09:22:00,2025-09-04 09:11:00,,,,,false,true,false,true,,,,,G9,G9,G9,G9,,,,
68bdee90245a927ffb268f28,68bb1b84f209a8b6c3314afb,FL1028,Singapore Airlines,2025-08-28 19:00:00,2025-08-28 19:30:00,G12,30,Dubai,Toronto,68bb1e1af209a8b6c3315021,68bdeed06d2564f9a09da6ea,,,,,,,,,,,,,,,BAG1346,BAG1346,,,,,,,,,,,,,,,PAX1077,PAX1077,,,,,,,,,,,,,,,FL1028,FL1028,,,,,,,,,,,,,,,Missing,Missing,,,,,,,,,,,,,,,2025-09-08 02:15:04,68bb1c98f209a8b6c3314d20,68bdee996d2564f9a09da3d1,,,,,,,PAX1077,PAX1077,,,,,,,FL1028,FL1028,,,,,,,2025-08-28 16:15:00,2025-08-28 16:15:00,,,,,,,false,false,,,,,,,G12,G12,,,,,,
68bdee90245a927ffb268f29,68bb1bfef209a8b6c3314bee,FL1271,Air India,2025-09-02 20:30:00,2025-09-02 20:50:00,G15,20,Dubai,Paris,68bb1d7bf209a8b6c3314ee4,68bb1e5ff209a8b6c33150aa,68bdee8f6d2564f9a09da33b,68bdeeed6d2564f9a09da88d,,,,,,,,,,,,,BAG1029,BAG1483,BAG1029,BAG1483,,,,,,,,,,,,,PAX1274,PAX1274,PAX1274,PAX1274,,,,,,,,,,,,,FL1271,FL1271,FL1271,FL1271,,,,,,,,,,,,,Not Loaded,Missing,Not Loaded,Missing,,,,,,,,,,,,,2025-09-08 02:15:33,68bb1cfbf209a8b6c3314de5,68bdeec26d2564f9a09da623,,,,,,,PAX1274,PAX1274,,,,,,,FL1271,FL1271,,,,,,,2025-09-02 18:58:00,2025-09-02 18:58:00,,,,,,,true,true,,,,,,,G15,G15,,,,,,
68bdee90245a927ffb268f2b,68bb1ba3f209a8b6c3314b39,FL1090,Air India,2025-08-30 02:00:00,2025-08-30 02:25:00,G13,25,Dubai,Hong Kong,68bb1d7bf209a8b6c3314ee5,68bdee8f6d2564f9a09da33e,,,,,,,,,,,,,,,BAG1030,BAG1030,,,,,,,,,,,,,,,PAX1128,PAX1128,,,,,,,,,,,,,,,FL1090,FL1090,,,,,,,,,,,,,,,Missing,Missing,,,,,,,,,,,,,,,2025-09-08 02:14:20,68bb1cb1f209a8b6c3314d53,68bdeea46d2564f9a09da46b,,,,,,,PAX1128,PAX1128,,,,,,,FL1090,FL1090,,,,,,,2025-08-30 00:50:00,2025-08-30 00:50:00,,,,,,,true,true,,,,,,,G13,G13,,,,,,
68bdee90245a927ffb268f2c,68bb1bc9f209a8b6c3314b84,FL1165,Lufthansa,2025-08-31 15:30:00,2025-08-31 15:55:00,G7,25,Dubai,Sydney,68bb1e32f209a8b6c3315050,68bdeeda6d2564f9a09da77b,,,,,,,,,,,,,,,BAG1393,BAG1393,,,,,,,,,,,,,,,PAX1029,PAX1029,,,,,,,,,,,,,,,FL1165,FL1165,,,,,,,,,,,,,,,Loaded,Loaded,,,,,,,,,,,,,,,2025-09-08 02:15:14,68bb1c80f209a8b6c3314cf0,68bdee8f6d2564f9a09da33c,,,,,,,PAX1029,PAX1029,,,,,,,FL1165,FL1165,,,,,,,2025-08-31 12:52:00,2025-08-31 12:52:00,,,,,,,true,true,,,,,,,G7,G7,,,,,,
68bdee90245a927ffb268f2a,68bb1b84f209a8b6c3314afc,FL1029,Lufthansa,2025-08-28 19:30:00,2025-08-28 19:45:00,G15,15,Dubai,Cape Town,,,,,,,,,,,,,,,,,,,,,,,,,,,,,,,,,,,,,,,,,,,,,,,,,,,,,,,,,,,,,,,,,,,,,,,,,,,,,,,,,2025-09-08 02:13:59,,,,,,,,,,,,,,,,,,,,,,,,,,,,,,,,,,,,,,,,,,,,,,,,
68bdee90245a927ffb268f2d,68bb1be8f209a8b6c3314bc2,FL1227,Air India,2025-09-01 22:30:00,2025-09-01 22:40:00,G6,10,Dubai,Hong Kong,68bb1d7cf209a8b6c3314ee6,68bb1dbff209a8b6c3314f6b,68bb1ddef209a8b6c3314fa9,68bdee906d2564f9a09da33f,68bdeeaa6d2564f9a09da4c3,68bdeeb76d2564f9a09da57e,,,,,,,,,,,BAG1031,BAG1164,BAG1226,BAG1031,BAG1164,BAG1226,,,,,,,,,,,PAX1460,PAX1460,PAX1460,PAX1460,PAX1460,PAX1460,,,,,,,,,,,FL1227,FL1227,FL1227,FL1227,FL1227,FL1227,,,,,,,,,,,Not Loaded,Loaded,Not Loaded,Not Loaded,Loaded,Not Loaded,,,,,,,,,,,2025-09-08 02:15:28,68bb1d58f209a8b6c3314e9f,68bdeee86d2564f9a09da847,,,,,,,PAX1460,PAX1460,,,,,,,FL1227,FL1227,,,,,,,2025-09-01 21:28:00,2025-09-01 21:28:00,,,,,,,true,true,,,,,,,G6,G6,,,,,,
68bdee90245a927ffb268f2e,68bb1c59f209a8b6c3314ca4,FL1453,Turkish Airlines,2025-09-06 15:30:00,2025-09-06 15:55:00,G15,25,Dubai,Rome,68bb1d82f209a8b6c3314ef3,68bb1df6f209a8b6c3314fda,68bdee926d2564f9a09da364,68bdeec16d2564f9a09da60f,,,,,,,,,,,,,BAG1044,BAG1275,BAG1044,BAG1275,,,,,,,,,,,,,PAX1030,PAX1030,PAX1030,PAX1030,,,,,,,,,,,,,FL1453,FL1453,FL1453,FL1453,,,,,,,,,,,,,Not Loaded,Not Loaded,Not Loaded,Not Loaded,,,,,,,,,,,,,2025-09-08 02:15:27,68bb1c80f209a8b6c3314cf1,68bdee906d2564f9a09da341,,,,,,,PAX1030,PAX1030,,,,,,,FL1453,FL1453,,,,,,,2025-09-06 13:19:00,2025-09-06 13:19:00,,,,,,,true,true,,,,,,,G15,G15,,,,,,
68bdee90245a927ffb268f2f,68bb1b85f209a8b6c3314afd,FL1030,Lufthansa,2025-08-28 20:00:00,2025-08-28 20:25:00,G19,25,Dubai,Los Angeles,68bb1da8f209a8b6c3314f3d,68bb1daaf209a8b6c3314f41,68bb1dccf209a8b6c3314f85,68bb1de5f209a8b6c3314fb8,68bb1e40f209a8b6c331506c,68bdeea16d2564f9a09da43c,68bdeea16d2564f9a09da446,68bdeeaf6d2564f9a09da511,68bdeeba6d2564f9a09da5ad,68bdeee06d2564f9a09da7d0,,,,,,,BAG1118,BAG1122,BAG1190,BAG1241,BAG1421,BAG1118,BAG1122,BAG1190,BAG1241,BAG1421,,,,,,,PAX1372,PAX1122,PAX1122,PAX1122,PAX1122,PAX1372,PAX1122,PAX1122,PAX1122,PAX1122,,,,,,,FL1030,FL1030,FL1030,FL1030,FL1030,FL1030,FL1030,FL1030,FL1030,FL1030,,,,,,,Loaded,Not Loaded,Missing,Missing,Loaded,Loaded,Not Loaded,Missing,Missing,Loaded,,,,,,,2025-09-08 02:15:20,68bb1caef209a8b6c3314d4d,68bb1d2cf209a8b6c3314e47,68bdeea36d2564f9a09da45a,68bdeed66d2564f9a09da744,,,,,PAX1122,PAX1372,PAX1122,PAX1372,,,,,FL1030,FL1030,FL1030,FL1030,,,,,2025-08-28 17:22:00,2025-08-28 18:09:00,2025-08-28 17:22:00,2025-08-28 18:09:00,,,,,false,true,false,true,,,,,G19,G19,G19,G19,,,,
68bdee90245a927ffb268f30,68bb1c6af209a8b6c3314cc6,FL1487,British Airways,2025-09-07 08:30:00,2025-09-07 08:55:00,G10,25,Dubai,Amsterdam,68bb1d7cf209a8b6c3314ee7,68bb1dd9f209a8b6c3314f9f,68bb1e0df209a8b6c3315007,68bdee906d2564f9a09da342,68bdeeb56d2564f9a09da560,68bdeeca6d2564f9a09da69c,,,,,,,,,,,BAG1032,BAG1216,BAG1320,BAG1032,BAG1216,BAG1320,,,,,,,,,,,PAX1100,PAX1221,PAX1221,PAX1100,PAX1221,PAX1221,,,,,,,,,,,FL1487,FL1487,FL1487,FL1487,FL1487,FL1487,,,,,,,,,,,Missing,Not Loaded,Missing,Missing,Not Loaded,Missing,,,,,,,,,,,2025-09-08 02:15:34,68bb1ca3f209a8b6c3314d37,68bb1ce0f209a8b6c3314db0,68bdee9e6d2564f9a09da417,68bdeeb76d2564f9a09da585,,,,,PAX1100,PAX1221,PAX1100,PAX1221,,,,,FL1487,FL1487,FL1487,FL1487,,,,,2025-09-07 07:37:00,2025-09-07 07:42:00,2025-09-07 07:37:00,2025-09-07 07:42:00,,,,,true,false,true,false,,,,,G10,G10,G10,G10,,,,
68bdee90245a927ffb268f31,68bb1c16f209a8b6c3314c1d,FL1318,Lufthansa,2025-09-03 20:00:00,2025-09-03 20:10:00,G13,10,Dubai,Zurich,,,,,,,,,,,,,,,,,,,,,,,,,,,,,,,,,,,,,,,,,,,,,,,,,,,,,,,,,,,,,,,,,,,,,,,,,,,,,,,,,2025-09-08 02:14:59,68bb1c81f209a8b6c3314cf2,68bb1c9cf209a8b6c3314d29,68bdee906d2564f9a09da343,68bdee9b6d2564f9a09da3eb,,,,,PAX1031,PAX1086,PAX1031,PAX1086,,,,,FL1318,FL1318,FL1318,FL1318,,,,,2025-09-03 17:01:00,2025-09-03 19:15:00,2025-09-03 17:01:00,2025-09-03 19:15:00,,,,,false,false,false,false,,,,,G13,G13,G13,G13,,,,
68bdee90245a927ffb268f32,68bb1be8f209a8b6c3314bc3,FL1228,Turkish Airlines,2025-09-01 23:00:00,2025-09-01 23:30:00,G13,30,Dubai,Sydney,68bb1d7df209a8b6c3314ee8,68bdee906d2564f9a09da345,,,,,,,,,,,,,,,BAG1033,BAG1033,,,,,,,,,,,,,,,PAX1266,PAX1266,,,,,,,,,,,,,,,FL1228,FL1228,,,,,,,,,,,,,,,Loaded,Loaded,,,,,,,,,,,,,,,2025-09-08 02:14:49,68bb1cf7f209a8b6c3314ddd,68bdeec06d2564f9a09da609,,,,,,,PAX1266,PAX1266,,,,,,,FL1228,FL1228,,,,,,,2025-09-01 21:22:00,2025-09-01 21:22:00,,,,,,,false,false,,,,,,,G13,G13,,,,,,
68bdee90245a927ffb268f33,68bb1bd9f209a8b6c3314ba5,FL1198,Air India,2025-09-01 08:00:00,2025-09-01 08:30:00,G12,30,Dubai,Toronto,,,,,,,,,,,,,,,,,,,,,,,,,,,,,,,,,,,,,,,,,,,,,,,,,,,,,,,,,,,,,,,,,,,,,,,,,,,,,,,,,2025-09-08 02:14:35,68bb1c81f209a8b6c3314cf3,68bdee906d2564f9a09da346,,,,,,,PAX1032,PAX1032,,,,,,,FL1198,FL1198,,,,,,,2025-09-01 05:54:00,2025-09-01 05:54:00,,,,,,,true,true,,,,,,,G12,G12,,,,,,
68bdee90245a927ffb268f34,68bb1b86f209a8b6c3314aff,FL1032,Singapore Airlines,2025-08-28 21:00:00,2025-08-28 21:10:00,G16,10,Dubai,Cape Town,,,,,,,,,,,,,,,,,,,,,,,,,,,,,,,,,,,,,,,,,,,,,,,,,,,,,,,,,,,,,,,,,,,,,,,,,,,,,,,,,2025-09-08 02:14:35,68bb1cd6f209a8b6c3314d9c,68bdeeb36d2564f9a09da549,,,,,,,PAX1201,PAX1201,,,,,,,FL1032,FL1032,,,,,,,2025-08-28 19:58:00,2025-08-28 19:58:00,,,,,,,true,true,,,,,,,G16,G16,,,,,,
68bdee91245a927ffb268f35,68bb1c44f209a8b6c3314c79,FL1410,Air India,2025-09-05 18:00:00,2025-09-05 18:20:00,G2,20,Dubai,Frankfurt,68bb1e19f209a8b6c3315020,68bb1e46f209a8b6c3315078,68bdeed06d2564f9a09da6e8,68bdeee26d2564f9a09da7f5,,,,,,,,,,,,,BAG1345,BAG1433,BAG1345,BAG1433,,,,,,,,,,,,,PAX1241,PAX1241,PAX1241,PAX1241,,,,,,,,,,,,,FL1410,FL1410,FL1410,FL1410,,,,,,,,,,,,,Not Loaded,Missing,Not Loaded,Missing,,,,,,,,,,,,,2025-09-08 02:15:22,68bb1c82f209a8b6c3314cf4,68bb1ceaf209a8b6c3314dc4,68bdee906d2564f9a09da349,68bdeebb6d2564f9a09da5bd,,,,,PAX1033,PAX1241,PAX1033,PAX1241,,,,,FL1410,FL1410,FL1410,FL1410,,,,,2025-09-05 15:39:00,2025-09-05 16:11:00,2025-09-05 15:39:00,2025-09-05 16:11:00,,,,,false,true,false,true,,,,,G2,G2,G2,G2,,,,
68bdee91245a927ffb268f36,68bb1beef209a8b6c3314bce,FL1239,Emirates,2025-09-02 04:30:00,2025-09-02 05:05:00,G5,35,Dubai,London,68bb1d7ef209a8b6c3314eea,68bb1e56f209a8b6c3315098,68bdee906d2564f9a09da34b,68bdeee96d2564f9a09da858,,,,,,,,,,,,,BAG1035,BAG1465,BAG1035,BAG1465,,,,,,,,,,,,,PAX1078,PAX1078,PAX1078,PAX1078,,,,,,,,,,,,,FL1239,FL1239,FL1239,FL1239,,,,,,,,,,,,,Not Loaded,Missing,Not Loaded,Missing,,,,,,,,,,,,,2025-09-08 02:15:29,68bb1c98f209a8b6c3314d21,68bdee9a6d2564f9a09da3d4,,,,,,,PAX1078,PAX1078,,,,,,,FL1239,FL1239,,,,,,,2025-09-02 01:37:00,2025-09-02 01:37:00,,,,,,,false,false,,,,,,,G5,G5,,,,,,
68bdee91245a927ffb268f37,68bb1b87f209a8b6c3314b01,FL1034,Etihad,2025-08-28 22:00:00,2025-08-28 22:10:00,G7,10,Dubai,Toronto,68bb1d8ff209a8b6c3314f0c,68bb1e08f209a8b6c3314ffd,68bb1e40f209a8b6c331506d,68bdee976d2564f9a09da3a9,68bdeec86d2564f9a09da67d,68bdeee06d2564f9a09da7d3,,,,,,,,,,,BAG1069,BAG1310,BAG1422,BAG1069,BAG1310,BAG1422,,,,,,,,,,,PAX1037,PAX1037,PAX1037,PAX1037,PAX1037,PAX1037,,,,,,,,,,,FL1034,FL1034,FL1034,FL1034,FL1034,FL1034,,,,,,,,,,,Missing,Missing,Missing,Missing,Missing,Missing,,,,,,,,,,,2025-09-08 02:15:20,68bb1c84f209a8b6c3314cf8,68bdee916d2564f9a09da355,,,,,,,PAX1037,PAX1037,,,,,,,FL1034,FL1034,,,,,,,2025-08-28 19:04:00,2025-08-28 19:04:00,,,,,,,false,false,,,,,,,G7,G7,,,,,,
68bdee91245a927ffb268f38,68bb1c12f209a8b6c3314c16,FL1311,Turkish Airlines,2025-09-03 16:30:00,2025-09-03 17:05:00,G12,35,Dubai,Doha,68bb1da0f209a8b6c3314f2e,68bb1ddcf209a8b6c3314fa6,68bb1e4ef209a8b6c3315088,68bdee9e6d2564f9a09da40f,68bdeeb66d2564f9a09da575,68bdeee66d2564f9a09da827,,,,,,,,,,,BAG1103,BAG1223,BAG1449,BAG1103,BAG1223,BAG1449,,,,,,,,,,,PAX1034,PAX1041,PAX1041,PAX1034,PAX1041,PAX1041,,,,,,,,,,,FL1311,FL1311,FL1311,FL1311,FL1311,FL1311,,,,,,,,,,,Loaded,Not Loaded,Not Loaded,Loaded,Not Loaded,Not Loaded,,,,,,,,,,,2025-09-08 02:15:26,68bb1c82f209a8b6c3314cf5,68bb1c86f209a8b6c3314cfc,68bdee906d2564f9a09da34c,68bdee926d2564f9a09da363,,,,,PAX1034,PAX1041,PAX1034,PAX1041,,,,,FL1311,FL1311,FL1311,FL1311,,,,,2025-09-03 14:58:00,2025-09-03 13:43:00,2025-09-03 14:58:00,2025-09-03 13:43:00,,,,,true,true,true,true,,,,,G12,G12,G12,G12,,,,
68bdee91245a927ffb268f39,68bb1be6f209a8b6c3314bbf,FL1224,Etihad,2025-09-01 21:00:00,2025-09-01 21:35:00,G6,35,Dubai,Frankfurt,68bb1d7ef209a8b6c3314eeb,68bdee906d2564f9a09da34e,,,,,,,,,,,,,,,BAG1036,BAG1036,,,,,,,,,,,,,,,PAX1120,PAX1120,,,,,,,,,,,,,,,FL1224,FL1224,,,,,,,,,,,,,,,Not Loaded,Not Loaded,,,,,,,,,,,,,,,2025-09-08 02:14:40,68bb1cadf209a8b6c3314d4b,68bdeea26d2564f9a09da454,,,,,,,PAX1120,PAX1120,,,,,,,FL1224,FL1224,,,,,,,2025-09-01 19:08:00,2025-09-01 19:08:00,,,,,,,false,false,,,,,,,G6,G6,,,,,,
68bdee91245a927ffb268f3a,68bb1c2af209a8b6c3314c46,FL1359,Singapore Airlines,2025-09-04 16:30:00,2025-09-04 17:00:00,G12,30,Dubai,Sydney,,,,,,,,,,,,,,,,,,,,,,,,,,,,,,,,,,,,,,,,,,,,,,,,,,,,,,,,,,,,,,,,,,,,,,,,,,,,,,,,,2025-09-08 02:15:08,68bb1c83f209a8b6c3314cf6,68bb1d1ef209a8b6c3314e2b,68bdee916d2564f9a09da350,68bdeed06d2564f9a09da6f1,,,,,PAX1035,PAX1344,PAX1035,PAX1344,,,,,FL1359,FL1359,FL1359,FL1359,,,,,2025-09-04 16:00:00,2025-09-04 14:41:00,2025-09-04 16:00:00,2025-09-04 14:41:00,,,,,true,true,true,true,,,,,G12,G12,G12,G12,,,,
68bdee91245a927ffb268f3b,68bb1b87f209a8b6c3314b02,FL1035,Singapore Airlines,2025-08-28 22:30:00,2025-08-28 22:45:00,G1,15,Dubai,Chicago,68bb1deaf209a8b6c3314fc2,68bb1e45f209a8b6c3315076,68bdeebc6d2564f9a09da5cb,68bdeee26d2564f9a09da7ef,,,,,,,,,,,,,BAG1251,BAG1431,BAG1251,BAG1431,,,,,,,,,,,,,PAX1411,PAX1411,PAX1411,PAX1411,,,,,,,,,,,,,FL1035,FL1035,FL1035,FL1035,,,,,,,,,,,,,Not Loaded,Loaded,Not Loaded,Loaded,,,,,,,,,,,,,2025-09-08 02:15:22,68bb1d40f209a8b6c3314e6e,68bdeede6d2564f9a09da7b6,,,,,,,PAX1411,PAX1411,,,,,,,FL1035,FL1035,,,,,,,2025-08-28 21:19:00,2025-08-28 21:19:00,,,,,,,false,false,,,,,,,G1,G1,,,,,,
68bdee91245a927ffb268f3c,68bb1c19f209a8b6c3314c23,FL1324,Qatar Airways,2025-09-03 23:00:00,2025-09-03 23:40:00,G12,40,Dubai,Hong Kong,68bb1d7ff209a8b6c3314eec,68bb1e59f209a8b6c331509f,68bdee916d2564f9a09da351,68bdeeea6d2564f9a09da86c,,,,,,,,,,,,,BAG1037,BAG1472,BAG1037,BAG1472,,,,,,,,,,,,,PAX1133,PAX1133,PAX1133,PAX1133,,,,,,,,,,,,,FL1324,FL1324,FL1324,FL1324,,,,,,,,,,,,,Loaded,Loaded,Loaded,Loaded,,,,,,,,,,,,,2025-09-08 02:15:30,68bb1cb4f209a8b6c3314d58,68bdeea56d2564f9a09da47b,,,,,,,PAX1133,PAX1133,,,,,,,FL1324,FL1324,,,,,,,2025-09-03 21:59:00,2025-09-03 21:59:00,,,,,,,true,true,,,,,,,G12,G12,,,,,,
68bdee91245a927ffb268f3d,68bb1c61f209a8b6c3314cb4,FL1469,Air India,2025-09-06 23:30:00,2025-09-06 23:45:00,G18,15,Dubai,Delhi,,,,,,,,,,,,,,,,,,,,,,,,,,,,,,,,,,,,,,,,,,,,,,,,,,,,,,,,,,,,,,,,,,,,,,,,,,,,,,,,,2025-09-08 02:15:30,68bb1c83f209a8b6c3314cf7,68bdee916d2564f9a09da352,,,,,,,PAX1036,PAX1036,,,,,,,FL1469,FL1469,,,,,,,2025-09-06 22:07:00,2025-09-06 22:07:00,,,,,,,true,true,,,,,,,G18,G18,,,,,,
68bdee91245a927ffb268f3e,68bb1c2af209a8b6c3314c45,FL1358,Turkish Airlines,2025-09-04 16:00:00,2025-09-04 16:20:00,G4,20,Dubai,Paris,68bb1d7ff209a8b6c3314eed,68bb1e2af209a8b6c3315041,68bdee916d2564f9a09da354,68bdeed76d2564f9a09da74c,,,,,,,,,,,,,BAG1038,BAG1378,BAG1038,BAG1378,,,,,,,,,,,,,PAX1142,PAX1142,PAX1142,PAX1142,,,,,,,,,,,,,FL1358,FL1358,FL1358,FL1358,,,,,,,,,,,,,Missing,Loaded,Missing,Loaded,,,,,,,,,,,,,2025-09-08 02:15:11,68bb1cb8f209a8b6c3314d61,68bdeea76d2564f9a09da497,,,,,,,PAX1142,PAX1142,,,,,,,FL1358,FL1358,,,,,,,2025-09-04 13:37:00,2025-09-04 13:37:00,,,,,,,false,false,,,,,,,G4,G4,,,,,,
68bdee91245a927ffb268f3f,68bb1b88f209a8b6c3314b03,FL1036,Turkish Airlines,2025-08-28 23:00:00,2025-08-28 23:00:00,G15,0,Dubai,Los Angeles,68bb1dbcf209a8b6c3314f66,68bdeea96d2564f9a09da4b4,,,,,,,,,,,,,,,BAG1159,BAG1159,,,,,,,,,,,,,,,PAX1073,PAX1073,,,,,,,,,,,,,,,FL1036,FL1036,,,,,,,,,,,,,,,Missing,Missing,,,,,,,,,,,,,,,2025-09-08 02:14:25,68bb1c96f209a8b6c3314d1c,68bdee996d2564f9a09da3c5,,,,,,,PAX1073,PAX1073,,,,,,,FL1036,FL1036,,,,,,,2025-08-28 21:12:00,2025-08-28 21:12:00,,,,,,,true,true,,,,,,,G15,G15,,,,,,
68bdee92245a927ffb268f40,68bb1b88f209a8b6c3314b04,FL1037,Qatar Airways,2025-08-28 23:30:00,2025-08-28 23:40:00,G11,10,Dubai,New York,68bb1dcff209a8b6c3314f8c,68bdeeb16d2564f9a09da528,,,,,,,,,,,,,,,BAG1197,BAG1197,,,,,,,,,,,,,,,PAX1154,PAX1154,,,,,,,,,,,,,,,FL1037,FL1037,,,,,,,,,,,,,,,Loaded,Loaded,,,,,,,,,,,,,,,2025-09-08 02:15:12,68bb1cbef209a8b6c3314d6d,68bb1d31f209a8b6c3314e52,68bdeeaa6d2564f9a09da4bc,68bdeed86d2564f9a09da765,,,,,PAX1154,PAX1383,PAX1154,PAX1383,,,,,FL1037,FL1037,FL1037,FL1037,,,,,2025-08-28 22:37:00,2025-08-28 21:09:00,2025-08-28 22:37:00,2025-08-28 21:09:00,,,,,true,true,true,true,,,,,G11,G11,G11,G11,,,,
68bdee92245a927ffb268f41,68bb1c4df209a8b6c3314c8c,FL1429,Lufthansa,2025-09-06 03:30:00,2025-09-06 03:30:00,G15,0,Dubai,Sydney,68bb1d80f209a8b6c3314eef,68bdee916d2564f9a09da358,,,,,,,,,,,,,,,BAG1040,BAG1040,,,,,,,,,,,,,,,PAX1054,PAX1054,,,,,,,,,,,,,,,FL1429,FL1429,,,,,,,,,,,,,,,Missing,Missing,,,,,,,,,,,,,,,2025-09-08 02:15:22,68bb1c8cf209a8b6c3314d09,68bdee956d2564f9a09da38b,,,,,,,PAX1054,PAX1054,,,,,,,FL1429,FL1429,,,,,,,2025-09-06 00:48:00,2025-09-06 00:48:00,,,,,,,false,false,,,,,,,G15,G15,,,,,,
68bdee92245a927ffb268f42,68bb1c28f209a8b6c3314c41,FL1354,British Airways,2025-09-04 14:00:00,2025-09-04 14:25:00,G7,25,Dubai,Tokyo,,,,,,,,,,,,,,,,,,,,,,,,,,,,,,,,,,,,,,,,,,,,,,,,,,,,,,,,,,,,,,,,,,,,,,,,,,,,,,,,,2025-09-08 02:15:07,68bb1c84f209a8b6c3314cf9,68bdee916d2564f9a09da359,,,,,,,PAX1038,PAX1038,,,,,,,FL1354,FL1354,,,,,,,2025-09-04 12:51:00,2025-09-04 12:51:00,,,,,,,false,false,,,,,,,G7,G7,,,,,,
68bdee92245a927ffb268f43,68bb1b89f209a8b6c3314b05,FL1038,Qatar Airways,2025-08-29 00:00:00,2025-08-29 00:35:00,G9,35,Dubai,Toronto,,,,,,,,,,,,,,,,,,,,,,,,,,,,,,,,,,,,,,,,,,,,,,,,,,,,,,,,,,,,,,,,,,,,,,,,,,,,,,,,,2025-09-08 02:14:01,,,,,,,,,,,,,,,,,,,,,,,,,,,,,,,,,,,,,,,,,,,,,,,,
68bdee92245a927ffb268f44,68bb1bc8f209a8b6c3314b83,FL1164,Emirates,2025-08-31 15:00:00,2025-08-31 15:00:00,G8,0,Dubai,Delhi,68bb1d81f209a8b6c3314ef0,68bb1df0f209a8b6c3314fcd,68bdee916d2564f9a09da35b,68bdeebe6d2564f9a09da5eb,,,,,,,,,,,,,BAG1041,BAG1262,BAG1041,BAG1262,,,,,,,,,,,,,PAX1384,PAX1384,PAX1384,PAX1384,,,,,,,,,,,,,FL1164,FL1164,FL1164,FL1164,,,,,,,,,,,,,Missing,Not Loaded,Missing,Not Loaded,,,,,,,,,,,,,2025-09-08 02:15:13,68bb1d32f209a8b6c3314e53,68bdeed86d2564f9a09da768,,,,,,,PAX1384,PAX1384,,,,,,,FL1164,FL1164,,,,,,,2025-08-31 12:42:00,2025-08-31 12:42:00,,,,,,,true,true,,,,,,,G8,G8,,,,,,
68bdee92245a927ffb268f45,68bb1c2ff209a8b6c3314c4f,FL1368,Lufthansa,2025-09-04 21:00:00,2025-09-04 21:20:00,G6,20,Dubai,Toronto,68bb1d91f209a8b6c3314f0f,68bdee976d2564f9a09da3b2,,,,,,,,,,,,,,,BAG1072,BAG1072,,,,,,,,,,,,,,,PAX1039,PAX1039,,,,,,,,,,,,,,,FL1368,FL1368,,,,,,,,,,,,,,,Missing,Missing,,,,,,,,,,,,,,,2025-09-08 02:15:09,68bb1c85f209a8b6c3314cfa,68bdee916d2564f9a09da35c,,,,,,,PAX1039,PAX1039,,,,,,,FL1368,FL1368,,,,,,,2025-09-04 19:08:00,2025-09-04 19:08:00,,,,,,,true,true,,,,,,,G6,G6,,,,,,
68bdee92245a927ffb268f46,68bb1b89f209a8b6c3314b06,FL1039,Air India,2025-08-29 00:30:00,2025-08-29 00:45:00,G5,15,Dubai,Istanbul,,,,,,,,,,,,,,,,,,,,,,,,,,,,,,,,,,,,,,,,,,,,,,,,,,,,,,,,,,,,,,,,,,,,,,,,,,,,,,,,,2025-09-08 02:14:59,68bb1cf1f209a8b6c3314dd1,68bb1d11f209a8b6c3314e11,68bdeebe6d2564f9a09da5e4,68bdeecb6d2564f9a09da6a4,,,,,PAX1254,PAX1318,PAX1254,PAX1318,,,,,FL1039,FL1039,FL1039,FL1039,,,,,2025-08-28 23:46:00,2025-08-28 23:40:00,2025-08-28 23:46:00,2025-08-28 23:40:00,,,,,false,true,false,true,,,,,G5,G5,G5,G5,,,,
68bdee92245a927ffb268f47,68bb1c70f209a8b6c3314cd2,FL1499,Etihad,2025-09-07 14:30:00,2025-09-07 14:50:00,G16,20,Dubai,London,68bb1d81f209a8b6c3314ef1,68bdee926d2564f9a09da35e,,,,,,,,,,,,,,,BAG1042,BAG1042,,,,,,,,,,,,,,,PAX1321,PAX1321,,,,,,,,,,,,,,,FL1499,FL1499,,,,,,,,,,,,,,,Missing,Missing,,,,,,,,,,,,,,,2025-09-08 02:15:36,68bb1d12f209a8b6c3314e14,68bdeecc6d2564f9a09da6ad,,,,,,,PAX1321,PAX1321,,,,,,,FL1499,FL1499,,,,,,,2025-09-07 13:15:00,2025-09-07 13:15:00,,,,,,,false,false,,,,,,,G16,G16,,,,,,
68bdee92245a927ffb268f48,68bb1b8af209a8b6c3314b07,FL1040,Etihad,2025-08-29 01:00:00,2025-08-29 01:35:00,G16,35,Dubai,Doha,68bb1dacf209a8b6c3314f46,68bb1e5af209a8b6c33150a0,68bb1e63f209a8b6c33150b2,68bdeea26d2564f9a09da455,68bdeeea6d2564f9a09da86f,68bdeeee6d2564f9a09da8a5,,,,,,,,,,,BAG1127,BAG1473,BAG1491,BAG1127,BAG1473,BAG1491,,,,,,,,,,,PAX1468,PAX1468,PAX1084,PAX1468,PAX1468,PAX1084,,,,,,,,,,,FL1040,FL1040,FL1040,FL1040,FL1040,FL1040,,,,,,,,,,,Not Loaded,Missing,Not Loaded,Not Loaded,Missing,Not Loaded,,,,,,,,,,,2025-09-08 02:15:34,68bb1c9bf209a8b6c3314d27,68bb1d3ff209a8b6c3314e6d,68bb1d5cf209a8b6c3314ea7,68bdee9b6d2564f9a09da3e5,68bdeede6d2564f9a09da7b3,68bdeee96d2564f9a09da860,,,PAX1084,PAX1410,PAX1468,PAX1084,PAX1410,PAX1468,,,FL1040,FL1040,FL1040,FL1040,FL1040,FL1040,,,2025-08-28 23:43:00,2025-08-29 00:17:00,2025-08-28 22:42:00,2025-08-28 23:43:00,2025-08-29 00:17:00,2025-08-28 22:42:00,,,false,false,false,false,false,false,,,G16,G16,G16,G16,G16,G16,,
68bdee92245a927ffb268f49,68bb1bbff209a8b6c3314b70,FL1145,Turkish Airlines,2025-08-31 05:30:00,2025-08-31 05:55:00,G3,25,Dubai,Delhi,68bb1e50f209a8b6c331508d,68bdeee76d2564f9a09da837,,,,,,,,,,,,,,,BAG1454,BAG1454,,,,,,,,,,,,,,,PAX1354,PAX1354,,,,,,,,,,,,,,,FL1145,FL1145,,,,,,,,,,,,,,,Missing,Missing,,,,,,,,,,,,,,,2025-09-08 02:15:27,68bb1c85f209a8b6c3314cfb,68bb1d13f209a8b6c3314e15,68bb1d23f209a8b6c3314e35,68bdee926d2564f9a09da35f,68bdeecc6d2564f9a09da6b0,68bdeed26d2564f9a09da70f,,,PAX1040,PAX1322,PAX1354,PAX1040,PAX1322,PAX1354,,,FL1145,FL1145,FL1145,FL1145,FL1145,FL1145,,,2025-08-31 04:37:00,2025-08-31 04:36:00,2025-08-31 04:32:00,2025-08-31 04:37:00,2025-08-31 04:36:00,2025-08-31 04:32:00,,,false,true,true,false,true,true,,,G3,G3,G3,G3,G3,G3,,
68bdee92245a927ffb268f4a,68bb1c21f209a8b6c3314c33,FL1340,Air India,2025-09-04 07:00:00,2025-09-04 07:00:00,G10,0,Dubai,Delhi,68bb1d82f209a8b6c3314ef2,68bb1dc5f209a8b6c3314f78,68bdee926d2564f9a09da361,68bdeead6d2564f9a09da4ea,,,,,,,,,,,,,BAG1043,BAG1177,BAG1043,BAG1177,,,,,,,,,,,,,PAX1051,PAX1051,PAX1051,PAX1051,,,,,,,,,,,,,FL1340,FL1340,FL1340,FL1340,,,,,,,,,,,,,Not Loaded,Loaded,Not Loaded,Loaded,,,,,,,,,,,,,2025-09-08 02:15:04,68bb1c8bf209a8b6c3314d06,68bdee946d2564f9a09da381,,,,,,,PAX1051,PAX1051,,,,,,,FL1340,FL1340,,,,,,,2025-09-04 05:44:00,2025-09-04 05:44:00,,,,,,,true,true,,,,,,,G10,G10,,,,,,
68bdee92245a927ffb268f4b,68bb1b8af209a8b6c3314b08,FL1041,Etihad,2025-08-29 01:30:00,2025-08-29 01:40:00,G17,10,Dubai,Chicago,,,,,,,,,,,,,,,,,,,,,,,,,,,,,,,,,,,,,,,,,,,,,,,,,,,,,,,,,,,,,,,,,,,,,,,,,,,,,,,,,2025-09-08 02:14:02,,,,,,,,,,,,,,,,,,,,,,,,,,,,,,,,,,,,,,,,,,,,,,,,
68bdee93245a927ffb268f4c,68bb1b8bf209a8b6c3314b09,FL1042,British Airways,2025-08-29 02:00:00,2025-08-29 02:25:00,G8,25,Dubai,Paris,68bb1e3af209a8b6c3315061,68bdeedd6d2564f9a09da7ae,,,,,,,,,,,,,,,BAG1410,BAG1410,,,,,,,,,,,,,,,PAX1435,PAX1435,,,,,,,,,,,,,,,FL1042,FL1042,,,,,,,,,,,,,,,Missing,Missing,,,,,,,,,,,,,,,2025-09-08 02:15:23,68bb1d00f209a8b6c3314df0,68bb1d4cf209a8b6c3314e86,68bdeec46d2564f9a09da645,68bdeee36d2564f9a09da7fd,,,,,PAX1285,PAX1435,PAX1285,PAX1435,,,,,FL1042,FL1042,FL1042,FL1042,,,,,2025-08-29 00:23:00,2025-08-29 00:12:00,2025-08-29 00:23:00,2025-08-29 00:12:00,,,,,false,false,false,false,,,,,G8,G8,G8,G8,,,,
68bdee93245a927ffb268f4d,68bb1c30f209a8b6c3314c52,FL1371,Qatar Airways,2025-09-04 22:30:00,2025-09-04 23:30:00,G12,60,Dubai,London,68bb1d83f209a8b6c3314ef4,68bb1dd0f209a8b6c3314f8e,68bdee926d2564f9a09da367,68bdeeb16d2564f9a09da52e,,,,,,,,,,,,,BAG1045,BAG1199,BAG1045,BAG1199,,,,,,,,,,,,,PAX1207,PAX1207,PAX1207,PAX1207,,,,,,,,,,,,,FL1371,FL1371,FL1371,FL1371,,,,,,,,,,,,,Missing,Not Loaded,Missing,Not Loaded,,,,,,,,,,,,,2025-09-08 02:15:19,68bb1cd9f209a8b6c3314da2,68bb1d43f209a8b6c3314e75,68bdeeb46d2564f9a09da55b,68bdeedf6d2564f9a09da7ca,,,,,PAX1207,PAX1418,PAX1207,PAX1418,,,,,FL1371,FL1371,FL1371,FL1371,,,,,2025-09-04 20:17:00,2025-09-04 21:30:00,2025-09-04 20:17:00,2025-09-04 21:30:00,,,,,true,false,true,false,,,,,G12,G12,G12,G12,,,,
68bdee93245a927ffb268f4e,68bb1bfff209a8b6c3314bf0,FL1273,Qatar Airways,2025-09-02 21:30:00,2025-09-02 22:30:00,G5,60,Dubai,Mumbai,,,,,,,,,,,,,,,,,,,,,,,,,,,,,,,,,,,,,,,,,,,,,,,,,,,,,,,,,,,,,,,,,,,,,,,,,,,,,,,,,2025-09-08 02:14:50,68bb1c87f209a8b6c3314cfe,68bdee926d2564f9a09da369,,,,,,,PAX1043,PAX1043,,,,,,,FL1273,FL1273,,,,,,,2025-09-02 20:37:00,2025-09-02 20:37:00,,,,,,,false,false,,,,,,,G5,G5,,,,,,
68bdee93245a927ffb268f4f,68bb1b8bf209a8b6c3314b0a,FL1043,Turkish Airlines,2025-08-29 02:30:00,2025-08-29 02:40:00,G8,10,Dubai,Cape Town,,,,,,,,,,,,,,,,,,,,,,,,,,,,,,,,,,,,,,,,,,,,,,,,,,,,,,,,,,,,,,,,,,,,,,,,,,,,,,,,,2025-09-08 02:14:02,,,,,,,,,,,,,,,,,,,,,,,,,,,,,,,,,,,,,,,,,,,,,,,,
68bdee93245a927ffb268f50,68bb1b8cf209a8b6c3314b0b,FL1044,Singapore Airlines,2025-08-29 03:00:00,2025-08-29 03:00:00,G20,0,Dubai,Sydney,68bb1dbef209a8b6c3314f69,68bb1e0ef209a8b6c331500a,68bdeeaa6d2564f9a09da4bd,68bdeecb6d2564f9a09da6a6,,,,,,,,,,,,,BAG1162,BAG1323,BAG1162,BAG1323,,,,,,,,,,,,,PAX1168,PAX1168,PAX1168,PAX1168,,,,,,,,,,,,,FL1044,FL1044,FL1044,FL1044,,,,,,,,,,,,,Not Loaded,Missing,Not Loaded,Missing,,,,,,,,,,,,,2025-09-08 02:14:59,68bb1cc5f209a8b6c3314d7b,68bdeeac6d2564f9a09da4e6,,,,,,,PAX1168,PAX1168,,,,,,,FL1044,FL1044,,,,,,,2025-08-29 01:25:00,2025-08-29 01:25:00,,,,,,,false,false,,,,,,,G20,G20,,,,,,
68bdee93245a927ffb268f51,68bb1c07f209a8b6c3314c00,FL1289,Turkish Airlines,2025-09-03 05:30:00,2025-09-03 05:45:00,G1,15,Dubai,Bangkok,68bb1d84f209a8b6c3314ef6,68bb1d8cf209a8b6c3314f07,68bb1da1f209a8b6c3314f2f,68bb1daaf209a8b6c3314f42,68bb1e00f209a8b6c3314fee,68bb1e04f209a8b6c3314ff6,68bdee936d2564f9a09da36d,68bdee966d2564f9a09da39c,68bdee9e6d2564f9a09da412,68bdeea26d2564f9a09da449,68bdeec56d2564f9a09da64d,68bdeec76d2564f9a09da666,,,,,BAG1047,BAG1064,BAG1104,BAG1123,BAG1295,BAG1303,BAG1047,BAG1064,BAG1104,BAG1123,BAG1295,BAG1303,,,,,PAX1165,PAX1350,PAX1126,PAX1165,PAX1165,PAX1165,PAX1165,PAX1350,PAX1126,PAX1165,PAX1165,PAX1165,,,,,FL1289,FL1289,FL1289,FL1289,FL1289,FL1289,FL1289,FL1289,FL1289,FL1289,FL1289,FL1289,,,,,Missing,Missing,Not Loaded,Missing,Not Loaded,Not Loaded,Missing,Missing,Not Loaded,Missing,Not Loaded,Not Loaded,,,,,2025-09-08 02:15:06,68bb1cb0f209a8b6c3314d51,68bb1cc4f209a8b6c3314d78,68bb1d21f209a8b6c3314e31,68bdeea46d2564f9a09da465,68bdeeac6d2564f9a09da4dd,68bdeed26d2564f9a09da704,,,PAX1126,PAX1165,PAX1350,PAX1126,PAX1165,PAX1350,,,FL1289,FL1289,FL1289,FL1289,FL1289,FL1289,,,2025-09-03 04:57:00,2025-09-03 04:27:00,2025-09-03 03:30:00,2025-09-03 04:57:00,2025-09-03 04:27:00,2025-09-03 03:30:00,,,false,true,true,false,true,true,,,G1,G1,G1,G1,G1,G1,,
68bdee93245a927ffb268f52,68bb1bf3f209a8b6c3314bd8,FL1249,Etihad,2025-09-02 09:30:00,2025-09-02 09:30:00,G10,0,Dubai,Delhi,68bb1d84f209a8b6c3314ef7,68bdee936d2564f9a09da370,,,,,,,,,,,,,,,BAG1048,BAG1048,,,,,,,,,,,,,,,PAX1053,PAX1053,,,,,,,,,,,,,,,FL1249,FL1249,,,,,,,,,,,,,,,Loaded,Loaded,,,,,,,,,,,,,,,2025-09-08 02:14:45,68bb1c8cf209a8b6c3314d08,68bdee946d2564f9a09da388,,,,,,,PAX1053,PAX1053,,,,,,,FL1249,FL1249,,,,,,,2025-09-02 07:19:00,2025-09-02 07:19:00,,,,,,,true,true,,,,,,,G10,G10,,,,,,
68bdee93245a927ffb268f53,68bb1c0af209a8b6c3314c07,FL1296,Qatar Airways,2025-09-03 09:00:00,2025-09-03 09:35:00,G16,35,Dubai,Hong Kong,68bb1d9ef209a8b6c3314f29,68bb1e24f209a8b6c3315035,68bdee9d6d2564f9a09da401,68bdeed46d2564f9a09da727,,,,,,,,,,,,,BAG1098,BAG1366,BAG1098,BAG1366,,,,,,,,,,,,,PAX1282,PAX1282,PAX1282,PAX1282,,,,,,,,,,,,,FL1296,FL1296,FL1296,FL1296,,,,,,,,,,,,,Not Loaded,Missing,Not Loaded,Missing,,,,,,,,,,,,,2025-09-08 02:15:25,68bb1c88f209a8b6c3314d00,68bb1cfff209a8b6c3314ded,68bb1d50f209a8b6c3314e8e,68bdee936d2564f9a09da36e,68bdeec46d2564f9a09da63c,68bdeee46d2564f9a09da816,,,PAX1045,PAX1282,PAX1443,PAX1045,PAX1282,PAX1443,,,FL1296,FL1296,FL1296,FL1296,FL1296,FL1296,,,2025-09-03 07:01:00,2025-09-03 07:33:00,2025-09-03 08:22:00,2025-09-03 07:01:00,2025-09-03 07:33:00,2025-09-03 08:22:00,,,false,true,true,false,true,true,,,G16,G16,G16,G16,G16,G16,,
68bdee93245a927ffb268f54,68bb1b8cf209a8b6c3314b0c,FL1045,Etihad,2025-08-29 03:30:00,2025-08-29 03:50:00,G16,20,Dubai,Istanbul,,,,,,,,,,,,,,,,,,,,,,,,,,,,,,,,,,,,,,,,,,,,,,,,,,,,,,,,,,,,,,,,,,,,,,,,,,,,,,,,,2025-09-08 02:14:03,,,,,,,,,,,,,,,,,,,,,,,,,,,,,,,,,,,,,,,,,,,,,,,,
68bdee93245a927ffb268f55,68bb1c09f209a8b6c3314c04,FL1293,Lufthansa,2025-09-03 07:30:00,2025-09-03 07:40:00,G6,10,Dubai,Los Angeles,68bb1d85f209a8b6c3314ef8,68bb1e30f209a8b6c331504d,68bb1e61f209a8b6c33150ae,68bdee936d2564f9a09da371,68bdeed96d2564f9a09da772,68bdeeed6d2564f9a09da899,,,,,,,,,,,BAG1049,BAG1390,BAG1487,BAG1049,BAG1390,BAG1487,,,,,,,,,,,PAX1125,PAX1125,PAX1125,PAX1125,PAX1125,PAX1125,,,,,,,,,,,FL1293,FL1293,FL1293,FL1293,FL1293,FL1293,,,,,,,,,,,Not Loaded,Missing,Loaded,Not Loaded,Missing,Loaded,,,,,,,,,,,2025-09-08 02:15:33,68bb1cb0f209a8b6c3314d50,68bb1d20f209a8b6c3314e2f,68bdeea36d2564f9a09da463,68bdeed16d2564f9a09da6fd,,,,,PAX1125,PAX1348,PAX1125,PAX1348,,,,,FL1293,FL1293,FL1293,FL1293,,,,,2025-09-03 06:48:00,2025-09-03 05:56:00,2025-09-03 06:48:00,2025-09-03 05:56:00,,,,,false,true,false,true,,,,,G6,G6,G6,G6,,,,
68bdee93245a927ffb268f56,68bb1c4cf209a8b6c3314c89,FL1426,Lufthansa,2025-09-06 02:00:00,2025-09-06 02:10:00,G16,10,Dubai,Rome,,,,,,,,,,,,,,,,,,,,,,,,,,,,,,,,,,,,,,,,,,,,,,,,,,,,,,,,,,,,,,,,,,,,,,,,,,,,,,,,,2025-09-08 02:15:21,68bb1c88f209a8b6c3314d01,68bdee936d2564f9a09da372,,,,,,,PAX1046,PAX1046,,,,,,,FL1426,FL1426,,,,,,,2025-09-06 00:12:00,2025-09-06 00:12:00,,,,,,,false,false,,,,,,,G16,G16,,,,,,
68bdee93245a927ffb268f57,68bb1b8df209a8b6c3314b0d,FL1046,Singapore Airlines,2025-08-29 04:00:00,2025-08-29 04:00:00,G4,0,Dubai,Cape Town,,,,,,,,,,,,,,,,,,,,,,,,,,,,,,,,,,,,,,,,,,,,,,,,,,,,,,,,,,,,,,,,,,,,,,,,,,,,,,,,,2025-09-08 02:14:04,68bb1c89f209a8b6c3314d03,68bdee936d2564f9a09da378,,,,,,,PAX1048,PAX1048,,,,,,,FL1046,FL1046,,,,,,,2025-08-29 01:00:00,2025-08-29 01:00:00,,,,,,,false,false,,,,,,,G4,G4,,,,,,
68bdee94245a927ffb268f58,68bb1bcbf209a8b6c3314b88,FL1169,British Airways,2025-08-31 17:30:00,2025-08-31 18:00:00,G15,30,Dubai,Mumbai,68bb1d85f209a8b6c3314ef9,68bb1e38f209a8b6c331505d,68bb1e54f209a8b6c3315095,68bdee936d2564f9a09da374,68bdeedc6d2564f9a09da7a1,68bdeee86d2564f9a09da84f,,,,,,,,,,,BAG1050,BAG1406,BAG1462,BAG1050,BAG1406,BAG1462,,,,,,,,,,,PAX1441,PAX1441,PAX1441,PAX1441,PAX1441,PAX1441,,,,,,,,,,,FL1169,FL1169,FL1169,FL1169,FL1169,FL1169,,,,,,,,,,,Loaded,Missing,Loaded,Loaded,Missing,Loaded,,,,,,,,,,,2025-09-08 02:15:28,68bb1d4ff209a8b6c3314e8c,68bdeee46d2564f9a09da80f,,,,,,,PAX1441,PAX1441,,,,,,,FL1169,FL1169,,,,,,,2025-08-31 16:13:00,2025-08-31 16:13:00,,,,,,,true,true,,,,,,,G15,G15,,,,,,
68bdee94245a927ffb268f59,68bb1c05f209a8b6c3314bfd,FL1286,British Airways,2025-09-03 04:00:00,2025-09-03 04:35:00,G15,35,Dubai,Bangkok,68bb1d9af209a8b6c3314f22,68bb1de3f209a8b6c3314fb4,68bb1e2df209a8b6c3315047,68bb1e5bf209a8b6c33150a3,68bdee9b6d2564f9a09da3ec,68bdeeb96d2564f9a09da5a0,68bdeed86d2564f9a09da75e,68bdeeeb6d2564f9a09da878,,,,,,,,,BAG1091,BAG1237,BAG1384,BAG1476,BAG1091,BAG1237,BAG1384,BAG1476,,,,,,,,,PAX1364,PAX1364,PAX1088,PAX1324,PAX1364,PAX1364,PAX1088,PAX1324,,,,,,,,,FL1286,FL1286,FL1286,FL1286,FL1286,FL1286,FL1286,FL1286,,,,,,,,,Missing,Missing,Not Loaded,Missing,Missing,Missing,Not Loaded,Missing,,,,,,,,,2025-09-08 02:15:31,68bb1c89f209a8b6c3314d02,68bb1c9df209a8b6c3314d2b,68bb1d14f209a8b6c3314e17,68bb1d28f209a8b6c3314e3f,68bdee936d2564f9a09da375,68bdee9c6d2564f9a09da3f2,68bdeecc6d2564f9a09da6b6,68bdeed46d2564f9a09da72c,PAX1047,PAX1088,PAX1324,PAX1364,PAX1047,PAX1088,PAX1324,PAX1364,FL1286,FL1286,FL1286,FL1286,FL1286,FL1286,FL1286,FL1286,2025-09-03 01:12:00,2025-09-03 01:05:00,2025-09-03 01:45:00,2025-09-03 02:38:00,2025-09-03 01:12:00,2025-09-03 01:05:00,2025-09-03 01:45:00,2025-09-03 02:38:00,true,true,false,true,true,true,false,true,G15,G15,G15,G15,G15,G15,G15,G15
68bdee94245a927ffb268f5a,68bb1b8df209a8b6c3314b0e,FL1047,Etihad,2025-08-29 04:30:00,2025-08-29 04:50:00,G10,20,Dubai,Bangkok,,,,,,,,,,,,,,,,,,,,,,,,,,,,,,,,,,,,,,,,,,,,,,,,,,,,,,,,,,,,,,,,,,,,,,,,,,,,,,,,,2025-09-08 02:14:03,,,,,,,,,,,,,,,,,,,,,,,,,,,,,,,,,,,,,,,,,,,,,,,,
68bdee94245a927ffb268f5b,68bb1b9ef209a8b6c3314b2e,FL1079,Turkish Airlines,2025-08-29 20:30:00,2025-08-29 21:10:00,G18,40,Dubai,Frankfurt,68bb1d86f209a8b6c3314efa,68bdee936d2564f9a09da377,,,,,,,,,,,,,,,BAG1051,BAG1051,,,,,,,,,,,,,,,PAX1072,PAX1072,,,,,,,,,,,,,,,FL1079,FL1079,,,,,,,,,,,,,,,Not Loaded,Not Loaded,,,,,,,,,,,,,,,2025-09-08 02:14:10,68bb1c95f209a8b6c3314d1b,68bdee986d2564f9a09da3c2,,,,,,,PAX1072,PAX1072,,,,,,,FL1079,FL1079,,,,,,,2025-08-29 19:02:00,2025-08-29 19:02:00,,,,,,,false,false,,,,,,,G18,G18,,,,,,
68bdee94245a927ffb268f5c,68bb1b8ef209a8b6c3314b0f,FL1048,Air India,2025-08-29 05:00:00,2025-08-29 05:00:00,G11,0,Dubai,Tokyo,,,,,,,,,,,,,,,,,,,,,,,,,,,,,,,,,,,,,,,,,,,,,,,,,,,,,,,,,,,,,,,,,,,,,,,,,,,,,,,,,2025-09-08 02:14:04,,,,,,,,,,,,,,,,,,,,,,,,,,,,,,,,,,,,,,,,,,,,,,,,
68bdee94245a927ffb268f5d,68bb1c63f209a8b6c3314cb7,FL1472,Singapore Airlines,2025-09-07 01:00:00,2025-09-07 02:00:00,G17,60,Dubai,Zurich,68bb1d96f209a8b6c3314f1a,68bb1e3af209a8b6c3315060,68bdee9a6d2564f9a09da3d3,68bdeedd6d2564f9a09da7ab,,,,,,,,,,,,,BAG1083,BAG1409,BAG1083,BAG1409,,,,,,,,,,,,,PAX1049,PAX1067,PAX1049,PAX1067,,,,,,,,,,,,,FL1472,FL1472,FL1472,FL1472,,,,,,,,,,,,,Missing,Loaded,Missing,Loaded,,,,,,,,,,,,,2025-09-08 02:15:31,68bb1c8af209a8b6c3314d04,68bb1c93f209a8b6c3314d16,68bdee946d2564f9a09da37c,68bdee976d2564f9a09da3b3,,,,,PAX1049,PAX1067,PAX1049,PAX1067,,,,,FL1472,FL1472,FL1472,FL1472,,,,,2025-09-06 23:54:00,2025-09-06 23:24:00,2025-09-06 23:54:00,2025-09-06 23:24:00,,,,,true,false,true,false,,,,,G17,G17,G17,G17,,,,
68bdee94245a927ffb268f5e,68bb1b8ef209a8b6c3314b10,FL1049,Lufthansa,2025-08-29 05:30:00,2025-08-29 06:00:00,G1,30,Dubai,Amsterdam,,,,,,,,,,,,,,,,,,,,,,,,,,,,,,,,,,,,,,,,,,,,,,,,,,,,,,,,,,,,,,,,,,,,,,,,,,,,,,,,,2025-09-08 02:14:04,,,,,,,,,,,,,,,,,,,,,,,,,,,,,,,,,,,,,,,,,,,,,,,,
68bdee94245a927ffb268f5f,68bb1bf9f209a8b6c3314be5,FL1262,British Airways,2025-09-02 16:00:00,2025-09-02 16:00:00,G14,0,Dubai,Zurich,,,,,,,,,,,,,,,,,,,,,,,,,,,,,,,,,,,,,,,,,,,,,,,,,,,,,,,,,,,,,,,,,,,,,,,,,,,,,,,,,2025-09-08 02:14:48,68bb1c8af209a8b6c3314d05,68bdee946d2564f9a09da37e,,,,,,,PAX1050,PAX1050,,,,,,,FL1262,FL1262,,,,,,,2025-09-02 15:26:00,2025-09-02 15:26:00,,,,,,,true,true,,,,,,,G14,G14,,,,,,
68bdee94245a927ffb268f60,68bb1b8ff209a8b6c3314b11,FL1050,Air India,2025-08-29 06:00:00,2025-08-29 06:25:00,G17,25,Dubai,Amsterdam,,,,,,,,,,,,,,,,,,,,,,,,,,,,,,,,,,,,,,,,,,,,,,,,,,,,,,,,,,,,,,,,,,,,,,,,,,,,,,,,,2025-09-08 02:14:34,68bb1cd2f209a8b6c3314d94,68bdeeb26d2564f9a09da52f,,,,,,,PAX1193,PAX1193,,,,,,,FL1050,FL1050,,,,,,,2025-08-29 03:13:00,2025-08-29 03:13:00,,,,,,,false,false,,,,,,,G17,G17,,,,,,
68bdee94245a927ffb268f61,68bb1bb6f209a8b6c3314b5f,FL1128,Emirates,2025-08-30 21:00:00,2025-08-30 21:00:00,G5,0,Dubai,Istanbul,68bb1d87f209a8b6c3314efd,68bb1d98f209a8b6c3314f1d,68bb1db5f209a8b6c3314f58,68bdee946d2564f9a09da380,68bdee9a6d2564f9a09da3dd,68bdeea66d2564f9a09da48a,,,,,,,,,,,BAG1054,BAG1086,BAG1145,BAG1054,BAG1086,BAG1145,,,,,,,,,,,PAX1137,PAX1137,PAX1137,PAX1137,PAX1137,PAX1137,,,,,,,,,,,FL1128,FL1128,FL1128,FL1128,FL1128,FL1128,,,,,,,,,,,Loaded,Not Loaded,Not Loaded,Loaded,Not Loaded,Not Loaded,,,,,,,,,,,2025-09-08 02:15:28,68bb1cb6f209a8b6c3314d5c,68bb1d5af209a8b6c3314ea2,68bdeea66d2564f9a09da488,68bdeee86d2564f9a09da850,,,,,PAX1137,PAX1463,PAX1137,PAX1463,,,,,FL1128,FL1128,FL1128,FL1128,,,,,2025-08-30 20:22:00,2025-08-30 18:51:00,2025-08-30 20:22:00,2025-08-30 18:51:00,,,,,true,false,true,false,,,,,G5,G5,G5,G5,,,,
68bdee94245a927ffb268f62,68bb1b8ff209a8b6c3314b12,FL1051,Turkish Airlines,2025-08-29 06:30:00,2025-08-29 07:00:00,G18,30,Dubai,Cape Town,68bb1e3ff209a8b6c331506b,68bdeedf6d2564f9a09da7ce,,,,,,,,,,,,,,,BAG1420,BAG1420,,,,,,,,,,,,,,,PAX1345,PAX1345,,,,,,,,,,,,,,,FL1051,FL1051,,,,,,,,,,,,,,,Not Loaded,Not Loaded,,,,,,,,,,,,,,,2025-09-08 02:15:20,68bb1d1ef209a8b6c3314e2c,68bdeed06d2564f9a09da6f4,,,,,,,PAX1345,PAX1345,,,,,,,FL1051,FL1051,,,,,,,2025-08-29 05:20:00,2025-08-29 05:20:00,,,,,,,true,true,,,,,,,G18,G18,,,,,,
68bdee95245a927ffb268f63,68bb1bb4f209a8b6c3314b5a,FL1123,Air India,2025-08-30 18:30:00,2025-08-30 18:45:00,G20,15,Dubai,Zurich,68bb1d88f209a8b6c3314efe,68bb1dc2f209a8b6c3314f72,68bdee946d2564f9a09da383,68bdeeab6d2564f9a09da4d8,,,,,,,,,,,,,BAG1055,BAG1171,BAG1055,BAG1171,,,,,,,,,,,,,PAX1145,PAX1145,PAX1145,PAX1145,,,,,,,,,,,,,FL1123,FL1123,FL1123,FL1123,,,,,,,,,,,,,Missing,Missing,Missing,Missing,,,,,,,,,,,,,2025-09-08 02:14:28,68bb1cbaf209a8b6c3314d64,68bdeea86d2564f9a09da4a0,,,,,,,PAX1145,PAX1145,,,,,,,FL1123,FL1123,,,,,,,2025-08-30 16:35:00,2025-08-30 16:35:00,,,,,,,true,true,,,,,,,G20,G20,,,,,,
68bdee95245a927ffb268f64,68bb1b90f209a8b6c3314b13,FL1052,Air India,2025-08-29 07:00:00,2025-08-29 07:00:00,G5,0,Dubai,Chicago,,,,,,,,,,,,,,,,,,,,,,,,,,,,,,,,,,,,,,,,,,,,,,,,,,,,,,,,,,,,,,,,,,,,,,,,,,,,,,,,,2025-09-08 02:14:04,,,,,,,,,,,,,,,,,,,,,,,,,,,,,,,,,,,,,,,,,,,,,,,,
68bdee95245a927ffb268f65,68bb1baff209a8b6c3314b50,FL1113,Emirates,2025-08-30 13:30:00,2025-08-30 14:10:00,G17,40,Dubai,London,68bb1ddaf209a8b6c3314fa2,68bdeeb56d2564f9a09da569,,,,,,,,,,,,,,,BAG1219,BAG1219,,,,,,,,,,,,,,,PAX1052,PAX1052,,,,,,,,,,,,,,,FL1113,FL1113,,,,,,,,,,,,,,,Not Loaded,Not Loaded,,,,,,,,,,,,,,,2025-09-08 02:14:38,68bb1c8bf209a8b6c3314d07,68bdee946d2564f9a09da385,,,,,,,PAX1052,PAX1052,,,,,,,FL1113,FL1113,,,,,,,2025-08-30 12:21:00,2025-08-30 12:21:00,,,,,,,true,true,,,,,,,G17,G17,,,,,,
68bdee95245a927ffb268f66,68bb1bf0f209a8b6c3314bd2,FL1243,Lufthansa,2025-09-02 06:30:00,2025-09-02 06:45:00,G14,15,Dubai,Hong Kong,68bb1d88f209a8b6c3314eff,68bb1dc3f209a8b6c3314f74,68bb1e37f209a8b6c331505b,68bdee946d2564f9a09da386,68bdeeac6d2564f9a09da4de,68bdeedc6d2564f9a09da79b,,,,,,,,,,,BAG1056,BAG1173,BAG1404,BAG1056,BAG1173,BAG1404,,,,,,,,,,,PAX1199,PAX1199,PAX1199,PAX1199,PAX1199,PAX1199,,,,,,,,,,,FL1243,FL1243,FL1243,FL1243,FL1243,FL1243,,,,,,,,,,,Missing,Not Loaded,Loaded,Missing,Not Loaded,Loaded,,,,,,,,,,,2025-09-08 02:15:16,68bb1cd5f209a8b6c3314d9a,68bdeeb36d2564f9a09da542,,,,,,,PAX1199,PAX1199,,,,,,,FL1243,FL1243,,,,,,,2025-09-02 04:32:00,2025-09-02 04:32:00,,,,,,,false,false,,,,,,,G14,G14,,,,,,
68bdee95245a927ffb268f67,68bb1bc4f209a8b6c3314b7a,FL1155,Lufthansa,2025-08-31 10:30:00,2025-08-31 11:05:00,G7,35,Dubai,Istanbul,68bb1d89f209a8b6c3314f00,68bdee946d2564f9a09da389,,,,,,,,,,,,,,,BAG1057,BAG1057,,,,,,,,,,,,,,,PAX1068,PAX1068,,,,,,,,,,,,,,,FL1155,FL1155,,,,,,,,,,,,,,,Loaded,Loaded,,,,,,,,,,,,,,,2025-09-08 02:14:26,68bb1c93f209a8b6c3314d17,68bb1cadf209a8b6c3314d4a,68bdee986d2564f9a09da3b6,68bdeea26d2564f9a09da451,,,,,PAX1068,PAX1119,PAX1068,PAX1119,,,,,FL1155,FL1155,FL1155,FL1155,,,,,2025-08-31 08:47:00,2025-08-31 07:51:00,2025-08-31 08:47:00,2025-08-31 07:51:00,,,,,true,true,true,true,,,,,G7,G7,G7,G7,,,,
68bdee95245a927ffb268f68,68bb1b90f209a8b6c3314b14,FL1053,British Airways,2025-08-29 07:30:00,2025-08-29 08:00:00,G20,30,Dubai,Tokyo,68bb1e09f209a8b6c3314fff,68bdeec96d2564f9a09da683,,,,,,,,,,,,,,,BAG1312,BAG1312,,,,,,,,,,,,,,,PAX1342,PAX1342,,,,,,,,,,,,,,,FL1053,FL1053,,,,,,,,,,,,,,,Missing,Missing,,,,,,,,,,,,,,,2025-09-08 02:15:04,68bb1d1df209a8b6c3314e29,68bdeed06d2564f9a09da6eb,,,,,,,PAX1342,PAX1342,,,,,,,FL1053,FL1053,,,,,,,2025-08-29 05:02:00,2025-08-29 05:02:00,,,,,,,false,false,,,,,,,G20,G20,,,,,,
68bdee95245a927ffb268f69,68bb1c63f209a8b6c3314cb8,FL1473,Lufthansa,2025-09-07 01:30:00,2025-09-07 01:40:00,G6,10,Dubai,Bangkok,68bb1d89f209a8b6c3314f01,68bdee956d2564f9a09da38a,,,,,,,,,,,,,,,BAG1058,BAG1058,,,,,,,,,,,,,,,PAX1483,PAX1483,,,,,,,,,,,,,,,FL1473,FL1473,,,,,,,,,,,,,,,Missing,Missing,,,,,,,,,,,,,,,2025-09-08 02:15:33,68bb1d64f209a8b6c3314eb6,68bdeeed6d2564f9a09da88e,,,,,,,PAX1483,PAX1483,,,,,,,FL1473,FL1473,,,,,,,2025-09-07 00:01:00,2025-09-07 00:01:00,,,,,,,true,true,,,,,,,G6,G6,,,,,,
68bdee95245a927ffb268f6a,68bb1b91f209a8b6c3314b15,FL1054,Lufthansa,2025-08-29 08:00:00,2025-08-29 09:00:00,G2,60,Dubai,Toronto,,,,,,,,,,,,,,,,,,,,,,,,,,,,,,,,,,,,,,,,,,,,,,,,,,,,,,,,,,,,,,,,,,,,,,,,,,,,,,,,,2025-09-08 02:14:05,,,,,,,,,,,,,,,,,,,,,,,,,,,,,,,,,,,,,,,,,,,,,,,,
68bdee95245a927ffb268f6b,68bb1c1af209a8b6c3314c25,FL1326,Qatar Airways,2025-09-04 00:00:00,2025-09-04 00:20:00,G2,20,Dubai,New York,68bb1d8af209a8b6c3314f02,68bb1d9cf209a8b6c3314f26,68bdee956d2564f9a09da38d,68bdee9c6d2564f9a09da3f7,,,,,,,,,,,,,BAG1059,BAG1095,BAG1059,BAG1095,,,,,,,,,,,,,PAX1317,PAX1317,PAX1317,PAX1317,,,,,,,,,,,,,FL1326,FL1326,FL1326,FL1326,,,,,,,,,,,,,Not Loaded,Missing,Not Loaded,Missing,,,,,,,,,,,,,2025-09-08 02:15:01,68bb1d10f209a8b6c3314e10,68bdeecb6d2564f9a09da6a1,,,,,,,PAX1317,PAX1317,,,,,,,FL1326,FL1326,,,,,,,2025-09-03 21:49:00,2025-09-03 21:49:00,,,,,,,false,false,,,,,,,G2,G2,,,,,,
68bdee95245a927ffb268f6c,68bb1b91f209a8b6c3314b16,FL1055,Qatar Airways,2025-08-29 08:30:00,2025-08-29 08:50:00,G3,20,Dubai,Chicago,,,,,,,,,,,,,,,,,,,,,,,,,,,,,,,,,,,,,,,,,,,,,,,,,,,,,,,,,,,,,,,,,,,,,,,,,,,,,,,,,2025-09-08 02:14:05,,,,,,,,,,,,,,,,,,,,,,,,,,,,,,,,,,,,,,,,,,,,,,,,
68bdee95245a927ffb268f6d,68bb1c3bf209a8b6c3314c68,FL1393,Emirates,2025-09-05 09:30:00,2025-09-05 09:55:00,G15,25,Dubai,Frankfurt,68bb1d8af209a8b6c3314f03,68bdee956d2564f9a09da390,,,,,,,,,,,,,,,BAG1060,BAG1060,,,,,,,,,,,,,,,PAX1171,PAX1171,,,,,,,,,,,,,,,FL1393,FL1393,,,,,,,,,,,,,,,Loaded,Loaded,,,,,,,,,,,,,,,2025-09-08 02:15:15,68bb1cc7f209a8b6c3314d7e,68bdeead6d2564f9a09da4ef,,,,,,,PAX1171,PAX1171,,,,,,,FL1393,FL1393,,,,,,,2025-09-05 07:26:00,2025-09-05 07:26:00,,,,,,,true,true,,,,,,,G15,G15,,,,,,
68bdee96245a927ffb268f6e,68bb1b92f209a8b6c3314b17,FL1056,British Airways,2025-08-29 09:00:00,2025-08-29 09:40:00,G8,40,Dubai,Rome,,,,,,,,,,,,,,,,,,,,,,,,,,,,,,,,,,,,,,,,,,,,,,,,,,,,,,,,,,,,,,,,,,,,,,,,,,,,,,,,,2025-09-08 02:15:12,68bb1d31f209a8b6c3314e51,68bdeed86d2564f9a09da762,,,,,,,PAX1382,PAX1382,,,,,,,FL1056,FL1056,,,,,,,2025-08-29 06:36:00,2025-08-29 06:36:00,,,,,,,true,true,,,,,,,G8,G8,,,,,,
68bdee96245a927ffb268f6f,68bb1bd3f209a8b6c3314b98,FL1185,British Airways,2025-09-01 01:30:00,2025-09-01 02:05:00,G20,35,Dubai,Doha,68bb1d91f209a8b6c3314f10,68bb1dcdf209a8b6c3314f88,68bb1e10f209a8b6c331500d,68bdee986d2564f9a09da3b5,68bdeeb06d2564f9a09da51a,68bdeecc6d2564f9a09da6ae,,,,,,,,,,,BAG1073,BAG1193,BAG1326,BAG1073,BAG1193,BAG1326,,,,,,,,,,,PAX1194,PAX1426,PAX1194,PAX1194,PAX1426,PAX1194,,,,,,,,,,,FL1185,FL1185,FL1185,FL1185,FL1185,FL1185,,,,,,,,,,,Missing,Not Loaded,Loaded,Missing,Not Loaded,Loaded,,,,,,,,,,,2025-09-08 02:15:21,68bb1c8df209a8b6c3314d0b,68bb1cd2f209a8b6c3314d95,68bb1d47f209a8b6c3314e7d,68bdee956d2564f9a09da392,68bdeeb26d2564f9a09da532,68bdeee16d2564f9a09da7e2,,,PAX1056,PAX1194,PAX1426,PAX1056,PAX1194,PAX1426,,,FL1185,FL1185,FL1185,FL1185,FL1185,FL1185,,,2025-08-31 23:02:00,2025-09-01 00:21:00,2025-08-31 22:36:00,2025-08-31 23:02:00,2025-09-01 00:21:00,2025-08-31 22:36:00,,,false,false,true,false,false,true,,,G20,G20,G20,G20,G20,G20,,
68bdee96245a927ffb268f70,68bb1baff209a8b6c3314b51,FL1114,Air India,2025-08-30 14:00:00,2025-08-30 14:15:00,G1,15,Dubai,Paris,68bb1d8bf209a8b6c3314f04,68bb1d97f209a8b6c3314f1c,68bb1de1f209a8b6c3314fb0,68bb1dfdf209a8b6c3314fe8,68bb1e1ef209a8b6c3315029,68bb1e3df209a8b6c3315067,68bb1e61f209a8b6c33150af,68bdee956d2564f9a09da393,68bdee9a6d2564f9a09da3da,68bdeeb86d2564f9a09da594,68bdeec46d2564f9a09da63a,68bdeed16d2564f9a09da702,68bdeedf6d2564f9a09da7c0,68bdeeee6d2564f9a09da89c,,,BAG1061,BAG1085,BAG1233,BAG1289,BAG1354,BAG1416,BAG1488,BAG1061,BAG1085,BAG1233,BAG1289,BAG1354,BAG1416,BAG1488,,,PAX1209,PAX1140,PAX1473,PAX1473,PAX1140,PAX1473,PAX1140,PAX1209,PAX1140,PAX1473,PAX1473,PAX1140,PAX1473,PAX1140,,,FL1114,FL1114,FL1114,FL1114,FL1114,FL1114,FL1114,FL1114,FL1114,FL1114,FL1114,FL1114,FL1114,FL1114,,,Loaded,Missing,Loaded,Not Loaded,Not Loaded,Loaded,Missing,Loaded,Missing,Loaded,Not Loaded,Not Loaded,Loaded,Missing,,,2025-09-08 02:15:34,68bb1cb7f209a8b6c3314d5f,68bb1cdaf209a8b6c3314da4,68bb1d5ff209a8b6c3314eac,68bdeea76d2564f9a09da491,68bdeeb56d2564f9a09da561,68bdeeeb6d2564f9a09da870,,,PAX1140,PAX1209,PAX1473,PAX1140,PAX1209,PAX1473,,,FL1114,FL1114,FL1114,FL1114,FL1114,FL1114,,,2025-08-30 12:19:00,2025-08-30 12:24:00,2025-08-30 11:23:00,2025-08-30 12:19:00,2025-08-30 12:24:00,2025-08-30 11:23:00,,,true,false,false,true,false,false,,,G1,G1,G1,G1,G1,G1,,
68bdee96245a927ffb268f71,68bb1b92f209a8b6c3314b18,FL1057,Qatar Airways,2025-08-29 09:30:00,2025-08-29 09:40:00,G2,10,Dubai,Cape Town,,,,,,,,,,,,,,,,,,,,,,,,,,,,,,,,,,,,,,,,,,,,,,,,,,,,,,,,,,,,,,,,,,,,,,,,,,,,,,,,,2025-09-08 02:14:05,,,,,,,,,,,,,,,,,,,,,,,,,,,,,,,,,,,,,,,,,,,,,,,,
68bdee96245a927ffb268f72,68bb1c48f209a8b6c3314c81,FL1418,Singapore Airlines,2025-09-05 22:00:00,2025-09-05 22:20:00,G12,20,Dubai,Frankfurt,68bb1e3cf209a8b6c3315064,68bdeede6d2564f9a09da7b7,,,,,,,,,,,,,,,BAG1413,BAG1413,,,,,,,,,,,,,,,PAX1057,PAX1057,,,,,,,,,,,,,,,FL1418,FL1418,,,,,,,,,,,,,,,Not Loaded,Not Loaded,,,,,,,,,,,,,,,2025-09-08 02:15:20,68bb1c8ef209a8b6c3314d0c,68bdee956d2564f9a09da394,,,,,,,PAX1057,PAX1057,,,,,,,FL1418,FL1418,,,,,,,2025-09-05 19:54:00,2025-09-05 19:54:00,,,,,,,false,false,,,,,,,G12,G12,,,,,,
68bdee96245a927ffb268f73,68bb1bdaf209a8b6c3314ba6,FL1199,Emirates,2025-09-01 08:30:00,2025-09-01 08:45:00,G10,15,Dubai,Singapore,68bb1dc6f209a8b6c3314f7a,68bdeead6d2564f9a09da4f0,,,,,,,,,,,,,,,BAG1179,BAG1179,,,,,,,,,,,,,,,PAX1058,PAX1058,,,,,,,,,,,,,,,FL1199,FL1199,,,,,,,,,,,,,,,Missing,Missing,,,,,,,,,,,,,,,2025-09-08 02:15:19,68bb1c8ef209a8b6c3314d0d,68bb1ca0f209a8b6c3314d31,68bb1d42f209a8b6c3314e72,68bdee966d2564f9a09da397,68bdee9d6d2564f9a09da403,68bdeedf6d2564f9a09da7c1,,,PAX1058,PAX1094,PAX1415,PAX1058,PAX1094,PAX1415,,,FL1199,FL1199,FL1199,FL1199,FL1199,FL1199,,,2025-09-01 07:44:00,2025-09-01 05:32:00,2025-09-01 07:06:00,2025-09-01 07:44:00,2025-09-01 05:32:00,2025-09-01 07:06:00,,,true,true,true,true,true,true,,,G10,G10,G10,G10,G10,G10,,
68bdee96245a927ffb268f74,68bb1b93f209a8b6c3314b19,FL1058,Air India,2025-08-29 10:00:00,2025-08-29 10:40:00,G3,40,Dubai,New York,68bb1d8df209a8b6c3314f08,68bb1dc4f209a8b6c3314f75,68bb1e30f209a8b6c331504c,68bb1e44f209a8b6c3315074,68bb1e4bf209a8b6c3315082,68bdee966d2564f9a09da39f,68bdeeac6d2564f9a09da4e2,68bdeed96d2564f9a09da76f,68bdeee16d2564f9a09da7e9,68bdeee46d2564f9a09da814,,,,,,,BAG1065,BAG1174,BAG1389,BAG1429,BAG1443,BAG1065,BAG1174,BAG1389,BAG1429,BAG1443,,,,,,,PAX1466,PAX1419,PAX1492,PAX1492,PAX1466,PAX1466,PAX1419,PAX1492,PAX1492,PAX1466,,,,,,,FL1058,FL1058,FL1058,FL1058,FL1058,FL1058,FL1058,FL1058,FL1058,FL1058,,,,,,,Missing,Loaded,Loaded,Loaded,Loaded,Missing,Loaded,Loaded,Loaded,Loaded,,,,,,,2025-09-08 02:15:35,68bb1d44f209a8b6c3314e76,68bb1d5bf209a8b6c3314ea5,68bb1d68f209a8b6c3314ebf,68bdeedf6d2564f9a09da7cd,68bdeee96d2564f9a09da859,68bdeeee6d2564f9a09da8a9,,,PAX1419,PAX1466,PAX1492,PAX1419,PAX1466,PAX1492,,,FL1058,FL1058,FL1058,FL1058,FL1058,FL1058,,,2025-08-29 08:09:00,2025-08-29 09:20:00,2025-08-29 09:26:00,2025-08-29 08:09:00,2025-08-29 09:20:00,2025-08-29 09:26:00,,,true,true,true,true,true,true,,,G3,G3,G3,G3,G3,G3,,
68bdee96245a927ffb268f75,68bb1ba6f209a8b6c3314b3f,FL1096,Singapore Airlines,2025-08-30 05:00:00,2025-08-30 05:40:00,G17,40,Dubai,Toronto,68bb1d8cf209a8b6c3314f06,68bb1da9f209a8b6c3314f40,68bb1dd8f209a8b6c3314f9e,68bdee966d2564f9a09da399,68bdeea16d2564f9a09da443,68bdeeb56d2564f9a09da55d,,,,,,,,,,,BAG1063,BAG1121,BAG1215,BAG1063,BAG1121,BAG1215,,,,,,,,,,,PAX1139,PAX1139,PAX1139,PAX1139,PAX1139,PAX1139,,,,,,,,,,,FL1096,FL1096,FL1096,FL1096,FL1096,FL1096,,,,,,,,,,,Loaded,Loaded,Missing,Loaded,Loaded,Missing,,,,,,,,,,,2025-09-08 02:14:37,68bb1cb7f209a8b6c3314d5e,68bdeea66d2564f9a09da48e,,,,,,,PAX1139,PAX1139,,,,,,,FL1096,FL1096,,,,,,,2025-08-30 02:01:00,2025-08-30 02:01:00,,,,,,,false,false,,,,,,,G17,G17,,,,,,
68bdee96245a927ffb268f76,68bb1b9cf209a8b6c3314b2b,FL1076,Turkish Airlines,2025-08-29 19:00:00,2025-08-29 19:25:00,G2,25,Dubai,London,68bb1dd2f209a8b6c3314f92,68bb1df4f209a8b6c3314fd6,68bb1e2cf209a8b6c3315044,68bdeeb26d2564f9a09da538,68bdeec06d2564f9a09da605,68bdeed76d2564f9a09da755,,,,,,,,,,,BAG1203,BAG1271,BAG1381,BAG1203,BAG1271,BAG1381,,,,,,,,,,,PAX1059,PAX1059,PAX1108,PAX1059,PAX1059,PAX1108,,,,,,,,,,,FL1076,FL1076,FL1076,FL1076,FL1076,FL1076,,,,,,,,,,,Not Loaded,Loaded,Missing,Not Loaded,Loaded,Missing,,,,,,,,,,,2025-09-08 02:15:32,68bb1c8ff209a8b6c3314d0e,68bb1ca7f209a8b6c3314d3f,68bb1d62f209a8b6c3314eb3,68bdee966d2564f9a09da39a,68bdeea06d2564f9a09da42f,68bdeeec6d2564f9a09da885,,,PAX1059,PAX1108,PAX1480,PAX1059,PAX1108,PAX1480,,,FL1076,FL1076,FL1076,FL1076,FL1076,FL1076,,,2025-08-29 16:27:00,2025-08-29 18:28:00,2025-08-29 16:23:00,2025-08-29 16:27:00,2025-08-29 18:28:00,2025-08-29 16:23:00,,,true,true,false,true,true,false,,,G2,G2,G2,G2,G2,G2,,
68bdee96245a927ffb268f77,68bb1b93f209a8b6c3314b1a,FL1059,Lufthansa,2025-08-29 10:30:00,2025-08-29 11:05:00,G9,35,Dubai,Zurich,,,,,,,,,,,,,,,,,,,,,,,,,,,,,,,,,,,,,,,,,,,,,,,,,,,,,,,,,,,,,,,,,,,,,,,,,,,,,,,,,2025-09-08 02:14:06,,,,,,,,,,,,,,,,,,,,,,,,,,,,,,,,,,,,,,,,,,,,,,,,
68bdee96245a927ffb268f78,68bb1babf209a8b6c3314b49,FL1106,Turkish Airlines,2025-08-30 10:00:00,2025-08-30 10:25:00,G18,25,Dubai,Delhi,,,,,,,,,,,,,,,,,,,,,,,,,,,,,,,,,,,,,,,,,,,,,,,,,,,,,,,,,,,,,,,,,,,,,,,,,,,,,,,,,2025-09-08 02:14:16,68bb1c8ff209a8b6c3314d0f,68bdee966d2564f9a09da39d,,,,,,,PAX1060,PAX1060,,,,,,,FL1106,FL1106,,,,,,,2025-08-30 07:32:00,2025-08-30 07:32:00,,,,,,,false,false,,,,,,,G18,G18,,,,,,
68bdee96245a927ffb268f79,68bb1b94f209a8b6c3314b1b,FL1060,Air India,2025-08-29 11:00:00,2025-08-29 11:25:00,G15,25,Dubai,Istanbul,68bb1d95f209a8b6c3314f18,68bb1e2af209a8b6c3315040,68bdee996d2564f9a09da3cc,68bdeed66d2564f9a09da749,,,,,,,,,,,,,BAG1081,BAG1377,BAG1081,BAG1377,,,,,,,,,,,,,PAX1298,PAX1298,PAX1298,PAX1298,,,,,,,,,,,,,FL1060,FL1060,FL1060,FL1060,,,,,,,,,,,,,Not Loaded,Loaded,Not Loaded,Loaded,,,,,,,,,,,,,2025-09-08 02:15:10,68bb1d07f209a8b6c3314dfd,68bdeec76d2564f9a09da669,,,,,,,PAX1298,PAX1298,,,,,,,FL1060,FL1060,,,,,,,2025-08-29 09:19:00,2025-08-29 09:19:00,,,,,,,false,false,,,,,,,G15,G15,,,,,,
68bdee97245a927ffb268f7a,68bb1baef209a8b6c3314b4e,FL1111,Lufthansa,2025-08-30 12:30:00,2025-08-30 12:50:00,G6,20,Dubai,Bangkok,68bb1d8ef209a8b6c3314f09,68bdee966d2564f9a09da3a1,,,,,,,,,,,,,,,BAG1066,BAG1066,,,,,,,,,,,,,,,PAX1138,PAX1138,,,,,,,,,,,,,,,FL1111,FL1111,,,,,,,,,,,,,,,Not Loaded,Not Loaded,,,,,,,,,,,,,,,2025-09-08 02:14:22,68bb1cb6f209a8b6c3314d5d,68bdeea66d2564f9a09da48b,,,,,,,PAX1138,PAX1138,,,,,,,FL1111,FL1111,,,,,,,2025-08-30 09:41:00,2025-08-30 09:41:00,,,,,,,false,false,,,,,,,G6,G6,,,,,,
68bdee97245a927ffb268f7b,68bb1c6cf209a8b6c3314cca,FL1491,Qatar Airways,2025-09-07 10:30:00,2025-09-07 11:10:00,G8,40,Dubai,Singapore,,,,,,,,,,,,,,,,,,,,,,,,,,,,,,,,,,,,,,,,,,,,,,,,,,,,,,,,,,,,,,,,,,,,,,,,,,,,,,,,,2025-09-08 02:15:34,68bb1c90f209a8b6c3314d10,68bb1cdbf209a8b6c3314da6,68bb1d47f209a8b6c3314e7c,68bdee966d2564f9a09da3a0,68bdeeb56d2564f9a09da567,68bdeee16d2564f9a09da7df,,,PAX1061,PAX1211,PAX1425,PAX1061,PAX1211,PAX1425,,,FL1491,FL1491,FL1491,FL1491,FL1491,FL1491,,,2025-09-07 08:21:00,2025-09-07 09:19:00,2025-09-07 08:02:00,2025-09-07 08:21:00,2025-09-07 09:19:00,2025-09-07 08:02:00,,,false,false,false,false,false,false,,,G8,G8,G8,G8,G8,G8,,
68bdee97245a927ffb268f7c,68bb1b94f209a8b6c3314b1c,FL1061,Singapore Airlines,2025-08-29 11:30:00,2025-08-29 11:40:00,G16,10,Dubai,Delhi,68bb1da6f209a8b6c3314f3a,68bdeea06d2564f9a09da433,,,,,,,,,,,,,,,BAG1115,BAG1115,,,,,,,,,,,,,,,PAX1393,PAX1393,,,,,,,,,,,,,,,FL1061,FL1061,,,,,,,,,,,,,,,Not Loaded,Not Loaded,,,,,,,,,,,,,,,2025-09-08 02:15:14,68bb1d36f209a8b6c3314e5c,68bdeeda6d2564f9a09da780,,,,,,,PAX1393,PAX1393,,,,,,,FL1061,FL1061,,,,,,,2025-08-29 09:35:00,2025-08-29 09:35:00,,,,,,,true,true,,,,,,,G16,G16,,,,,,
68bdee97245a927ffb268f7d,68bb1b9ff209a8b6c3314b31,FL1082,Singapore Airlines,2025-08-29 22:00:00,2025-08-29 22:25:00,G19,25,Dubai,Zurich,,,,,,,,,,,,,,,,,,,,,,,,,,,,,,,,,,,,,,,,,,,,,,,,,,,,,,,,,,,,,,,,,,,,,,,,,,,,,,,,,2025-09-08 02:14:11,68bb1c90f209a8b6c3314d11,68bdee966d2564f9a09da3a4,,,,,,,PAX1062,PAX1062,,,,,,,FL1082,FL1082,,,,,,,2025-08-29 19:51:00,2025-08-29 19:51:00,,,,,,,true,true,,,,,,,G19,G19,,,,,,
68bdee97245a927ffb268f7e,68bb1b95f209a8b6c3314b1d,FL1062,Qatar Airways,2025-08-29 12:00:00,2025-08-29 12:15:00,G16,15,Dubai,Mumbai,68bb1e53f209a8b6c3315093,68bdeee86d2564f9a09da849,,,,,,,,,,,,,,,BAG1460,BAG1460,,,,,,,,,,,,,,,PAX1174,PAX1174,,,,,,,,,,,,,,,FL1062,FL1062,,,,,,,,,,,,,,,Loaded,Loaded,,,,,,,,,,,,,,,2025-09-08 02:15:28,68bb1cc8f209a8b6c3314d81,68bdeeae6d2564f9a09da4f8,,,,,,,PAX1174,PAX1174,,,,,,,FL1062,FL1062,,,,,,,2025-08-29 09:46:00,2025-08-29 09:46:00,,,,,,,true,true,,,,,,,G16,G16,,,,,,
68bdee97245a927ffb268f7f,68bb1ba2f209a8b6c3314b37,FL1088,Qatar Airways,2025-08-30 01:00:00,2025-08-30 01:25:00,G2,25,Dubai,Istanbul,68bb1d8ff209a8b6c3314f0b,68bb1d9ef209a8b6c3314f2a,68bb1dbff209a8b6c3314f6c,68bb1e12f209a8b6c3315011,68bdee976d2564f9a09da3a6,68bdee9d6d2564f9a09da404,68bdeeaa6d2564f9a09da4c6,68bdeecd6d2564f9a09da6b9,,,,,,,,,BAG1068,BAG1099,BAG1165,BAG1330,BAG1068,BAG1099,BAG1165,BAG1330,,,,,,,,,PAX1232,PAX1454,PAX1232,PAX1454,PAX1232,PAX1454,PAX1232,PAX1454,,,,,,,,,FL1088,FL1088,FL1088,FL1088,FL1088,FL1088,FL1088,FL1088,,,,,,,,,Loaded,Not Loaded,Missing,Not Loaded,Loaded,Not Loaded,Missing,Not Loaded,,,,,,,,,2025-09-08 02:15:27,68bb1ce6f209a8b6c3314dbb,68bb1d55f209a8b6c3314e99,68bdeeb96d2564f9a09da5a4,68bdeee76d2564f9a09da836,,,,,PAX1232,PAX1454,PAX1232,PAX1454,,,,,FL1088,FL1088,FL1088,FL1088,,,,,2025-08-29 23:12:00,2025-08-30 00:05:00,2025-08-29 23:12:00,2025-08-30 00:05:00,,,,,true,true,true,true,,,,,G2,G2,G2,G2,,,,
68bdee97245a927ffb268f80,68bb1c07f209a8b6c3314c01,FL1290,Lufthansa,2025-09-03 06:00:00,2025-09-03 06:25:00,G20,25,Dubai,Frankfurt,68bb1db7f209a8b6c3314f5c,68bb1dfaf209a8b6c3314fe1,68bb1e39f209a8b6c331505e,68bdeea76d2564f9a09da496,68bdeec26d2564f9a09da624,68bdeedd6d2564f9a09da7a5,,,,,,,,,,,BAG1149,BAG1282,BAG1407,BAG1149,BAG1282,BAG1407,,,,,,,,,,,PAX1314,PAX1314,PAX1063,PAX1314,PAX1314,PAX1063,,,,,,,,,,,FL1290,FL1290,FL1290,FL1290,FL1290,FL1290,,,,,,,,,,,Loaded,Loaded,Loaded,Loaded,Loaded,Loaded,,,,,,,,,,,2025-09-08 02:15:17,68bb1c91f209a8b6c3314d12,68bb1cf5f209a8b6c3314dda,68bb1d0ff209a8b6c3314e0d,68bdee976d2564f9a09da3a7,68bdeec06d2564f9a09da600,68bdeeca6d2564f9a09da698,,,PAX1063,PAX1263,PAX1314,PAX1063,PAX1263,PAX1314,,,FL1290,FL1290,FL1290,FL1290,FL1290,FL1290,,,2025-09-03 03:41:00,2025-09-03 04:39:00,2025-09-03 03:10:00,2025-09-03 03:41:00,2025-09-03 04:39:00,2025-09-03 03:10:00,,,true,false,true,true,false,true,,,G20,G20,G20,G20,G20,G20,,
68bdee97245a927ffb268f81,68bb1b95f209a8b6c3314b1e,FL1063,British Airways,2025-08-29 12:30:00,2025-08-29 12:50:00,G6,20,Dubai,Tokyo,68bb1dacf209a8b6c3314f45,68bb1dddf209a8b6c3314fa8,68bb1e0ff209a8b6c331500c,68bb1e11f209a8b6c3315010,68bb1e3cf209a8b6c3315065,68bdeea26d2564f9a09da452,68bdeeb76d2564f9a09da57b,68bdeecc6d2564f9a09da6ab,68bdeecc6d2564f9a09da6b7,68bdeede6d2564f9a09da7ba,,,,,,,BAG1126,BAG1225,BAG1325,BAG1329,BAG1414,BAG1126,BAG1225,BAG1325,BAG1329,BAG1414,,,,,,,PAX1399,PAX1452,PAX1452,PAX1452,PAX1436,PAX1399,PAX1452,PAX1452,PAX1452,PAX1436,,,,,,,FL1063,FL1063,FL1063,FL1063,FL1063,FL1063,FL1063,FL1063,FL1063,FL1063,,,,,,,Loaded,Loaded,Not Loaded,Missing,Missing,Loaded,Loaded,Not Loaded,Missing,Missing,,,,,,,2025-09-08 02:15:26,68bb1ce2f209a8b6c3314db4,68bb1d3af209a8b6c3314e62,68bb1d4cf209a8b6c3314e87,68bb1d54f209a8b6c3314e97,68bdeeb86d2564f9a09da58f,68bdeedb6d2564f9a09da793,68bdeee36d2564f9a09da800,68bdeee66d2564f9a09da831,PAX1225,PAX1399,PAX1436,PAX1452,PAX1225,PAX1399,PAX1436,PAX1452,FL1063,FL1063,FL1063,FL1063,FL1063,FL1063,FL1063,FL1063,2025-08-29 10:42:00,2025-08-29 09:36:00,2025-08-29 09:44:00,2025-08-29 10:23:00,2025-08-29 10:42:00,2025-08-29 09:36:00,2025-08-29 09:44:00,2025-08-29 10:23:00,true,true,false,false,true,true,false,false,G6,G6,G6,G6,G6,G6,G6,G6
68bdee97245a927ffb268f82,68bb1b96f209a8b6c3314b1f,FL1064,Air India,2025-08-29 13:00:00,2025-08-29 13:15:00,G15,15,Dubai,Chicago,,,,,,,,,,,,,,,,,,,,,,,,,,,,,,,,,,,,,,,,,,,,,,,,,,,,,,,,,,,,,,,,,,,,,,,,,,,,,,,,,2025-09-08 02:14:07,,,,,,,,,,,,,,,,,,,,,,,,,,,,,,,,,,,,,,,,,,,,,,,,
68bdee97245a927ffb268f83,68bb1c15f209a8b6c3314c1b,FL1316,Turkish Airlines,2025-09-03 19:00:00,2025-09-03 19:15:00,G17,15,Dubai,Delhi,68bb1d90f209a8b6c3314f0d,68bb1d99f209a8b6c3314f1f,68bb1dcef209a8b6c3314f89,68bb1e23f209a8b6c3315034,68bdee976d2564f9a09da3ac,68bdee9b6d2564f9a09da3e3,68bdeeb06d2564f9a09da51d,68bdeed46d2564f9a09da724,,,,,,,,,BAG1070,BAG1088,BAG1194,BAG1365,BAG1070,BAG1088,BAG1194,BAG1365,,,,,,,,,PAX1292,PAX1292,PAX1327,PAX1292,PAX1292,PAX1292,PAX1327,PAX1292,,,,,,,,,FL1316,FL1316,FL1316,FL1316,FL1316,FL1316,FL1316,FL1316,,,,,,,,,Missing,Missing,Missing,Missing,Missing,Missing,Missing,Missing,,,,,,,,,2025-09-08 02:15:08,68bb1d04f209a8b6c3314df7,68bb1d15f209a8b6c3314e1a,68bdeec66d2564f9a09da659,68bdeecd6d2564f9a09da6bf,,,,,PAX1292,PAX1327,PAX1292,PAX1327,,,,,FL1316,FL1316,FL1316,FL1316,,,,,2025-09-03 16:22:00,2025-09-03 18:29:00,2025-09-03 16:22:00,2025-09-03 18:29:00,,,,,true,false,true,false,,,,,G17,G17,G17,G17,,,,
68bdee97245a927ffb268f84,68bb1c04f209a8b6c3314bfb,FL1284,Qatar Airways,2025-09-03 03:00:00,2025-09-03 03:10:00,G1,10,Dubai,Doha,68bb1e11f209a8b6c331500f,68bb1e18f209a8b6c331501e,68bb1e33f209a8b6c3315053,68bdeecc6d2564f9a09da6b4,68bdeecf6d2564f9a09da6e2,68bdeeda6d2564f9a09da784,,,,,,,,,,,BAG1328,BAG1343,BAG1396,BAG1328,BAG1343,BAG1396,,,,,,,,,,,PAX1065,PAX1499,PAX1065,PAX1065,PAX1499,PAX1065,,,,,,,,,,,FL1284,FL1284,FL1284,FL1284,FL1284,FL1284,,,,,,,,,,,Not Loaded,Not Loaded,Missing,Not Loaded,Not Loaded,Missing,,,,,,,,,,,2025-09-08 02:15:36,68bb1c92f209a8b6c3314d14,68bb1d6cf209a8b6c3314ec6,68bdee976d2564f9a09da3ad,68bdeef06d2564f9a09da8be,,,,,PAX1065,PAX1499,PAX1065,PAX1499,,,,,FL1284,FL1284,FL1284,FL1284,,,,,2025-09-03 00:37:00,2025-09-03 02:25:00,2025-09-03 00:37:00,2025-09-03 02:25:00,,,,,false,true,false,true,,,,,G1,G1,G1,G1,,,,
68bdee98245a927ffb268f85,68bb1b96f209a8b6c3314b20,FL1065,Etihad,2025-08-29 13:30:00,2025-08-29 13:30:00,G3,0,Dubai,Mumbai,,,,,,,,,,,,,,,,,,,,,,,,,,,,,,,,,,,,,,,,,,,,,,,,,,,,,,,,,,,,,,,,,,,,,,,,,,,,,,,,,2025-09-08 02:14:07,,,,,,,,,,,,,,,,,,,,,,,,,,,,,,,,,,,,,,,,,,,,,,,,
68bdee98245a927ffb268f86,68bb1bf4f209a8b6c3314bdb,FL1252,Lufthansa,2025-09-02 11:00:00,2025-09-02 11:35:00,G16,35,Dubai,Bangkok,68bb1d90f209a8b6c3314f0e,68bb1dc6f209a8b6c3314f79,68bb1dd2f209a8b6c3314f91,68bb1dd7f209a8b6c3314f9c,68bb1e10f209a8b6c331500e,68bdee976d2564f9a09da3af,68bdeead6d2564f9a09da4ed,68bdeeb26d2564f9a09da535,68bdeeb46d2564f9a09da556,68bdeecc6d2564f9a09da6b1,,,,,,,BAG1071,BAG1178,BAG1202,BAG1213,BAG1327,BAG1071,BAG1178,BAG1202,BAG1213,BAG1327,,,,,,,PAX1284,PAX1424,PAX1424,PAX1424,PAX1284,PAX1284,PAX1424,PAX1424,PAX1424,PAX1284,,,,,,,FL1252,FL1252,FL1252,FL1252,FL1252,FL1252,FL1252,FL1252,FL1252,FL1252,,,,,,,Loaded,Missing,Not Loaded,Not Loaded,Loaded,Loaded,Missing,Not Loaded,Not Loaded,Loaded,,,,,,,2025-09-08 02:15:21,68bb1d00f209a8b6c3314def,68bb1d26f209a8b6c3314e3c,68bb1d46f209a8b6c3314e7b,68bdeec46d2564f9a09da642,68bdeed46d2564f9a09da723,68bdeee06d2564f9a09da7dd,,,PAX1284,PAX1361,PAX1424,PAX1284,PAX1361,PAX1424,,,FL1252,FL1252,FL1252,FL1252,FL1252,FL1252,,,2025-09-02 08:42:00,2025-09-02 08:29:00,2025-09-02 10:12:00,2025-09-02 08:42:00,2025-09-02 08:29:00,2025-09-02 10:12:00,,,false,true,true,false,true,true,,,G16,G16,G16,G16,G16,G16,,
68bdee98245a927ffb268f87,68bb1bf8f209a8b6c3314be2,FL1259,Turkish Airlines,2025-09-02 14:30:00,2025-09-02 14:40:00,G20,10,Dubai,Zurich,68bb1e34f209a8b6c3315054,68bdeedb6d2564f9a09da787,,,,,,,,,,,,,,,BAG1397,BAG1397,,,,,,,,,,,,,,,PAX1066,PAX1066,,,,,,,,,,,,,,,FL1259,FL1259,,,,,,,,,,,,,,,Not Loaded,Not Loaded,,,,,,,,,,,,,,,2025-09-08 02:15:15,68bb1c92f209a8b6c3314d15,68bb1d0df209a8b6c3314e09,68bdee976d2564f9a09da3b0,68bdeec96d2564f9a09da68d,,,,,PAX1066,PAX1310,PAX1066,PAX1310,,,,,FL1259,FL1259,FL1259,FL1259,,,,,2025-09-02 13:18:00,2025-09-02 13:17:00,2025-09-02 13:18:00,2025-09-02 13:17:00,,,,,false,true,false,true,,,,,G20,G20,G20,G20,,,,
68bdee98245a927ffb268f88,68bb1b97f209a8b6c3314b21,FL1066,Air India,2025-08-29 14:00:00,2025-08-29 14:15:00,G9,15,Dubai,Singapore,68bb1e28f209a8b6c331503e,68bdeed66d2564f9a09da742,,,,,,,,,,,,,,,BAG1375,BAG1375,,,,,,,,,,,,,,,PAX1447,PAX1447,,,,,,,,,,,,,,,FL1066,FL1066,,,,,,,,,,,,,,,Missing,Missing,,,,,,,,,,,,,,,2025-09-08 02:15:25,68bb1d52f209a8b6c3314e92,68bdeee56d2564f9a09da822,,,,,,,PAX1447,PAX1447,,,,,,,FL1066,FL1066,,,,,,,2025-08-29 11:21:00,2025-08-29 11:21:00,,,,,,,false,false,,,,,,,G9,G9,,,,,,
68bdee98245a927ffb268f89,68bb1b97f209a8b6c3314b22,FL1067,Air India,2025-08-29 14:30:00,2025-08-29 14:45:00,G14,15,Dubai,Hong Kong,,,,,,,,,,,,,,,,,,,,,,,,,,,,,,,,,,,,,,,,,,,,,,,,,,,,,,,,,,,,,,,,,,,,,,,,,,,,,,,,,2025-09-08 02:14:08,,,,,,,,,,,,,,,,,,,,,,,,,,,,,,,,,,,,,,,,,,,,,,,,
68bdee98245a927ffb268f8a,68bb1c1ef209a8b6c3314c2d,FL1334,Air India,2025-09-04 04:00:00,2025-09-04 05:00:00,G7,60,Dubai,Frankfurt,68bb1d92f209a8b6c3314f11,68bb1ddbf209a8b6c3314fa4,68bb1df7f209a8b6c3314fdc,68bb1e1bf209a8b6c3315024,68bb1e33f209a8b6c3315052,68bdee986d2564f9a09da3b8,68bdeeb66d2564f9a09da56f,68bdeec16d2564f9a09da615,68bdeed06d2564f9a09da6f3,68bdeeda6d2564f9a09da781,,,,,,,BAG1074,BAG1221,BAG1277,BAG1349,BAG1395,BAG1074,BAG1221,BAG1277,BAG1349,BAG1395,,,,,,,PAX1472,PAX1160,PAX1472,PAX1160,PAX1472,PAX1472,PAX1160,PAX1472,PAX1160,PAX1472,,,,,,,FL1334,FL1334,FL1334,FL1334,FL1334,FL1334,FL1334,FL1334,FL1334,FL1334,,,,,,,Missing,Loaded,Not Loaded,Missing,Loaded,Missing,Loaded,Not Loaded,Missing,Loaded,,,,,,,2025-09-08 02:15:30,68bb1cc1f209a8b6c3314d73,68bb1d5ef209a8b6c3314eab,68bdeeab6d2564f9a09da4ce,68bdeeea6d2564f9a09da86d,,,,,PAX1160,PAX1472,PAX1160,PAX1472,,,,,FL1334,FL1334,FL1334,FL1334,,,,,2025-09-04 02:45:00,2025-09-04 01:07:00,2025-09-04 02:45:00,2025-09-04 01:07:00,,,,,false,false,false,false,,,,,G7,G7,G7,G7,,,,
68bdee98245a927ffb268f8b,68bb1c13f209a8b6c3314c18,FL1313,Emirates,2025-09-03 17:30:00,2025-09-03 17:40:00,G2,10,Dubai,Zurich,68bb1d92f209a8b6c3314f12,68bb1d9ff209a8b6c3314f2c,68bb1dcbf209a8b6c3314f83,68bb1de9f209a8b6c3314fc0,68bb1e2ef209a8b6c3315048,68bdee986d2564f9a09da3bb,68bdee9d6d2564f9a09da40a,68bdeeaf6d2564f9a09da50b,68bdeebc6d2564f9a09da5c5,68bdeed86d2564f9a09da761,,,,,,,BAG1075,BAG1101,BAG1188,BAG1249,BAG1385,BAG1075,BAG1101,BAG1188,BAG1249,BAG1385,,,,,,,PAX1215,PAX1161,PAX1161,PAX1328,PAX1161,PAX1215,PAX1161,PAX1161,PAX1328,PAX1161,,,,,,,FL1313,FL1313,FL1313,FL1313,FL1313,FL1313,FL1313,FL1313,FL1313,FL1313,,,,,,,Loaded,Not Loaded,Not Loaded,Not Loaded,Loaded,Loaded,Not Loaded,Not Loaded,Not Loaded,Loaded,,,,,,,2025-09-08 02:15:12,68bb1cc2f209a8b6c3314d74,68bb1cddf209a8b6c3314daa,68bb1d16f209a8b6c3314e1b,68bdeeab6d2564f9a09da4d0,68bdeeb66d2564f9a09da573,68bdeecd6d2564f9a09da6c2,,,PAX1161,PAX1215,PAX1328,PAX1161,PAX1215,PAX1328,,,FL1313,FL1313,FL1313,FL1313,FL1313,FL1313,,,2025-09-03 15:10:00,2025-09-03 15:33:00,2025-09-03 15:42:00,2025-09-03 15:10:00,2025-09-03 15:33:00,2025-09-03 15:42:00,,,false,true,false,false,true,false,,,G2,G2,G2,G2,G2,G2,,
68bdee98245a927ffb268f8c,68bb1b98f209a8b6c3314b24,FL1069,Lufthansa,2025-08-29 15:30:00,2025-08-29 15:50:00,G14,20,Dubai,Cape Town,,,,,,,,,,,,,,,,,,,,,,,,,,,,,,,,,,,,,,,,,,,,,,,,,,,,,,,,,,,,,,,,,,,,,,,,,,,,,,,,,2025-09-08 02:14:08,,,,,,,,,,,,,,,,,,,,,,,,,,,,,,,,,,,,,,,,,,,,,,,,
68bdee99245a927ffb268f8d,68bb1c44f209a8b6c3314c7a,FL1411,Emirates,2025-09-05 18:30:00,2025-09-05 18:30:00,G2,0,Dubai,Mumbai,68bb1d94f209a8b6c3314f15,68bdee996d2564f9a09da3c4,,,,,,,,,,,,,,,BAG1078,BAG1078,,,,,,,,,,,,,,,PAX1070,PAX1070,,,,,,,,,,,,,,,FL1411,FL1411,,,,,,,,,,,,,,,Loaded,Loaded,,,,,,,,,,,,,,,2025-09-08 02:15:18,68bb1c94f209a8b6c3314d19,68bdee986d2564f9a09da3bc,,,,,,,PAX1070,PAX1070,,,,,,,FL1411,FL1411,,,,,,,2025-09-05 15:33:00,2025-09-05 15:33:00,,,,,,,false,false,,,,,,,G2,G2,,,,,,
68bdee99245a927ffb268f8e,68bb1c48f209a8b6c3314c82,FL1419,Qatar Airways,2025-09-05 22:30:00,2025-09-05 23:10:00,G20,40,Dubai,Zurich,68bb1d93f209a8b6c3314f13,68bb1e13f209a8b6c3315014,68bdee986d2564f9a09da3bd,68bdeecd6d2564f9a09da6c3,,,,,,,,,,,,,BAG1076,BAG1333,BAG1076,BAG1333,,,,,,,,,,,,,PAX1087,PAX1087,PAX1087,PAX1087,,,,,,,,,,,,,FL1419,FL1419,FL1419,FL1419,,,,,,,,,,,,,Not Loaded,Loaded,Not Loaded,Loaded,,,,,,,,,,,,,2025-09-08 02:15:20,68bb1c9df209a8b6c3314d2a,68bdee9b6d2564f9a09da3ef,,,,,,,PAX1087,PAX1087,,,,,,,FL1419,FL1419,,,,,,,2025-09-05 20:09:00,2025-09-05 20:09:00,,,,,,,false,false,,,,,,,G20,G20,,,,,,
68bdee99245a927ffb268f8f,68bb1b99f209a8b6c3314b25,FL1070,Turkish Airlines,2025-08-29 16:00:00,2025-08-29 16:15:00,G15,15,Dubai,Mumbai,68bb1dbdf209a8b6c3314f68,68bb1e0cf209a8b6c3315005,68bb1e3df209a8b6c3315066,68bdeea96d2564f9a09da4ba,68bdeeca6d2564f9a09da696,68bdeede6d2564f9a09da7bd,,,,,,,,,,,BAG1161,BAG1318,BAG1415,BAG1161,BAG1318,BAG1415,,,,,,,,,,,PAX1172,PAX1465,PAX1465,PAX1172,PAX1465,PAX1465,,,,,,,,,,,FL1070,FL1070,FL1070,FL1070,FL1070,FL1070,,,,,,,,,,,Not Loaded,Missing,Missing,Not Loaded,Missing,Missing,,,,,,,,,,,2025-09-08 02:15:29,68bb1cc7f209a8b6c3314d7f,68bb1d5bf209a8b6c3314ea4,68bdeead6d2564f9a09da4f2,68bdeee96d2564f9a09da856,,,,,PAX1172,PAX1465,PAX1172,PAX1465,,,,,FL1070,FL1070,FL1070,FL1070,,,,,2025-08-29 13:18:00,2025-08-29 13:00:00,2025-08-29 13:18:00,2025-08-29 13:00:00,,,,,true,false,true,false,,,,,G15,G15,G15,G15,,,,
68bdee99245a927ffb268f90,68bb1ba3f209a8b6c3314b38,FL1089,Etihad,2025-08-30 01:30:00,2025-08-30 01:40:00,G10,10,Dubai,Hong Kong,68bb1d93f209a8b6c3314f14,68bb1dd5f209a8b6c3314f97,68bb1de0f209a8b6c3314fae,68bb1df2f209a8b6c3314fd2,68bdee986d2564f9a09da3c0,68bdeeb36d2564f9a09da547,68bdeeb86d2564f9a09da58e,68bdeebf6d2564f9a09da5f9,,,,,,,,,BAG1077,BAG1208,BAG1231,BAG1267,BAG1077,BAG1208,BAG1231,BAG1267,,,,,,,,,PAX1461,PAX1213,PAX1461,PAX1213,PAX1461,PAX1213,PAX1461,PAX1213,,,,,,,,,FL1089,FL1089,FL1089,FL1089,FL1089,FL1089,FL1089,FL1089,,,,,,,,,Not Loaded,Missing,Loaded,Not Loaded,Not Loaded,Missing,Loaded,Not Loaded,,,,,,,,,2025-09-08 02:15:28,68bb1c97f209a8b6c3314d1e,68bb1cdcf209a8b6c3314da8,68bb1d59f209a8b6c3314ea0,68bdee996d2564f9a09da3cb,68bdeeb66d2564f9a09da56d,68bdeee86d2564f9a09da84a,,,PAX1075,PAX1213,PAX1461,PAX1075,PAX1213,PAX1461,,,FL1089,FL1089,FL1089,FL1089,FL1089,FL1089,,,2025-08-30 00:40:00,2025-08-29 23:34:00,2025-08-29 23:19:00,2025-08-30 00:40:00,2025-08-29 23:34:00,2025-08-29 23:19:00,,,false,true,true,false,true,true,,,G10,G10,G10,G10,G10,G10,,
68bdee99245a927ffb268f91,68bb1b99f209a8b6c3314b26,FL1071,Air India,2025-08-29 16:30:00,2025-08-29 17:30:00,G5,60,Dubai,Paris,68bb1de2f209a8b6c3314fb2,68bb1de4f209a8b6c3314fb5,68bdeeb96d2564f9a09da59a,68bdeeb96d2564f9a09da5a3,,,,,,,,,,,,,BAG1235,BAG1238,BAG1235,BAG1238,,,,,,,,,,,,,PAX1449,PAX1109,PAX1449,PAX1109,,,,,,,,,,,,,FL1071,FL1071,FL1071,FL1071,,,,,,,,,,,,,Loaded,Loaded,Loaded,Loaded,,,,,,,,,,,,,2025-09-08 02:15:26,68bb1ca8f209a8b6c3314d40,68bb1cc5f209a8b6c3314d7a,68bb1d53f209a8b6c3314e94,68bdeea06d2564f9a09da432,68bdeeac6d2564f9a09da4e3,68bdeee66d2564f9a09da828,,,PAX1109,PAX1167,PAX1449,PAX1109,PAX1167,PAX1449,,,FL1071,FL1071,FL1071,FL1071,FL1071,FL1071,,,2025-08-29 13:48:00,2025-08-29 15:04:00,2025-08-29 14:16:00,2025-08-29 13:48:00,2025-08-29 15:04:00,2025-08-29 14:16:00,,,false,false,false,false,false,false,,,G5,G5,G5,G5,G5,G5,,
68bdee99245a927ffb268f92,68bb1b9af209a8b6c3314b27,FL1072,Etihad,2025-08-29 17:00:00,2025-08-29 17:00:00,G15,0,Dubai,Los Angeles,68bb1dcdf209a8b6c3314f87,68bb1e22f209a8b6c3315032,68bdeeb06d2564f9a09da517,68bdeed36d2564f9a09da71e,,,,,,,,,,,,,BAG1192,BAG1363,BAG1192,BAG1363,,,,,,,,,,,,,PAX1105,PAX1095,PAX1105,PAX1095,,,,,,,,,,,,,FL1072,FL1072,FL1072,FL1072,,,,,,,,,,,,,Missing,Loaded,Missing,Loaded,,,,,,,,,,,,,2025-09-08 02:15:08,68bb1ca1f209a8b6c3314d32,68bb1ca6f209a8b6c3314d3c,68bdee9d6d2564f9a09da406,68bdee9f6d2564f9a09da426,,,,,PAX1095,PAX1105,PAX1095,PAX1105,,,,,FL1072,FL1072,FL1072,FL1072,,,,,2025-08-29 14:09:00,2025-08-29 15:07:00,2025-08-29 14:09:00,2025-08-29 15:07:00,,,,,true,false,true,false,,,,,G15,G15,G15,G15,,,,
68bdee99245a927ffb268f93,68bb1c54f209a8b6c3314c9a,FL1443,Emirates,2025-09-06 10:30:00,2025-09-06 10:55:00,G17,25,Dubai,Paris,68bb1d94f209a8b6c3314f16,68bb1dedf209a8b6c3314fc7,68bdee996d2564f9a09da3c6,68bdeebd6d2564f9a09da5d9,,,,,,,,,,,,,BAG1079,BAG1256,BAG1079,BAG1256,,,,,,,,,,,,,PAX1311,PAX1311,PAX1311,PAX1311,,,,,,,,,,,,,FL1443,FL1443,FL1443,FL1443,,,,,,,,,,,,,Missing,Missing,Missing,Missing,,,,,,,,,,,,,2025-09-08 02:15:25,68bb1cecf209a8b6c3314dc8,68bb1d0df209a8b6c3314e0a,68bdeebc6d2564f9a09da5c9,68bdeeca6d2564f9a09da68f,,,,,PAX1245,PAX1311,PAX1245,PAX1311,,,,,FL1443,FL1443,FL1443,FL1443,,,,,2025-09-06 09:44:00,2025-09-06 08:46:00,2025-09-06 09:44:00,2025-09-06 08:46:00,,,,,false,true,false,true,,,,,G17,G17,G17,G17,,,,
68bdee99245a927ffb268f94,68bb1b9bf209a8b6c3314b28,FL1073,Etihad,2025-08-29 17:30:00,2025-08-29 18:05:00,G18,35,Dubai,Rome,,,,,,,,,,,,,,,,,,,,,,,,,,,,,,,,,,,,,,,,,,,,,,,,,,,,,,,,,,,,,,,,,,,,,,,,,,,,,,,,,2025-09-08 02:14:09,,,,,,,,,,,,,,,,,,,,,,,,,,,,,,,,,,,,,,,,,,,,,,,,
68bdee99245a927ffb268f95,68bb1c21f209a8b6c3314c34,FL1341,British Airways,2025-09-04 07:30:00,2025-09-04 08:00:00,G3,30,Dubai,Frankfurt,68bb1decf209a8b6c3314fc5,68bb1e53f209a8b6c3315092,68bdeebd6d2564f9a09da5d4,68bdeee86d2564f9a09da846,,,,,,,,,,,,,BAG1254,BAG1459,BAG1254,BAG1459,,,,,,,,,,,,,PAX1074,PAX1329,PAX1074,PAX1329,,,,,,,,,,,,,FL1341,FL1341,FL1341,FL1341,,,,,,,,,,,,,Missing,Not Loaded,Missing,Not Loaded,,,,,,,,,,,,,2025-09-08 02:15:28,68bb1c96f209a8b6c3314d1d,68bb1d16f209a8b6c3314e1c,68bdee996d2564f9a09da3c8,68bdeecd6d2564f9a09da6c5,,,,,PAX1074,PAX1329,PAX1074,PAX1329,,,,,FL1341,FL1341,FL1341,FL1341,,,,,2025-09-04 05:11:00,2025-09-04 05:20:00,2025-09-04 05:11:00,2025-09-04 05:20:00,,,,,true,true,true,true,,,,,G3,G3,G3,G3,,,,
68bdee99245a927ffb268f96,68bb1ba9f209a8b6c3314b44,FL1101,Etihad,2025-08-30 07:30:00,2025-08-30 07:50:00,G14,20,Dubai,Tokyo,68bb1d95f209a8b6c3314f17,68bb1deaf209a8b6c3314fc1,68bb1e0af209a8b6c3315002,68bb1e0cf209a8b6c3315006,68bdee996d2564f9a09da3c9,68bdeebc6d2564f9a09da5c8,68bdeec96d2564f9a09da68c,68bdeeca6d2564f9a09da699,,,,,,,,,BAG1080,BAG1250,BAG1315,BAG1319,BAG1080,BAG1250,BAG1315,BAG1319,,,,,,,,,PAX1469,PAX1368,PAX1368,PAX1469,PAX1469,PAX1368,PAX1368,PAX1469,,,,,,,,,FL1101,FL1101,FL1101,FL1101,FL1101,FL1101,FL1101,FL1101,,,,,,,,,Loaded,Missing,Loaded,Not Loaded,Loaded,Missing,Loaded,Not Loaded,,,,,,,,,2025-09-08 02:15:30,68bb1cb2f209a8b6c3314d54,68bb1d2af209a8b6c3314e43,68bb1d5df209a8b6c3314ea8,68bdeea46d2564f9a09da46e,68bdeed56d2564f9a09da738,68bdeeea6d2564f9a09da864,,,PAX1129,PAX1368,PAX1469,PAX1129,PAX1368,PAX1469,,,FL1101,FL1101,FL1101,FL1101,FL1101,FL1101,,,2025-08-30 06:14:00,2025-08-30 06:31:00,2025-08-30 05:22:00,2025-08-30 06:14:00,2025-08-30 06:31:00,2025-08-30 05:22:00,,,false,false,false,false,false,false,,,G14,G14,G14,G14,G14,G14,,
68bdee99245a927ffb268f97,68bb1b9bf209a8b6c3314b29,FL1074,Etihad,2025-08-29 18:00:00,2025-08-29 18:40:00,G10,40,Dubai,London,,,,,,,,,,,,,,,,,,,,,,,,,,,,,,,,,,,,,,,,,,,,,,,,,,,,,,,,,,,,,,,,,,,,,,,,,,,,,,,,,2025-09-08 02:14:09,,,,,,,,,,,,,,,,,,,,,,,,,,,,,,,,,,,,,,,,,,,,,,,,
68bdee9a245a927ffb268f98,68bb1b9cf209a8b6c3314b2a,FL1075,Qatar Airways,2025-08-29 18:30:00,2025-08-29 18:50:00,G15,20,Dubai,Frankfurt,68bb1dddf209a8b6c3314fa7,68bb1e07f209a8b6c3314ffb,68bb1e28f209a8b6c331503d,68bdeeb66d2564f9a09da577,68bdeec86d2564f9a09da676,68bdeed66d2564f9a09da73f,,,,,,,,,,,BAG1224,BAG1308,BAG1374,BAG1224,BAG1308,BAG1374,,,,,,,,,,,PAX1141,PAX1141,PAX1141,PAX1141,PAX1141,PAX1141,,,,,,,,,,,FL1075,FL1075,FL1075,FL1075,FL1075,FL1075,,,,,,,,,,,Loaded,Not Loaded,Missing,Loaded,Not Loaded,Missing,,,,,,,,,,,2025-09-08 02:15:10,68bb1cb8f209a8b6c3314d60,68bdeea76d2564f9a09da494,,,,,,,PAX1141,PAX1141,,,,,,,FL1075,FL1075,,,,,,,2025-08-29 15:56:00,2025-08-29 15:56:00,,,,,,,false,false,,,,,,,G15,G15,,,,,,
68bdee9a245a927ffb268f99,68bb1bf4f209a8b6c3314bda,FL1251,Emirates,2025-09-02 10:30:00,2025-09-02 11:10:00,G4,40,Dubai,Hong Kong,68bb1d96f209a8b6c3314f19,68bb1dc1f209a8b6c3314f70,68bb1de8f209a8b6c3314fbd,68bb1e20f209a8b6c331502e,68bdee996d2564f9a09da3d0,68bdeeab6d2564f9a09da4d2,68bdeebb6d2564f9a09da5bc,68bdeed36d2564f9a09da711,,,,,,,,,BAG1082,BAG1169,BAG1246,BAG1359,BAG1082,BAG1169,BAG1246,BAG1359,,,,,,,,,PAX1267,PAX1267,PAX1267,PAX1080,PAX1267,PAX1267,PAX1267,PAX1080,,,,,,,,,FL1251,FL1251,FL1251,FL1251,FL1251,FL1251,FL1251,FL1251,,,,,,,,,Loaded,Loaded,Loaded,Loaded,Loaded,Loaded,Loaded,Loaded,,,,,,,,,2025-09-08 02:15:07,68bb1c99f209a8b6c3314d23,68bb1cf7f209a8b6c3314dde,68bdee9a6d2564f9a09da3d9,68bdeec16d2564f9a09da60d,,,,,PAX1080,PAX1267,PAX1080,PAX1267,,,,,FL1251,FL1251,FL1251,FL1251,,,,,2025-09-02 08:54:00,2025-09-02 07:33:00,2025-09-02 08:54:00,2025-09-02 07:33:00,,,,,true,false,true,false,,,,,G4,G4,G4,G4,,,,
68bdee9a245a927ffb268f9a,68bb1b9df209a8b6c3314b2c,FL1077,Air India,2025-08-29 19:30:00,2025-08-29 19:30:00,G18,0,Dubai,Hong Kong,,,,,,,,,,,,,,,,,,,,,,,,,,,,,,,,,,,,,,,,,,,,,,,,,,,,,,,,,,,,,,,,,,,,,,,,,,,,,,,,,2025-09-08 02:14:10,,,,,,,,,,,,,,,,,,,,,,,,,,,,,,,,,,,,,,,,,,,,,,,,
68bdee9a245a927ffb268f9b,68bb1b9df209a8b6c3314b2d,FL1078,Qatar Airways,2025-08-29 20:00:00,2025-08-29 21:00:00,G12,60,Dubai,Cape Town,,,,,,,,,,,,,,,,,,,,,,,,,,,,,,,,,,,,,,,,,,,,,,,,,,,,,,,,,,,,,,,,,,,,,,,,,,,,,,,,,2025-09-08 02:14:10,,,,,,,,,,,,,,,,,,,,,,,,,,,,,,,,,,,,,,,,,,,,,,,,
68bdee9a245a927ffb268f9c,68bb1baaf209a8b6c3314b47,FL1104,Singapore Airlines,2025-08-30 09:00:00,2025-08-30 09:40:00,G5,40,Dubai,Toronto,,,,,,,,,,,,,,,,,,,,,,,,,,,,,,,,,,,,,,,,,,,,,,,,,,,,,,,,,,,,,,,,,,,,,,,,,,,,,,,,,2025-09-08 02:14:15,68bb1c99f209a8b6c3314d22,68bdee9a6d2564f9a09da3d6,,,,,,,PAX1079,PAX1079,,,,,,,FL1104,FL1104,,,,,,,2025-08-30 06:00:00,2025-08-30 06:00:00,,,,,,,true,true,,,,,,,G5,G5,,,,,,
68bdee9a245a927ffb268f9d,68bb1bc9f209a8b6c3314b85,FL1166,British Airways,2025-08-31 16:00:00,2025-08-31 16:00:00,G4,0,Dubai,Rome,68bb1d97f209a8b6c3314f1b,68bb1df3f209a8b6c3314fd3,68bdee9a6d2564f9a09da3d7,68bdeec06d2564f9a09da5fc,,,,,,,,,,,,,BAG1084,BAG1268,BAG1084,BAG1268,,,,,,,,,,,,,PAX1490,PAX1490,PAX1490,PAX1490,,,,,,,,,,,,,FL1166,FL1166,FL1166,FL1166,,,,,,,,,,,,,Missing,Not Loaded,Missing,Not Loaded,,,,,,,,,,,,,2025-09-08 02:15:34,68bb1ceef209a8b6c3314dcb,68bb1d67f209a8b6c3314ebd,68bdeebd6d2564f9a09da5d2,68bdeeee6d2564f9a09da8a3,,,,,PAX1248,PAX1490,PAX1248,PAX1490,,,,,FL1166,FL1166,FL1166,FL1166,,,,,2025-08-31 13:16:00,2025-08-31 14:32:00,2025-08-31 13:16:00,2025-08-31 14:32:00,,,,,false,true,false,true,,,,,G4,G4,G4,G4,,,,
68bdee9b245a927ffb268f9e,68bb1b9ff209a8b6c3314b30,FL1081,British Airways,2025-08-29 21:30:00,2025-08-29 21:40:00,G18,10,Dubai,New York,,,,,,,,,,,,,,,,,,,,,,,,,,,,,,,,,,,,,,,,,,,,,,,,,,,,,,,,,,,,,,,,,,,,,,,,,,,,,,,,,2025-09-08 02:14:10,,,,,,,,,,,,,,,,,,,,,,,,,,,,,,,,,,,,,,,,,,,,,,,,
68bdee9b245a927ffb268f9f,68bb1bd5f209a8b6c3314b9d,FL1190,Lufthansa,2025-09-01 04:00:00,2025-09-01 04:20:00,G1,20,Dubai,Chicago,,,,,,,,,,,,,,,,,,,,,,,,,,,,,,,,,,,,,,,,,,,,,,,,,,,,,,,,,,,,,,,,,,,,,,,,,,,,,,,,,2025-09-08 02:14:33,68bb1c9af209a8b6c3314d25,68bdee9a6d2564f9a09da3df,,,,,,,PAX1082,PAX1082,,,,,,,FL1190,FL1190,,,,,,,2025-09-01 02:04:00,2025-09-01 02:04:00,,,,,,,true,true,,,,,,,G1,G1,,,,,,
68bdee9b245a927ffb268fa0,68bb1be5f209a8b6c3314bbc,FL1221,Lufthansa,2025-09-01 19:30:00,2025-09-01 20:00:00,G10,30,Dubai,Zurich,68bb1d98f209a8b6c3314f1e,68bb1df0f209a8b6c3314fce,68bdee9a6d2564f9a09da3e0,68bdeebf6d2564f9a09da5ee,,,,,,,,,,,,,BAG1087,BAG1263,BAG1087,BAG1263,,,,,,,,,,,,,PAX1226,PAX1226,PAX1226,PAX1226,,,,,,,,,,,,,FL1221,FL1221,FL1221,FL1221,,,,,,,,,,,,,Loaded,Loaded,Loaded,Loaded,,,,,,,,,,,,,2025-09-08 02:14:47,68bb1ce3f209a8b6c3314db5,68bdeeb86d2564f9a09da592,,,,,,,PAX1226,PAX1226,,,,,,,FL1221,FL1221,,,,,,,2025-09-01 17:21:00,2025-09-01 17:21:00,,,,,,,true,true,,,,,,,G10,G10,,,,,,
68bdee9b245a927ffb268fa1,68bb1ba0f209a8b6c3314b32,FL1083,Turkish Airlines,2025-08-29 22:30:00,2025-08-29 23:30:00,G16,60,Dubai,Istanbul,,,,,,,,,,,,,,,,,,,,,,,,,,,,,,,,,,,,,,,,,,,,,,,,,,,,,,,,,,,,,,,,,,,,,,,,,,,,,,,,,2025-09-08 02:14:11,,,,,,,,,,,,,,,,,,,,,,,,,,,,,,,,,,,,,,,,,,,,,,,,
68bdee9b245a927ffb268fa2,68bb1bc2f209a8b6c3314b76,FL1151,Air India,2025-08-31 08:30:00,2025-08-31 09:30:00,G14,60,Dubai,New York,68bb1d99f209a8b6c3314f20,68bb1df1f209a8b6c3314fcf,68bdee9b6d2564f9a09da3e6,68bdeebf6d2564f9a09da5f1,,,,,,,,,,,,,BAG1089,BAG1264,BAG1089,BAG1264,,,,,,,,,,,,,PAX1330,PAX1330,PAX1330,PAX1330,,,,,,,,,,,,,FL1151,FL1151,FL1151,FL1151,,,,,,,,,,,,,Loaded,Loaded,Loaded,Loaded,,,,,,,,,,,,,2025-09-08 02:15:15,68bb1d17f209a8b6c3314e1d,68bb1d37f209a8b6c3314e5e,68bdeece6d2564f9a09da6c8,68bdeedb6d2564f9a09da788,,,,,PAX1330,PAX1395,PAX1330,PAX1395,,,,,FL1151,FL1151,FL1151,FL1151,,,,,2025-08-31 05:58:00,2025-08-31 05:48:00,2025-08-31 05:58:00,2025-08-31 05:48:00,,,,,false,true,false,true,,,,,G14,G14,G14,G14,,,,
68bdee9c245a927ffb268fa3,68bb1bc7f209a8b6c3314b80,FL1161,British Airways,2025-08-31 13:30:00,2025-08-31 14:10:00,G13,40,Dubai,Delhi,68bb1dd3f209a8b6c3314f94,68bb1e12f209a8b6c3315012,68bb1e55f209a8b6c3315096,68bdeeb26d2564f9a09da53e,68bdeecd6d2564f9a09da6bd,68bdeee86d2564f9a09da852,,,,,,,,,,,BAG1205,BAG1331,BAG1463,BAG1205,BAG1331,BAG1463,,,,,,,,,,,PAX1085,PAX1355,PAX1355,PAX1085,PAX1355,PAX1355,,,,,,,,,,,FL1161,FL1161,FL1161,FL1161,FL1161,FL1161,,,,,,,,,,,Missing,Loaded,Missing,Missing,Loaded,Missing,,,,,,,,,,,2025-09-08 02:15:29,68bb1c9cf209a8b6c3314d28,68bb1d23f209a8b6c3314e36,68bdee9b6d2564f9a09da3e8,68bdeed36d2564f9a09da712,,,,,PAX1085,PAX1355,PAX1085,PAX1355,,,,,FL1161,FL1161,FL1161,FL1161,,,,,2025-08-31 10:55:00,2025-08-31 11:23:00,2025-08-31 10:55:00,2025-08-31 11:23:00,,,,,false,false,false,false,,,,,G13,G13,G13,G13,,,,
68bdee9c245a927ffb268fa4,68bb1c67f209a8b6c3314cbf,FL1480,Emirates,2025-09-07 05:00:00,2025-09-07 05:20:00,G18,20,Dubai,Delhi,68bb1d9af209a8b6c3314f21,68bb1da0f209a8b6c3314f2d,68bdee9b6d2564f9a09da3ea,68bdee9e6d2564f9a09da40c,,,,,,,,,,,,,BAG1090,BAG1102,BAG1090,BAG1102,,,,,,,,,,,,,PAX1259,PAX1259,PAX1259,PAX1259,,,,,,,,,,,,,FL1480,FL1480,FL1480,FL1480,,,,,,,,,,,,,Missing,Loaded,Missing,Loaded,,,,,,,,,,,,,2025-09-08 02:15:32,68bb1cf3f209a8b6c3314dd6,68bdeebf6d2564f9a09da5f3,,,,,,,PAX1259,PAX1259,,,,,,,FL1480,FL1480,,,,,,,2025-09-07 04:11:00,2025-09-07 04:11:00,,,,,,,true,true,,,,,,,G18,G18,,,,,,
68bdee9c245a927ffb268fa5,68bb1ba1f209a8b6c3314b34,FL1085,Emirates,2025-08-29 23:30:00,2025-08-29 23:45:00,G7,15,Dubai,Frankfurt,,,,,,,,,,,,,,,,,,,,,,,,,,,,,,,,,,,,,,,,,,,,,,,,,,,,,,,,,,,,,,,,,,,,,,,,,,,,,,,,,2025-09-08 02:14:11,,,,,,,,,,,,,,,,,,,,,,,,,,,,,,,,,,,,,,,,,,,,,,,,
68bdee9c245a927ffb268fa6,68bb1ba1f209a8b6c3314b35,FL1086,Singapore Airlines,2025-08-30 00:00:00,2025-08-30 00:25:00,G17,25,Dubai,Sydney,68bb1de0f209a8b6c3314fad,68bb1e51f209a8b6c331508e,68bdeeb86d2564f9a09da589,68bdeee76d2564f9a09da83a,,,,,,,,,,,,,BAG1230,BAG1455,BAG1230,BAG1455,,,,,,,,,,,,,PAX1359,PAX1442,PAX1359,PAX1442,,,,,,,,,,,,,FL1086,FL1086,FL1086,FL1086,,,,,,,,,,,,,Missing,Missing,Missing,Missing,,,,,,,,,,,,,2025-09-08 02:15:27,68bb1d25f209a8b6c3314e3a,68bb1d4ff209a8b6c3314e8d,68bdeed36d2564f9a09da71d,68bdeee46d2564f9a09da813,,,,,PAX1359,PAX1442,PAX1359,PAX1442,,,,,FL1086,FL1086,FL1086,FL1086,,,,,2025-08-29 21:21:00,2025-08-29 23:04:00,2025-08-29 21:21:00,2025-08-29 23:04:00,,,,,true,true,true,true,,,,,G17,G17,G17,G17,,,,
68bdee9c245a927ffb268fa7,68bb1c1ff209a8b6c3314c30,FL1337,British Airways,2025-09-04 05:30:00,2025-09-04 05:55:00,G11,25,Dubai,Los Angeles,68bb1d9bf209a8b6c3314f23,68bb1e14f209a8b6c3315016,68bb1e1ff209a8b6c331502b,68bb1e27f209a8b6c331503c,68bb1e5ff209a8b6c33150ab,68bdee9b6d2564f9a09da3ee,68bdeece6d2564f9a09da6c9,68bdeed26d2564f9a09da708,68bdeed56d2564f9a09da73c,68bdeeed6d2564f9a09da890,,,,,,,BAG1092,BAG1335,BAG1356,BAG1373,BAG1484,BAG1092,BAG1335,BAG1356,BAG1373,BAG1484,,,,,,,PAX1341,PAX1341,PAX1341,PAX1265,PAX1341,PAX1341,PAX1341,PAX1341,PAX1265,PAX1341,,,,,,,FL1337,FL1337,FL1337,FL1337,FL1337,FL1337,FL1337,FL1337,FL1337,FL1337,,,,,,,Not Loaded,Loaded,Not Loaded,Missing,Missing,Not Loaded,Loaded,Not Loaded,Missing,Missing,,,,,,,2025-09-08 02:15:33,68bb1caaf209a8b6c3314d44,68bb1cf6f209a8b6c3314ddc,68bb1d1cf209a8b6c3314e28,68bdeea16d2564f9a09da43f,68bdeec06d2564f9a09da606,68bdeed06d2564f9a09da6e7,,,PAX1113,PAX1265,PAX1341,PAX1113,PAX1265,PAX1341,,,FL1337,FL1337,FL1337,FL1337,FL1337,FL1337,,,2025-09-04 03:06:00,2025-09-04 03:04:00,2025-09-04 02:46:00,2025-09-04 03:06:00,2025-09-04 03:04:00,2025-09-04 02:46:00,,,false,true,true,false,true,true,,,G11,G11,G11,G11,G11,G11,,
68bdee9c245a927ffb268fa8,68bb1ba2f209a8b6c3314b36,FL1087,Etihad,2025-08-30 00:30:00,2025-08-30 01:00:00,G3,30,Dubai,Cape Town,68bb1db6f209a8b6c3314f59,68bdeea66d2564f9a09da48d,,,,,,,,,,,,,,,BAG1146,BAG1146,,,,,,,,,,,,,,,PAX1185,PAX1185,,,,,,,,,,,,,,,FL1087,FL1087,,,,,,,,,,,,,,,Not Loaded,Not Loaded,,,,,,,,,,,,,,,2025-09-08 02:14:32,68bb1ccef209a8b6c3314d8c,68bdeeb06d2564f9a09da519,,,,,,,PAX1185,PAX1185,,,,,,,FL1087,FL1087,,,,,,,2025-08-29 23:15:00,2025-08-29 23:15:00,,,,,,,false,false,,,,,,,G3,G3,,,,,,
68bdee9c245a927ffb268fa9,68bb1be0f209a8b6c3314bb2,FL1211,Air India,2025-09-01 14:30:00,2025-09-01 15:10:00,G16,40,Dubai,Amsterdam,68bb1d9bf209a8b6c3314f24,68bb1e34f209a8b6c3315055,68bdee9c6d2564f9a09da3f1,68bdeedb6d2564f9a09da78b,,,,,,,,,,,,,BAG1093,BAG1398,BAG1093,BAG1398,,,,,,,,,,,,,PAX1246,PAX1246,PAX1246,PAX1246,,,,,,,,,,,,,FL1211,FL1211,FL1211,FL1211,,,,,,,,,,,,,Not Loaded,Loaded,Not Loaded,Loaded,,,,,,,,,,,,,2025-09-08 02:15:15,68bb1cedf209a8b6c3314dc9,68bdeebc6d2564f9a09da5cc,,,,,,,PAX1246,PAX1246,,,,,,,FL1211,FL1211,,,,,,,2025-09-01 12:47:00,2025-09-01 12:47:00,,,,,,,true,true,,,,,,,G16,G16,,,,,,
68bdee9c245a927ffb268faa,68bb1be4f209a8b6c3314bba,FL1219,Lufthansa,2025-09-01 18:30:00,2025-09-01 18:30:00,G6,0,Dubai,London,68bb1d9cf209a8b6c3314f25,68bdee9c6d2564f9a09da3f4,,,,,,,,,,,,,,,BAG1094,BAG1094,,,,,,,,,,,,,,,PAX1233,PAX1233,,,,,,,,,,,,,,,FL1219,FL1219,,,,,,,,,,,,,,,Not Loaded,Not Loaded,,,,,,,,,,,,,,,2025-09-08 02:14:42,68bb1ce6f209a8b6c3314dbc,68bdeeba6d2564f9a09da5a7,,,,,,,PAX1233,PAX1233,,,,,,,FL1219,FL1219,,,,,,,2025-09-01 16:23:00,2025-09-01 16:23:00,,,,,,,true,true,,,,,,,G6,G6,,,,,,
68bdee9c245a927ffb268fab,68bb1bf5f209a8b6c3314bdd,FL1254,Emirates,2025-09-02 12:00:00,2025-09-02 12:40:00,G3,40,Dubai,Sydney,68bb1dc8f209a8b6c3314f7d,68bb1dfef209a8b6c3314fe9,68bb1e39f209a8b6c331505f,68bdeeae6d2564f9a09da4f9,68bdeec46d2564f9a09da63e,68bdeedd6d2564f9a09da7a8,,,,,,,,,,,BAG1182,BAG1290,BAG1408,BAG1182,BAG1290,BAG1408,,,,,,,,,,,PAX1089,PAX1089,PAX1089,PAX1089,PAX1089,PAX1089,,,,,,,,,,,FL1254,FL1254,FL1254,FL1254,FL1254,FL1254,,,,,,,,,,,Missing,Missing,Missing,Missing,Missing,Missing,,,,,,,,,,,2025-09-08 02:15:17,68bb1c9ef209a8b6c3314d2c,68bdee9c6d2564f9a09da3f5,,,,,,,PAX1089,PAX1089,,,,,,,FL1254,FL1254,,,,,,,2025-09-02 11:29:00,2025-09-02 11:29:00,,,,,,,false,false,,,,,,,G3,G3,,,,,,
68bdee9d245a927ffb268fac,68bb1be7f209a8b6c3314bc1,FL1226,Emirates,2025-09-01 22:00:00,2025-09-01 22:15:00,G5,15,Dubai,Istanbul,68bb1e09f209a8b6c3315000,68bb1e66f209a8b6c33150b8,68bdeec96d2564f9a09da686,68bdeeef6d2564f9a09da8b6,,,,,,,,,,,,,BAG1313,BAG1497,BAG1313,BAG1497,,,,,,,,,,,,,PAX1176,PAX1176,PAX1176,PAX1176,,,,,,,,,,,,,FL1226,FL1226,FL1226,FL1226,,,,,,,,,,,,,Missing,Missing,Missing,Missing,,,,,,,,,,,,,2025-09-08 02:15:36,68bb1c9ef209a8b6c3314d2d,68bb1cc9f209a8b6c3314d83,68bdee9c6d2564f9a09da3f8,68bdeeae6d2564f9a09da4fe,,,,,PAX1090,PAX1176,PAX1090,PAX1176,,,,,FL1226,FL1226,FL1226,FL1226,,,,,2025-09-01 19:20:00,2025-09-01 20:12:00,2025-09-01 19:20:00,2025-09-01 20:12:00,,,,,true,false,true,false,,,,,G5,G5,G5,G5,,,,
68bdee9d245a927ffb268fad,68bb1c01f209a8b6c3314bf5,FL1278,Air India,2025-09-03 00:00:00,2025-09-03 00:25:00,G6,25,Dubai,Mumbai,68bb1da4f209a8b6c3314f35,68bdee9f6d2564f9a09da424,,,,,,,,,,,,,,,BAG1110,BAG1110,,,,,,,,,,,,,,,PAX1343,PAX1343,,,,,,,,,,,,,,,FL1278,FL1278,,,,,,,,,,,,,,,Not Loaded,Not Loaded,,,,,,,,,,,,,,,2025-09-08 02:15:04,68bb1c9ff209a8b6c3314d2e,68bb1d1df209a8b6c3314e2a,68bdee9c6d2564f9a09da3fb,68bdeed06d2564f9a09da6ee,,,,,PAX1091,PAX1343,PAX1091,PAX1343,,,,,FL1278,FL1278,FL1278,FL1278,,,,,2025-09-02 22:11:00,2025-09-02 21:19:00,2025-09-02 22:11:00,2025-09-02 21:19:00,,,,,true,false,true,false,,,,,G6,G6,G6,G6,,,,
68bdee9d245a927ffb268fae,68bb1bedf209a8b6c3314bcc,FL1237,Singapore Airlines,2025-09-02 03:30:00,2025-09-02 04:10:00,G4,40,Dubai,Sydney,68bb1da5f209a8b6c3314f38,68bdeea06d2564f9a09da42d,,,,,,,,,,,,,,,BAG1113,BAG1113,,,,,,,,,,,,,,,PAX1217,PAX1217,,,,,,,,,,,,,,,FL1237,FL1237,,,,,,,,,,,,,,,Missing,Missing,,,,,,,,,,,,,,,2025-09-08 02:14:43,68bb1c9ff209a8b6c3314d2f,68bb1cdef209a8b6c3314dac,68bdee9c6d2564f9a09da3fe,68bdeeb76d2564f9a09da579,,,,,PAX1092,PAX1217,PAX1092,PAX1217,,,,,FL1237,FL1237,FL1237,FL1237,,,,,2025-09-02 02:35:00,2025-09-02 00:32:00,2025-09-02 02:35:00,2025-09-02 00:32:00,,,,,true,true,true,true,,,,,G4,G4,G4,G4,,,,
68bdee9d245a927ffb268faf,68bb1c5ff209a8b6c3314caf,FL1464,Lufthansa,2025-09-06 21:00:00,2025-09-06 21:35:00,G13,35,Dubai,Amsterdam,68bb1d9df209a8b6c3314f28,68bb1db9f209a8b6c3314f5f,68bdee9c6d2564f9a09da3fd,68bdeea86d2564f9a09da49f,,,,,,,,,,,,,BAG1097,BAG1152,BAG1097,BAG1152,,,,,,,,,,,,,PAX1170,PAX1170,PAX1170,PAX1170,,,,,,,,,,,,,FL1464,FL1464,FL1464,FL1464,,,,,,,,,,,,,Not Loaded,Not Loaded,Not Loaded,Not Loaded,,,,,,,,,,,,,2025-09-08 02:15:29,68bb1cc6f209a8b6c3314d7d,68bb1cd5f209a8b6c3314d9b,68bdeead6d2564f9a09da4ec,68bdeeb36d2564f9a09da545,,,,,PAX1170,PAX1200,PAX1170,PAX1200,,,,,FL1464,FL1464,FL1464,FL1464,,,,,2025-09-06 18:08:00,2025-09-06 20:12:00,2025-09-06 18:08:00,2025-09-06 20:12:00,,,,,false,true,false,true,,,,,G13,G13,G13,G13,,,,
68bdee9d245a927ffb268fb0,68bb1ba4f209a8b6c3314b3b,FL1092,Emirates,2025-08-30 03:00:00,2025-08-30 03:40:00,G19,40,Dubai,Tokyo,,,,,,,,,,,,,,,,,,,,,,,,,,,,,,,,,,,,,,,,,,,,,,,,,,,,,,,,,,,,,,,,,,,,,,,,,,,,,,,,,2025-09-08 02:15:02,68bb1cc4f209a8b6c3314d79,68bb1d17f209a8b6c3314e1e,68bdeeac6d2564f9a09da4e0,68bdeece6d2564f9a09da6cb,,,,,PAX1166,PAX1331,PAX1166,PAX1331,,,,,FL1092,FL1092,FL1092,FL1092,,,,,2025-08-30 01:13:00,2025-08-30 00:07:00,2025-08-30 01:13:00,2025-08-30 00:07:00,,,,,false,true,false,true,,,,,G19,G19,G19,G19,,,,
68bdee9d245a927ffb268fb1,68bb1c42f209a8b6c3314c75,FL1406,Qatar Airways,2025-09-05 16:00:00,2025-09-05 16:00:00,G7,0,Dubai,Zurich,68bb1dccf209a8b6c3314f86,68bb1df5f209a8b6c3314fd7,68bb1e06f209a8b6c3314ff9,68bdeeb06d2564f9a09da514,68bdeec06d2564f9a09da608,68bdeec76d2564f9a09da670,,,,,,,,,,,BAG1191,BAG1272,BAG1306,BAG1191,BAG1272,BAG1306,,,,,,,,,,,PAX1457,PAX1093,PAX1457,PAX1457,PAX1093,PAX1457,,,,,,,,,,,FL1406,FL1406,FL1406,FL1406,FL1406,FL1406,,,,,,,,,,,Missing,Loaded,Not Loaded,Missing,Loaded,Not Loaded,,,,,,,,,,,2025-09-08 02:15:27,68bb1ca0f209a8b6c3314d30,68bb1d57f209a8b6c3314e9c,68bdee9d6d2564f9a09da400,68bdeee76d2564f9a09da83e,,,,,PAX1093,PAX1457,PAX1093,PAX1457,,,,,FL1406,FL1406,FL1406,FL1406,,,,,2025-09-05 13:22:00,2025-09-05 13:55:00,2025-09-05 13:22:00,2025-09-05 13:55:00,,,,,false,true,false,true,,,,,G7,G7,G7,G7,,,,
68bdee9d245a927ffb268fb2,68bb1ba5f209a8b6c3314b3c,FL1093,British Airways,2025-08-30 03:30:00,2025-08-30 03:55:00,G10,25,Dubai,Hong Kong,68bb1e4df209a8b6c3315087,68bdeee56d2564f9a09da824,,,,,,,,,,,,,,,BAG1448,BAG1448,,,,,,,,,,,,,,,PAX1240,PAX1240,,,,,,,,,,,,,,,FL1093,FL1093,,,,,,,,,,,,,,,Not Loaded,Not Loaded,,,,,,,,,,,,,,,2025-09-08 02:15:25,68bb1ceaf209a8b6c3314dc3,68bdeebb6d2564f9a09da5ba,,,,,,,PAX1240,PAX1240,,,,,,,FL1093,FL1093,,,,,,,2025-08-30 02:22:00,2025-08-30 02:22:00,,,,,,,false,false,,,,,,,G10,G10,,,,,,
68bdee9d245a927ffb268fb3,68bb1ba5f209a8b6c3314b3d,FL1094,Qatar Airways,2025-08-30 04:00:00,2025-08-30 04:35:00,G19,35,Dubai,Cape Town,,,,,,,,,,,,,,,,,,,,,,,,,,,,,,,,,,,,,,,,,,,,,,,,,,,,,,,,,,,,,,,,,,,,,,,,,,,,,,,,,2025-09-08 02:14:13,,,,,,,,,,,,,,,,,,,,,,,,,,,,,,,,,,,,,,,,,,,,,,,,
68bdee9e245a927ffb268fb4,68bb1c37f209a8b6c3314c5f,FL1384,Turkish Airlines,2025-09-05 05:00:00,2025-09-05 06:00:00,G2,60,Dubai,Amsterdam,68bb1d9ff209a8b6c3314f2b,68bb1dd4f209a8b6c3314f96,68bb1e3bf209a8b6c3315063,68bb1e60f209a8b6c33150ad,68bdee9d6d2564f9a09da407,68bdeeb36d2564f9a09da544,68bdeede6d2564f9a09da7b4,68bdeeed6d2564f9a09da896,,,,,,,,,BAG1100,BAG1207,BAG1412,BAG1486,BAG1100,BAG1207,BAG1412,BAG1486,,,,,,,,,PAX1371,PAX1347,PAX1371,PAX1286,PAX1371,PAX1347,PAX1371,PAX1286,,,,,,,,,FL1384,FL1384,FL1384,FL1384,FL1384,FL1384,FL1384,FL1384,,,,,,,,,Not Loaded,Missing,Not Loaded,Not Loaded,Not Loaded,Missing,Not Loaded,Not Loaded,,,,,,,,,2025-09-08 02:15:33,68bb1d01f209a8b6c3314df1,68bb1d0cf209a8b6c3314e07,68bb1d1ff209a8b6c3314e2e,68bb1d2bf209a8b6c3314e46,68bdeec56d2564f9a09da648,68bdeec96d2564f9a09da687,68bdeed16d2564f9a09da6fa,68bdeed66d2564f9a09da741,PAX1286,PAX1308,PAX1347,PAX1371,PAX1286,PAX1308,PAX1347,PAX1371,FL1384,FL1384,FL1384,FL1384,FL1384,FL1384,FL1384,FL1384,2025-09-05 02:49:00,2025-09-05 03:07:00,2025-09-05 04:09:00,2025-09-05 02:54:00,2025-09-05 02:49:00,2025-09-05 03:07:00,2025-09-05 04:09:00,2025-09-05 02:54:00,false,true,false,true,false,true,false,true,G2,G2,G2,G2,G2,G2,G2,G2
68bdee9e245a927ffb268fb5,68bb1ba6f209a8b6c3314b3e,FL1095,British Airways,2025-08-30 04:30:00,2025-08-30 05:10:00,G8,40,Dubai,Bangkok,,,,,,,,,,,,,,,,,,,,,,,,,,,,,,,,,,,,,,,,,,,,,,,,,,,,,,,,,,,,,,,,,,,,,,,,,,,,,,,,,2025-09-08 02:15:03,68bb1d1bf209a8b6c3314e25,68bdeecf6d2564f9a09da6df,,,,,,,PAX1338,PAX1338,,,,,,,FL1095,FL1095,,,,,,,2025-08-30 01:30:00,2025-08-30 01:30:00,,,,,,,true,true,,,,,,,G8,G8,,,,,,
68bdee9e245a927ffb268fb6,68bb1c6cf209a8b6c3314cc9,FL1490,Lufthansa,2025-09-07 10:00:00,2025-09-07 10:40:00,G17,40,Dubai,Amsterdam,,,,,,,,,,,,,,,,,,,,,,,,,,,,,,,,,,,,,,,,,,,,,,,,,,,,,,,,,,,,,,,,,,,,,,,,,,,,,,,,,2025-09-08 02:15:34,68bb1ca2f209a8b6c3314d34,68bdee9e6d2564f9a09da40d,,,,,,,PAX1097,PAX1097,,,,,,,FL1490,FL1490,,,,,,,2025-09-07 09:29:00,2025-09-07 09:29:00,,,,,,,true,true,,,,,,,G17,G17,,,,,,
68bdee9e245a927ffb268fb7,68bb1ba7f209a8b6c3314b40,FL1097,Turkish Airlines,2025-08-30 05:30:00,2025-08-30 05:45:00,G10,15,Dubai,Delhi,68bb1dfbf209a8b6c3314fe3,68bdeec36d2564f9a09da62b,,,,,,,,,,,,,,,BAG1284,BAG1284,,,,,,,,,,,,,,,PAX1337,PAX1337,,,,,,,,,,,,,,,FL1097,FL1097,,,,,,,,,,,,,,,Not Loaded,Not Loaded,,,,,,,,,,,,,,,2025-09-08 02:15:03,68bb1d1af209a8b6c3314e24,68bdeecf6d2564f9a09da6dc,,,,,,,PAX1337,PAX1337,,,,,,,FL1097,FL1097,,,,,,,2025-08-30 03:16:00,2025-08-30 03:16:00,,,,,,,true,true,,,,,,,G10,G10,,,,,,
68bdee9e245a927ffb268fb8,68bb1ba7f209a8b6c3314b41,FL1098,Singapore Airlines,2025-08-30 06:00:00,2025-08-30 06:20:00,G17,20,Dubai,Los Angeles,68bb1e47f209a8b6c331507b,68bdeee36d2564f9a09da7ff,,,,,,,,,,,,,,,BAG1436,BAG1436,,,,,,,,,,,,,,,PAX1204,PAX1204,,,,,,,,,,,,,,,FL1098,FL1098,,,,,,,,,,,,,,,Loaded,Loaded,,,,,,,,,,,,,,,2025-09-08 02:15:23,68bb1ca8f209a8b6c3314d41,68bb1cd7f209a8b6c3314d9f,68bdeea06d2564f9a09da435,68bdeeb46d2564f9a09da552,,,,,PAX1110,PAX1204,PAX1110,PAX1204,,,,,FL1098,FL1098,FL1098,FL1098,,,,,2025-08-30 04:31:00,2025-08-30 04:10:00,2025-08-30 04:31:00,2025-08-30 04:10:00,,,,,true,false,true,false,,,,,G17,G17,G17,G17,,,,
68bdee9e245a927ffb268fb9,68bb1be4f209a8b6c3314bbb,FL1220,Turkish Airlines,2025-09-01 19:00:00,2025-09-01 19:10:00,G16,10,Dubai,Singapore,68bb1dbbf209a8b6c3314f63,68bb1dd0f209a8b6c3314f8d,68bdeea86d2564f9a09da4ac,68bdeeb16d2564f9a09da52b,,,,,,,,,,,,,BAG1156,BAG1198,BAG1156,BAG1198,,,,,,,,,,,,,PAX1098,PAX1098,PAX1098,PAX1098,,,,,,,,,,,,,FL1220,FL1220,FL1220,FL1220,,,,,,,,,,,,,Loaded,Not Loaded,Loaded,Not Loaded,,,,,,,,,,,,,2025-09-08 02:14:39,68bb1ca2f209a8b6c3314d35,68bb1cbff209a8b6c3314d6e,68bdee9e6d2564f9a09da410,68bdeeaa6d2564f9a09da4bf,,,,,PAX1098,PAX1155,PAX1098,PAX1155,,,,,FL1220,FL1220,FL1220,FL1220,,,,,2025-09-01 16:07:00,2025-09-01 18:21:00,2025-09-01 16:07:00,2025-09-01 18:21:00,,,,,false,true,false,true,,,,,G16,G16,G16,G16,,,,
68bdee9e245a927ffb268fba,68bb1ba8f209a8b6c3314b42,FL1099,Emirates,2025-08-30 06:30:00,2025-08-30 07:30:00,G16,60,Dubai,Rome,68bb1e19f209a8b6c331501f,68bb1e49f209a8b6c331507e,68bdeecf6d2564f9a09da6e4,68bdeee36d2564f9a09da808,,,,,,,,,,,,,BAG1344,BAG1439,BAG1344,BAG1439,,,,,,,,,,,,,PAX1414,PAX1414,PAX1414,PAX1414,,,,,,,,,,,,,FL1099,FL1099,FL1099,FL1099,,,,,,,,,,,,,Not Loaded,Not Loaded,Not Loaded,Not Loaded,,,,,,,,,,,,,2025-09-08 02:15:24,68bb1d41f209a8b6c3314e71,68bdeede6d2564f9a09da7be,,,,,,,PAX1414,PAX1414,,,,,,,FL1099,FL1099,,,,,,,2025-08-30 04:40:00,2025-08-30 04:40:00,,,,,,,false,false,,,,,,,G16,G16,,,,,,
68bdee9e245a927ffb268fbb,68bb1c1ff209a8b6c3314c2f,FL1336,Air India,2025-09-04 05:00:00,2025-09-04 05:00:00,G15,0,Dubai,Amsterdam,68bb1db7f209a8b6c3314f5b,68bb1dc9f209a8b6c3314f7f,68bb1dcaf209a8b6c3314f81,68bb1e0df209a8b6c3315008,68bdeea76d2564f9a09da493,68bdeeae6d2564f9a09da4ff,68bdeeaf6d2564f9a09da505,68bdeecb6d2564f9a09da6a0,,,,,,,,,BAG1148,BAG1184,BAG1186,BAG1321,BAG1148,BAG1184,BAG1186,BAG1321,,,,,,,,,PAX1099,PAX1487,PAX1099,PAX1099,PAX1099,PAX1487,PAX1099,PAX1099,,,,,,,,,FL1336,FL1336,FL1336,FL1336,FL1336,FL1336,FL1336,FL1336,,,,,,,,,Loaded,Missing,Loaded,Missing,Loaded,Missing,Loaded,Missing,,,,,,,,,2025-09-08 02:15:34,68bb1ca3f209a8b6c3314d36,68bb1d2ff209a8b6c3314e4e,68bb1d66f209a8b6c3314eba,68bdee9e6d2564f9a09da414,68bdeed76d2564f9a09da759,68bdeeed6d2564f9a09da89a,,,PAX1099,PAX1379,PAX1487,PAX1099,PAX1379,PAX1487,,,FL1336,FL1336,FL1336,FL1336,FL1336,FL1336,,,2025-09-04 03:08:00,2025-09-04 02:48:00,2025-09-04 03:49:00,2025-09-04 03:08:00,2025-09-04 02:48:00,2025-09-04 03:49:00,,,true,true,true,true,true,true,,,G15,G15,G15,G15,G15,G15,,
68bdee9f245a927ffb268fbc,68bb1bf3f209a8b6c3314bd9,FL1250,Lufthansa,2025-09-02 10:00:00,2025-09-02 10:35:00,G17,35,Dubai,Singapore,68bb1da1f209a8b6c3314f30,68bb1ddef209a8b6c3314faa,68bdee9e6d2564f9a09da415,68bdeeb76d2564f9a09da581,,,,,,,,,,,,,BAG1105,BAG1227,BAG1105,BAG1227,,,,,,,,,,,,,PAX1412,PAX1467,PAX1412,PAX1467,,,,,,,,,,,,,FL1250,FL1250,FL1250,FL1250,,,,,,,,,,,,,Loaded,Missing,Loaded,Missing,,,,,,,,,,,,,2025-09-08 02:15:29,68bb1d40f209a8b6c3314e6f,68bb1d5cf209a8b6c3314ea6,68bdeede6d2564f9a09da7b8,68bdeee96d2564f9a09da85c,,,,,PAX1412,PAX1467,PAX1412,PAX1467,,,,,FL1250,FL1250,FL1250,FL1250,,,,,2025-09-02 07:56:00,2025-09-02 08:40:00,2025-09-02 07:56:00,2025-09-02 08:40:00,,,,,false,true,false,true,,,,,G17,G17,G17,G17,,,,
68bdee9f245a927ffb268fbd,68bb1ba8f209a8b6c3314b43,FL1100,Singapore Airlines,2025-08-30 07:00:00,2025-08-30 07:40:00,G14,40,Dubai,Istanbul,,,,,,,,,,,,,,,,,,,,,,,,,,,,,,,,,,,,,,,,,,,,,,,,,,,,,,,,,,,,,,,,,,,,,,,,,,,,,,,,,2025-09-08 02:14:14,,,,,,,,,,,,,,,,,,,,,,,,,,,,,,,,,,,,,,,,,,,,,,,,
68bdee9f245a927ffb268fbe,68bb1c17f209a8b6c3314c20,FL1321,British Airways,2025-09-03 21:30:00,2025-09-03 21:55:00,G1,25,Dubai,Los Angeles,68bb1da2f209a8b6c3314f31,68bb1e4bf209a8b6c3315083,68bdee9e6d2564f9a09da418,68bdeee46d2564f9a09da818,,,,,,,,,,,,,BAG1106,BAG1444,BAG1106,BAG1444,,,,,,,,,,,,,PAX1132,PAX1132,PAX1132,PAX1132,,,,,,,,,,,,,FL1321,FL1321,FL1321,FL1321,,,,,,,,,,,,,Missing,Missing,Missing,Missing,,,,,,,,,,,,,2025-09-08 02:15:25,68bb1cb3f209a8b6c3314d57,68bdeea56d2564f9a09da478,,,,,,,PAX1132,PAX1132,,,,,,,FL1321,FL1321,,,,,,,2025-09-03 19:15:00,2025-09-03 19:15:00,,,,,,,false,false,,,,,,,G1,G1,,,,,,
68bdee9f245a927ffb268fbf,68bb1bbdf209a8b6c3314b6c,FL1141,Qatar Airways,2025-08-31 03:30:00,2025-08-31 04:00:00,G10,30,Dubai,Hong Kong,68bb1e26f209a8b6c3315039,68bdeed56d2564f9a09da733,,,,,,,,,,,,,,,BAG1370,BAG1370,,,,,,,,,,,,,,,PAX1101,PAX1101,,,,,,,,,,,,,,,FL1141,FL1141,,,,,,,,,,,,,,,Loaded,Loaded,,,,,,,,,,,,,,,2025-09-08 02:15:09,68bb1ca4f209a8b6c3314d38,68bdee9e6d2564f9a09da41a,,,,,,,PAX1101,PAX1101,,,,,,,FL1141,FL1141,,,,,,,2025-08-31 01:48:00,2025-08-31 01:48:00,,,,,,,true,true,,,,,,,G10,G10,,,,,,
68bdee9f245a927ffb268fc0,68bb1c03f209a8b6c3314bf9,FL1282,Qatar Airways,2025-09-03 02:00:00,2025-09-03 02:15:00,G18,15,Dubai,Hong Kong,68bb1da2f209a8b6c3314f32,68bdee9f6d2564f9a09da41b,,,,,,,,,,,,,,,BAG1107,BAG1107,,,,,,,,,,,,,,,PAX1234,PAX1234,,,,,,,,,,,,,,,FL1282,FL1282,,,,,,,,,,,,,,,Not Loaded,Not Loaded,,,,,,,,,,,,,,,2025-09-08 02:14:52,68bb1ce7f209a8b6c3314dbd,68bdeeba6d2564f9a09da5a9,,,,,,,PAX1234,PAX1234,,,,,,,FL1282,FL1282,,,,,,,2025-09-03 00:31:00,2025-09-03 00:31:00,,,,,,,false,false,,,,,,,G18,G18,,,,,,
68bdee9f245a927ffb268fc1,68bb1ba9f209a8b6c3314b45,FL1102,Qatar Airways,2025-08-30 08:00:00,2025-08-30 08:30:00,G20,30,Dubai,Sydney,,,,,,,,,,,,,,,,,,,,,,,,,,,,,,,,,,,,,,,,,,,,,,,,,,,,,,,,,,,,,,,,,,,,,,,,,,,,,,,,,2025-09-08 02:14:15,,,,,,,,,,,,,,,,,,,,,,,,,,,,,,,,,,,,,,,,,,,,,,,,
68bdee9f245a927ffb268fc2,68bb1baaf209a8b6c3314b46,FL1103,Emirates,2025-08-30 08:30:00,2025-08-30 08:50:00,G7,20,Dubai,Frankfurt,,,,,,,,,,,,,,,,,,,,,,,,,,,,,,,,,,,,,,,,,,,,,,,,,,,,,,,,,,,,,,,,,,,,,,,,,,,,,,,,,2025-09-08 02:15:08,68bb1d26f209a8b6c3314e3b,68bdeed36d2564f9a09da720,,,,,,,PAX1360,PAX1360,,,,,,,FL1103,FL1103,,,,,,,2025-08-30 06:24:00,2025-08-30 06:24:00,,,,,,,false,false,,,,,,,G7,G7,,,,,,
68bdee9f245a927ffb268fc3,68bb1be1f209a8b6c3314bb4,FL1213,Lufthansa,2025-09-01 15:30:00,2025-09-01 16:00:00,G12,30,Dubai,Zurich,,,,,,,,,,,,,,,,,,,,,,,,,,,,,,,,,,,,,,,,,,,,,,,,,,,,,,,,,,,,,,,,,,,,,,,,,,,,,,,,,2025-09-08 02:14:37,68bb1ca5f209a8b6c3314d3a,68bdee9f6d2564f9a09da420,,,,,,,PAX1103,PAX1103,,,,,,,FL1213,FL1213,,,,,,,2025-09-01 14:47:00,2025-09-01 14:47:00,,,,,,,true,true,,,,,,,G12,G12,,,,,,
68bdee9f245a927ffb268fc4,68bb1c2cf209a8b6c3314c49,FL1362,Air India,2025-09-04 18:00:00,2025-09-04 18:00:00,G8,0,Dubai,Delhi,68bb1da3f209a8b6c3314f34,68bb1df5f209a8b6c3314fd8,68bb1e0ef209a8b6c3315009,68bb1e48f209a8b6c331507d,68bdee9f6d2564f9a09da421,68bdeec06d2564f9a09da60a,68bdeecb6d2564f9a09da6a3,68bdeee36d2564f9a09da805,,,,,,,,,BAG1109,BAG1273,BAG1322,BAG1438,BAG1109,BAG1273,BAG1322,BAG1438,,,,,,,,,PAX1334,PAX1477,PAX1334,PAX1477,PAX1334,PAX1477,PAX1334,PAX1477,,,,,,,,,FL1362,FL1362,FL1362,FL1362,FL1362,FL1362,FL1362,FL1362,,,,,,,,,Loaded,Missing,Loaded,Missing,Loaded,Missing,Loaded,Missing,,,,,,,,,2025-09-08 02:15:32,68bb1d19f209a8b6c3314e21,68bb1d61f209a8b6c3314eb0,68bdeece6d2564f9a09da6d4,68bdeeeb6d2564f9a09da87d,,,,,PAX1334,PAX1477,PAX1334,PAX1477,,,,,FL1362,FL1362,FL1362,FL1362,,,,,2025-09-04 16:34:00,2025-09-04 16:13:00,2025-09-04 16:34:00,2025-09-04 16:13:00,,,,,true,true,true,true,,,,,G8,G8,G8,G8,,,,
68bdeea0245a927ffb268fc5,68bb1badf209a8b6c3314b4c,FL1109,British Airways,2025-08-30 11:30:00,2025-08-30 11:40:00,G2,10,Dubai,Delhi,68bb1da4f209a8b6c3314f36,68bdee9f6d2564f9a09da427,,,,,,,,,,,,,,,BAG1111,BAG1111,,,,,,,,,,,,,,,PAX1151,PAX1151,,,,,,,,,,,,,,,FL1109,FL1109,,,,,,,,,,,,,,,Loaded,Loaded,,,,,,,,,,,,,,,2025-09-08 02:14:25,68bb1cbdf209a8b6c3314d6a,68bdeea96d2564f9a09da4b3,,,,,,,PAX1151,PAX1151,,,,,,,FL1109,FL1109,,,,,,,2025-08-30 10:23:00,2025-08-30 10:23:00,,,,,,,false,false,,,,,,,G2,G2,,,,,,
68bdeea0245a927ffb268fc6,68bb1c0ef209a8b6c3314c0e,FL1303,Emirates,2025-09-03 12:30:00,2025-09-03 12:55:00,G16,25,Dubai,Singapore,68bb1da5f209a8b6c3314f37,68bdeea06d2564f9a09da42a,,,,,,,,,,,,,,,BAG1112,BAG1112,,,,,,,,,,,,,,,PAX1275,PAX1275,,,,,,,,,,,,,,,FL1303,FL1303,,,,,,,,,,,,,,,Missing,Missing,,,,,,,,,,,,,,,2025-09-08 02:15:21,68bb1cfbf209a8b6c3314de6,68bb1d48f209a8b6c3314e7f,68bdeec26d2564f9a09da626,68bdeee16d2564f9a09da7e8,,,,,PAX1275,PAX1428,PAX1275,PAX1428,,,,,FL1303,FL1303,FL1303,FL1303,,,,,2025-09-03 11:31:00,2025-09-03 11:40:00,2025-09-03 11:31:00,2025-09-03 11:40:00,,,,,true,false,true,false,,,,,G16,G16,G16,G16,,,,
68bdeea0245a927ffb268fc7,68bb1bacf209a8b6c3314b4a,FL1107,Air India,2025-08-30 10:30:00,2025-08-30 11:05:00,G16,35,Dubai,Doha,,,,,,,,,,,,,,,,,,,,,,,,,,,,,,,,,,,,,,,,,,,,,,,,,,,,,,,,,,,,,,,,,,,,,,,,,,,,,,,,,2025-09-08 02:14:16,,,,,,,,,,,,,,,,,,,,,,,,,,,,,,,,,,,,,,,,,,,,,,,,
68bdeea0245a927ffb268fc8,68bb1c1ef209a8b6c3314c2e,FL1335,Turkish Airlines,2025-09-04 04:30:00,2025-09-04 04:55:00,G3,25,Dubai,New York,68bb1e00f209a8b6c3314fed,68bdeec56d2564f9a09da64a,,,,,,,,,,,,,,,BAG1294,BAG1294,,,,,,,,,,,,,,,PAX1398,PAX1398,,,,,,,,,,,,,,,FL1335,FL1335,,,,,,,,,,,,,,,Loaded,Loaded,,,,,,,,,,,,,,,2025-09-08 02:15:15,68bb1ca7f209a8b6c3314d3e,68bb1d39f209a8b6c3314e61,68bdeea06d2564f9a09da42c,68bdeedb6d2564f9a09da790,,,,,PAX1107,PAX1398,PAX1107,PAX1398,,,,,FL1335,FL1335,FL1335,FL1335,,,,,2025-09-04 01:54:00,2025-09-04 02:10:00,2025-09-04 01:54:00,2025-09-04 02:10:00,,,,,false,true,false,true,,,,,G3,G3,G3,G3,,,,
68bdeea0245a927ffb268fc9,68bb1bacf209a8b6c3314b4b,FL1108,Singapore Airlines,2025-08-30 11:00:00,2025-08-30 11:30:00,G10,30,Dubai,Toronto,68bb1e2ff209a8b6c331504b,68bdeed96d2564f9a09da76c,,,,,,,,,,,,,,,BAG1388,BAG1388,,,,,,,,,,,,,,,PAX1268,PAX1268,,,,,,,,,,,,,,,FL1108,FL1108,,,,,,,,,,,,,,,Not Loaded,Not Loaded,,,,,,,,,,,,,,,2025-09-08 02:15:13,68bb1cf8f209a8b6c3314ddf,68bdeec16d2564f9a09da610,,,,,,,PAX1268,PAX1268,,,,,,,FL1108,FL1108,,,,,,,2025-08-30 08:25:00,2025-08-30 08:25:00,,,,,,,true,true,,,,,,,G10,G10,,,,,,
68bdeea0245a927ffb268fca,68bb1bc1f209a8b6c3314b74,FL1149,Lufthansa,2025-08-31 07:30:00,2025-08-31 08:10:00,G18,40,Dubai,Tokyo,68bb1da6f209a8b6c3314f39,68bb1dd9f209a8b6c3314fa0,68bdeea06d2564f9a09da430,68bdeeb56d2564f9a09da563,,,,,,,,,,,,,BAG1114,BAG1217,BAG1114,BAG1217,,,,,,,,,,,,,PAX1455,PAX1455,PAX1455,PAX1455,,,,,,,,,,,,,FL1149,FL1149,FL1149,FL1149,,,,,,,,,,,,,Missing,Loaded,Missing,Loaded,,,,,,,,,,,,,2025-09-08 02:15:27,68bb1d56f209a8b6c3314e9a,68bdeee76d2564f9a09da839,,,,,,,PAX1455,PAX1455,,,,,,,FL1149,FL1149,,,,,,,2025-08-31 06:45:00,2025-08-31 06:45:00,,,,,,,false,false,,,,,,,G18,G18,,,,,,
68bdeea1245a927ffb268fcb,68bb1c41f209a8b6c3314c74,FL1405,Turkish Airlines,2025-09-05 15:30:00,2025-09-05 16:10:00,G17,40,Dubai,Delhi,,,,,,,,,,,,,,,,,,,,,,,,,,,,,,,,,,,,,,,,,,,,,,,,,,,,,,,,,,,,,,,,,,,,,,,,,,,,,,,,,2025-09-08 02:15:17,68bb1ca9f209a8b6c3314d42,68bdeea06d2564f9a09da438,,,,,,,PAX1111,PAX1111,,,,,,,FL1405,FL1405,,,,,,,2025-09-05 14:07:00,2025-09-05 14:07:00,,,,,,,false,false,,,,,,,G17,G17,,,,,,
68bdeea1245a927ffb268fcc,68bb1c40f209a8b6c3314c72,FL1403,Lufthansa,2025-09-05 14:30:00,2025-09-05 15:05:00,G19,35,Dubai,Cape Town,68bb1da7f209a8b6c3314f3c,68bdeea16d2564f9a09da439,,,,,,,,,,,,,,,BAG1117,BAG1117,,,,,,,,,,,,,,,PAX1349,PAX1349,,,,,,,,,,,,,,,FL1403,FL1403,,,,,,,,,,,,,,,Not Loaded,Not Loaded,,,,,,,,,,,,,,,2025-09-08 02:15:17,68bb1d0af209a8b6c3314e04,68bb1d20f209a8b6c3314e30,68bdeec86d2564f9a09da67e,68bdeed16d2564f9a09da700,,,,,PAX1305,PAX1349,PAX1305,PAX1349,,,,,FL1403,FL1403,FL1403,FL1403,,,,,2025-09-05 12:41:00,2025-09-05 12:11:00,2025-09-05 12:41:00,2025-09-05 12:11:00,,,,,false,false,false,false,,,,,G19,G19,G19,G19,,,,
68bdeea1245a927ffb268fcd,68bb1baef209a8b6c3314b4f,FL1112,Singapore Airlines,2025-08-30 13:00:00,2025-08-30 13:15:00,G17,15,Dubai,Bangkok,,,,,,,,,,,,,,,,,,,,,,,,,,,,,,,,,,,,,,,,,,,,,,,,,,,,,,,,,,,,,,,,,,,,,,,,,,,,,,,,,2025-09-08 02:14:17,,,,,,,,,,,,,,,,,,,,,,,,,,,,,,,,,,,,,,,,,,,,,,,,
68bdeea1245a927ffb268fce,68bb1c29f209a8b6c3314c44,FL1357,Turkish Airlines,2025-09-04 15:30:00,2025-09-04 16:00:00,G18,30,Dubai,Rome,,,,,,,,,,,,,,,,,,,,,,,,,,,,,,,,,,,,,,,,,,,,,,,,,,,,,,,,,,,,,,,,,,,,,,,,,,,,,,,,,2025-09-08 02:15:07,68bb1ca9f209a8b6c3314d43,68bdeea16d2564f9a09da43b,,,,,,,PAX1112,PAX1112,,,,,,,FL1357,FL1357,,,,,,,2025-09-04 12:32:00,2025-09-04 12:32:00,,,,,,,true,true,,,,,,,G18,G18,,,,,,
68bdeea1245a927ffb268fcf,68bb1c29f209a8b6c3314c43,FL1356,Lufthansa,2025-09-04 15:00:00,2025-09-04 15:20:00,G7,20,Dubai,Istanbul,68bb1da8f209a8b6c3314f3e,68bdeea16d2564f9a09da43e,,,,,,,,,,,,,,,BAG1119,BAG1119,,,,,,,,,,,,,,,PAX1335,PAX1335,,,,,,,,,,,,,,,FL1356,FL1356,,,,,,,,,,,,,,,Missing,Missing,,,,,,,,,,,,,,,2025-09-08 02:15:07,68bb1cdff209a8b6c3314dad,68bb1d19f209a8b6c3314e22,68bdeeb76d2564f9a09da57c,68bdeece6d2564f9a09da6d7,,,,,PAX1218,PAX1335,PAX1218,PAX1335,,,,,FL1356,FL1356,FL1356,FL1356,,,,,2025-09-04 12:00:00,2025-09-04 13:47:00,2025-09-04 12:00:00,2025-09-04 13:47:00,,,,,true,false,true,false,,,,,G7,G7,G7,G7,,,,
68bdeea2245a927ffb268fd0,68bb1bbaf209a8b6c3314b67,FL1136,British Airways,2025-08-31 01:00:00,2025-08-31 02:00:00,G20,60,Dubai,Toronto,68bb1da9f209a8b6c3314f3f,68bdeea16d2564f9a09da440,,,,,,,,,,,,,,,BAG1120,BAG1120,,,,,,,,,,,,,,,PAX1407,PAX1407,,,,,,,,,,,,,,,FL1136,FL1136,,,,,,,,,,,,,,,Loaded,Loaded,,,,,,,,,,,,,,,2025-09-08 02:15:22,68bb1d3ef209a8b6c3314e6a,68bb1d49f209a8b6c3314e80,68bdeedd6d2564f9a09da7aa,68bdeee16d2564f9a09da7eb,,,,,PAX1407,PAX1429,PAX1407,PAX1429,,,,,FL1136,FL1136,FL1136,FL1136,,,,,2025-08-30 22:40:00,2025-08-30 23:05:00,2025-08-30 22:40:00,2025-08-30 23:05:00,,,,,true,true,true,true,,,,,G20,G20,G20,G20,,,,
68bdeea2245a927ffb268fd1,68bb1bb0f209a8b6c3314b52,FL1115,Air India,2025-08-30 14:30:00,2025-08-30 15:10:00,G13,40,Dubai,Tokyo,,,,,,,,,,,,,,,,,,,,,,,,,,,,,,,,,,,,,,,,,,,,,,,,,,,,,,,,,,,,,,,,,,,,,,,,,,,,,,,,,2025-09-08 02:14:17,,,,,,,,,,,,,,,,,,,,,,,,,,,,,,,,,,,,,,,,,,,,,,,,
68bdeea2245a927ffb268fd2,68bb1bb0f209a8b6c3314b53,FL1116,Air India,2025-08-30 15:00:00,2025-08-30 15:30:00,G20,30,Dubai,Chicago,,,,,,,,,,,,,,,,,,,,,,,,,,,,,,,,,,,,,,,,,,,,,,,,,,,,,,,,,,,,,,,,,,,,,,,,,,,,,,,,,2025-09-08 02:14:44,68bb1cecf209a8b6c3314dc7,68bdeebc6d2564f9a09da5c6,,,,,,,PAX1244,PAX1244,,,,,,,FL1116,FL1116,,,,,,,2025-08-30 13:08:00,2025-08-30 13:08:00,,,,,,,false,false,,,,,,,G20,G20,,,,,,
68bdeea2245a927ffb268fd3,68bb1bb1f209a8b6c3314b54,FL1117,Emirates,2025-08-30 15:30:00,2025-08-30 16:10:00,G9,40,Dubai,London,,,,,,,,,,,,,,,,,,,,,,,,,,,,,,,,,,,,,,,,,,,,,,,,,,,,,,,,,,,,,,,,,,,,,,,,,,,,,,,,,2025-09-08 02:14:18,,,,,,,,,,,,,,,,,,,,,,,,,,,,,,,,,,,,,,,,,,,,,,,,
68bdeea2245a927ffb268fd4,68bb1be2f209a8b6c3314bb7,FL1216,Etihad,2025-09-01 17:00:00,2025-09-01 17:20:00,G2,20,Dubai,Hong Kong,68bb1dabf209a8b6c3314f43,68bb1db8f209a8b6c3314f5e,68bdeea26d2564f9a09da44c,68bdeea76d2564f9a09da49c,,,,,,,,,,,,,BAG1124,BAG1151,BAG1124,BAG1151,,,,,,,,,,,,,PAX1175,PAX1175,PAX1175,PAX1175,,,,,,,,,,,,,FL1216,FL1216,FL1216,FL1216,,,,,,,,,,,,,Loaded,Loaded,Loaded,Loaded,,,,,,,,,,,,,2025-09-08 02:14:38,68bb1cc9f209a8b6c3314d82,68bdeeae6d2564f9a09da4fb,,,,,,,PAX1175,PAX1175,,,,,,,FL1216,FL1216,,,,,,,2025-09-01 15:12:00,2025-09-01 15:12:00,,,,,,,true,true,,,,,,,G2,G2,,,,,,
68bdeea2245a927ffb268fd5,68bb1bb1f209a8b6c3314b55,FL1118,Air India,2025-08-30 16:00:00,2025-08-30 16:30:00,G1,30,Dubai,Amsterdam,,,,,,,,,,,,,,,,,,,,,,,,,,,,,,,,,,,,,,,,,,,,,,,,,,,,,,,,,,,,,,,,,,,,,,,,,,,,,,,,,2025-09-08 02:14:18,,,,,,,,,,,,,,,,,,,,,,,,,,,,,,,,,,,,,,,,,,,,,,,,
68bdeea3245a927ffb268fd6,68bb1bbbf209a8b6c3314b68,FL1137,Emirates,2025-08-31 01:30:00,2025-08-31 01:55:00,G1,25,Dubai,Zurich,68bb1dabf209a8b6c3314f44,68bb1e31f209a8b6c331504e,68bdeea26d2564f9a09da44f,68bdeed96d2564f9a09da775,,,,,,,,,,,,,BAG1125,BAG1391,BAG1125,BAG1391,,,,,,,,,,,,,PAX1494,PAX1494,PAX1494,PAX1494,,,,,,,,,,,,,FL1137,FL1137,FL1137,FL1137,,,,,,,,,,,,,Not Loaded,Not Loaded,Not Loaded,Not Loaded,,,,,,,,,,,,,2025-09-08 02:15:35,68bb1d69f209a8b6c3314ec1,68bdeeef6d2564f9a09da8af,,,,,,,PAX1494,PAX1494,,,,,,,FL1137,FL1137,,,,,,,2025-08-30 23:24:00,2025-08-30 23:24:00,,,,,,,false,false,,,,,,,G1,G1,,,,,,
68bdeea3245a927ffb268fd7,68bb1bb2f209a8b6c3314b56,FL1119,Singapore Airlines,2025-08-30 16:30:00,2025-08-30 16:30:00,G17,0,Dubai,Hong Kong,,,,,,,,,,,,,,,,,,,,,,,,,,,,,,,,,,,,,,,,,,,,,,,,,,,,,,,,,,,,,,,,,,,,,,,,,,,,,,,,,2025-09-08 02:14:18,,,,,,,,,,,,,,,,,,,,,,,,,,,,,,,,,,,,,,,,,,,,,,,,
68bdeea3245a927ffb268fd8,68bb1bb2f209a8b6c3314b57,FL1120,Singapore Airlines,2025-08-30 17:00:00,2025-08-30 18:00:00,G11,60,Dubai,New York,,,,,,,,,,,,,,,,,,,,,,,,,,,,,,,,,,,,,,,,,,,,,,,,,,,,,,,,,,,,,,,,,,,,,,,,,,,,,,,,,2025-09-08 02:14:19,,,,,,,,,,,,,,,,,,,,,,,,,,,,,,,,,,,,,,,,,,,,,,,,
68bdeea3245a927ffb268fd9,68bb1bb3f209a8b6c3314b58,FL1121,Qatar Airways,2025-08-30 17:30:00,2025-08-30 18:10:00,G9,40,Dubai,Zurich,68bb1e42f209a8b6c3315071,68bdeee16d2564f9a09da7e0,,,,,,,,,,,,,,,BAG1426,BAG1426,,,,,,,,,,,,,,,PAX1184,PAX1184,,,,,,,,,,,,,,,FL1121,FL1121,,,,,,,,,,,,,,,Not Loaded,Not Loaded,,,,,,,,,,,,,,,2025-09-08 02:15:21,68bb1ccdf209a8b6c3314d8b,68bb1d43f209a8b6c3314e74,68bdeeb06d2564f9a09da516,68bdeedf6d2564f9a09da7c8,,,,,PAX1184,PAX1417,PAX1184,PAX1417,,,,,FL1121,FL1121,FL1121,FL1121,,,,,2025-08-30 15:02:00,2025-08-30 16:42:00,2025-08-30 15:02:00,2025-08-30 16:42:00,,,,,true,false,true,false,,,,,G9,G9,G9,G9,,,,
68bdeea3245a927ffb268fda,68bb1bc7f209a8b6c3314b81,FL1162,Emirates,2025-08-31 14:00:00,2025-08-31 14:15:00,G16,15,Dubai,Toronto,68bb1e65f209a8b6c33150b7,68bdeeef6d2564f9a09da8b3,,,,,,,,,,,,,,,BAG1496,BAG1496,,,,,,,,,,,,,,,PAX1121,PAX1121,,,,,,,,,,,,,,,FL1162,FL1162,,,,,,,,,,,,,,,Not Loaded,Not Loaded,,,,,,,,,,,,,,,2025-09-08 02:15:35,68bb1caef209a8b6c3314d4c,68bdeea36d2564f9a09da457,,,,,,,PAX1121,PAX1121,,,,,,,FL1162,FL1162,,,,,,,2025-08-31 12:08:00,2025-08-31 12:08:00,,,,,,,true,true,,,,,,,G16,G16,,,,,,
68bdeea3245a927ffb268fdb,68bb1bd6f209a8b6c3314b9f,FL1192,British Airways,2025-09-01 05:00:00,2025-09-01 05:10:00,G12,10,Dubai,Chicago,68bb1dadf209a8b6c3314f47,68bb1df4f209a8b6c3314fd5,68bdeea36d2564f9a09da458,68bdeec06d2564f9a09da602,,,,,,,,,,,,,BAG1128,BAG1270,BAG1128,BAG1270,,,,,,,,,,,,,PAX1497,PAX1288,PAX1497,PAX1288,,,,,,,,,,,,,FL1192,FL1192,FL1192,FL1192,,,,,,,,,,,,,Loaded,Missing,Loaded,Missing,,,,,,,,,,,,,2025-09-08 02:15:36,68bb1d02f209a8b6c3314df3,68bb1d6bf209a8b6c3314ec4,68bdeec56d2564f9a09da64e,68bdeeef6d2564f9a09da8b8,,,,,PAX1288,PAX1497,PAX1288,PAX1497,,,,,FL1192,FL1192,FL1192,FL1192,,,,,2025-09-01 02:23:00,2025-09-01 03:37:00,2025-09-01 02:23:00,2025-09-01 03:37:00,,,,,false,false,false,false,,,,,G12,G12,G12,G12,,,,
68bdeea3245a927ffb268fdc,68bb1bb3f209a8b6c3314b59,FL1122,Lufthansa,2025-08-30 18:00:00,2025-08-30 18:20:00,G9,20,Dubai,Tokyo,,,,,,,,,,,,,,,,,,,,,,,,,,,,,,,,,,,,,,,,,,,,,,,,,,,,,,,,,,,,,,,,,,,,,,,,,,,,,,,,,2025-09-08 02:14:19,,,,,,,,,,,,,,,,,,,,,,,,,,,,,,,,,,,,,,,,,,,,,,,,
68bdeea4245a927ffb268fdd,68bb1c03f209a8b6c3314bf8,FL1281,Lufthansa,2025-09-03 01:30:00,2025-09-03 02:05:00,G6,35,Dubai,Hong Kong,68bb1dfaf209a8b6c3314fe2,68bdeec26d2564f9a09da628,,,,,,,,,,,,,,,BAG1283,BAG1283,,,,,,,,,,,,,,,PAX1123,PAX1123,,,,,,,,,,,,,,,FL1281,FL1281,,,,,,,,,,,,,,,Not Loaded,Not Loaded,,,,,,,,,,,,,,,2025-09-08 02:14:54,68bb1caff209a8b6c3314d4e,68bb1d03f209a8b6c3314df5,68bdeea36d2564f9a09da45d,68bdeec56d2564f9a09da653,,,,,PAX1123,PAX1290,PAX1123,PAX1290,,,,,FL1281,FL1281,FL1281,FL1281,,,,,2025-09-02 22:46:00,2025-09-02 23:05:00,2025-09-02 22:46:00,2025-09-02 23:05:00,,,,,false,false,false,false,,,,,G6,G6,G6,G6,,,,
68bdeea4245a927ffb268fde,68bb1bd0f209a8b6c3314b92,FL1179,Turkish Airlines,2025-08-31 22:30:00,2025-08-31 22:30:00,G7,0,Dubai,Istanbul,68bb1daef209a8b6c3314f49,68bb1e36f209a8b6c3315059,68bdeea36d2564f9a09da45e,68bdeedc6d2564f9a09da797,,,,,,,,,,,,,BAG1130,BAG1402,BAG1130,BAG1402,,,,,,,,,,,,,PAX1380,PAX1380,PAX1380,PAX1380,,,,,,,,,,,,,FL1179,FL1179,FL1179,FL1179,,,,,,,,,,,,,Missing,Loaded,Missing,Loaded,,,,,,,,,,,,,2025-09-08 02:15:16,68bb1d30f209a8b6c3314e4f,68bdeed86d2564f9a09da75c,,,,,,,PAX1380,PAX1380,,,,,,,FL1179,FL1179,,,,,,,2025-08-31 20:14:00,2025-08-31 20:14:00,,,,,,,false,false,,,,,,,G7,G7,,,,,,
68bdeea4245a927ffb268fdf,68bb1bb4f209a8b6c3314b5b,FL1124,Qatar Airways,2025-08-30 19:00:00,2025-08-30 19:35:00,G16,35,Dubai,Amsterdam,,,,,,,,,,,,,,,,,,,,,,,,,,,,,,,,,,,,,,,,,,,,,,,,,,,,,,,,,,,,,,,,,,,,,,,,,,,,,,,,,2025-09-08 02:14:31,68bb1cccf209a8b6c3314d89,68bdeeaf6d2564f9a09da510,,,,,,,PAX1182,PAX1182,,,,,,,FL1124,FL1124,,,,,,,2025-08-30 16:05:00,2025-08-30 16:05:00,,,,,,,false,false,,,,,,,G16,G16,,,,,,
68bdeea4245a927ffb268fe0,68bb1c05f209a8b6c3314bfc,FL1285,Emirates,2025-09-03 03:30:00,2025-09-03 03:55:00,G17,25,Dubai,Hong Kong,68bb1daef209a8b6c3314f4a,68bdeea36d2564f9a09da461,,,,,,,,,,,,,,,BAG1131,BAG1131,,,,,,,,,,,,,,,PAX1281,PAX1281,,,,,,,,,,,,,,,FL1285,FL1285,,,,,,,,,,,,,,,Loaded,Loaded,,,,,,,,,,,,,,,2025-09-08 02:14:52,68bb1cfef209a8b6c3314dec,68bdeec46d2564f9a09da639,,,,,,,PAX1281,PAX1281,,,,,,,FL1285,FL1285,,,,,,,2025-09-03 02:06:00,2025-09-03 02:06:00,,,,,,,true,true,,,,,,,G17,G17,,,,,,
68bdeea4245a927ffb268fe1,68bb1bb5f209a8b6c3314b5c,FL1125,Qatar Airways,2025-08-30 19:30:00,2025-08-30 19:50:00,G6,20,Dubai,London,,,,,,,,,,,,,,,,,,,,,,,,,,,,,,,,,,,,,,,,,,,,,,,,,,,,,,,,,,,,,,,,,,,,,,,,,,,,,,,,,2025-09-08 02:14:20,,,,,,,,,,,,,,,,,,,,,,,,,,,,,,,,,,,,,,,,,,,,,,,,
68bdeea4245a927ffb268fe2,68bb1bb5f209a8b6c3314b5d,FL1126,Turkish Airlines,2025-08-30 20:00:00,2025-08-30 20:25:00,G17,25,Dubai,Delhi,68bb1dbaf209a8b6c3314f61,68bb1debf209a8b6c3314fc3,68bb1dfbf209a8b6c3314fe4,68bb1e17f209a8b6c331501c,68bdeea86d2564f9a09da4a6,68bdeebc6d2564f9a09da5ce,68bdeec36d2564f9a09da62e,68bdeecf6d2564f9a09da6db,,,,,,,,,BAG1154,BAG1252,BAG1285,BAG1341,BAG1154,BAG1252,BAG1285,BAG1341,,,,,,,,,PAX1422,PAX1192,PAX1422,PAX1422,PAX1422,PAX1192,PAX1422,PAX1422,,,,,,,,,FL1126,FL1126,FL1126,FL1126,FL1126,FL1126,FL1126,FL1126,,,,,,,,,Not Loaded,Loaded,Loaded,Not Loaded,Not Loaded,Loaded,Loaded,Not Loaded,,,,,,,,,2025-09-08 02:15:20,68bb1cd1f209a8b6c3314d93,68bb1d45f209a8b6c3314e79,68bdeeb16d2564f9a09da52c,68bdeee06d2564f9a09da7d7,,,,,PAX1192,PAX1422,PAX1192,PAX1422,,,,,FL1126,FL1126,FL1126,FL1126,,,,,2025-08-30 17:52:00,2025-08-30 19:05:00,2025-08-30 17:52:00,2025-08-30 19:05:00,,,,,false,false,false,false,,,,,G17,G17,G17,G17,,,,
68bdeea4245a927ffb268fe3,68bb1bddf209a8b6c3314bac,FL1205,Qatar Airways,2025-09-01 11:30:00,2025-09-01 11:30:00,G18,0,Dubai,Rome,68bb1e3bf209a8b6c3315062,68bdeedd6d2564f9a09da7b1,,,,,,,,,,,,,,,BAG1411,BAG1411,,,,,,,,,,,,,,,PAX1127,PAX1127,,,,,,,,,,,,,,,FL1205,FL1205,,,,,,,,,,,,,,,Loaded,Loaded,,,,,,,,,,,,,,,2025-09-08 02:15:18,68bb1cb1f209a8b6c3314d52,68bdeea46d2564f9a09da468,,,,,,,PAX1127,PAX1127,,,,,,,FL1205,FL1205,,,,,,,2025-09-01 10:57:00,2025-09-01 10:57:00,,,,,,,true,true,,,,,,,G18,G18,,,,,,
68bdeea4245a927ffb268fe4,68bb1bb7f209a8b6c3314b61,FL1130,Qatar Airways,2025-08-30 22:00:00,2025-08-30 22:15:00,G1,15,Dubai,Doha,68bb1db0f209a8b6c3314f4d,68bdeea46d2564f9a09da46a,,,,,,,,,,,,,,,BAG1134,BAG1134,,,,,,,,,,,,,,,PAX1385,PAX1385,,,,,,,,,,,,,,,FL1130,FL1130,,,,,,,,,,,,,,,Not Loaded,Not Loaded,,,,,,,,,,,,,,,2025-09-08 02:15:13,68bb1d32f209a8b6c3314e54,68bdeed96d2564f9a09da76a,,,,,,,PAX1385,PAX1385,,,,,,,FL1130,FL1130,,,,,,,2025-08-30 19:07:00,2025-08-30 19:07:00,,,,,,,true,true,,,,,,,G1,G1,,,,,,
68bdeea5245a927ffb268fe5,68bb1bd3f209a8b6c3314b99,FL1186,Singapore Airlines,2025-09-01 02:00:00,2025-09-01 02:15:00,G11,15,Dubai,Rome,68bb1db1f209a8b6c3314f4f,68bb1de6f209a8b6c3314fb9,68bb1de9f209a8b6c3314fbf,68bdeea46d2564f9a09da470,68bdeeba6d2564f9a09da5b0,68bdeebc6d2564f9a09da5c2,,,,,,,,,,,BAG1136,BAG1242,BAG1248,BAG1136,BAG1242,BAG1248,,,,,,,,,,,PAX1229,PAX1445,PAX1445,PAX1229,PAX1445,PAX1445,,,,,,,,,,,FL1186,FL1186,FL1186,FL1186,FL1186,FL1186,,,,,,,,,,,Not Loaded,Not Loaded,Loaded,Not Loaded,Not Loaded,Loaded,,,,,,,,,,,2025-09-08 02:15:25,68bb1ce4f209a8b6c3314db8,68bb1d51f209a8b6c3314e90,68bdeeb96d2564f9a09da59b,68bdeee56d2564f9a09da81c,,,,,PAX1229,PAX1445,PAX1229,PAX1445,,,,,FL1186,FL1186,FL1186,FL1186,,,,,2025-08-31 23:27:00,2025-09-01 01:25:00,2025-08-31 23:27:00,2025-09-01 01:25:00,,,,,true,true,true,true,,,,,G11,G11,G11,G11,,,,
68bdeea5245a927ffb268fe6,68bb1bc3f209a8b6c3314b79,FL1154,Qatar Airways,2025-08-31 10:00:00,2025-08-31 10:20:00,G7,20,Dubai,Hong Kong,,,,,,,,,,,,,,,,,,,,,,,,,,,,,,,,,,,,,,,,,,,,,,,,,,,,,,,,,,,,,,,,,,,,,,,,,,,,,,,,,2025-09-08 02:14:25,68bb1cb3f209a8b6c3314d56,68bdeea56d2564f9a09da475,,,,,,,PAX1131,PAX1131,,,,,,,FL1154,FL1154,,,,,,,2025-08-31 07:59:00,2025-08-31 07:59:00,,,,,,,false,false,,,,,,,G7,G7,,,,,,
68bdeea5245a927ffb268fe7,68bb1bb8f209a8b6c3314b62,FL1131,Singapore Airlines,2025-08-30 22:30:00,2025-08-30 22:45:00,G6,15,Dubai,Singapore,,,,,,,,,,,,,,,,,,,,,,,,,,,,,,,,,,,,,,,,,,,,,,,,,,,,,,,,,,,,,,,,,,,,,,,,,,,,,,,,,2025-09-08 02:14:21,,,,,,,,,,,,,,,,,,,,,,,,,,,,,,,,,,,,,,,,,,,,,,,,
68bdeea5245a927ffb268fe8,68bb1bb8f209a8b6c3314b63,FL1132,Qatar Airways,2025-08-30 23:00:00,2025-08-30 23:00:00,G19,0,Dubai,Los Angeles,68bb1db3f209a8b6c3314f53,68bdeea56d2564f9a09da47a,,,,,,,,,,,,,,,BAG1140,BAG1140,,,,,,,,,,,,,,,PAX1401,PAX1401,,,,,,,,,,,,,,,FL1132,FL1132,,,,,,,,,,,,,,,Not Loaded,Not Loaded,,,,,,,,,,,,,,,2025-09-08 02:15:16,68bb1d3bf209a8b6c3314e64,68bdeedc6d2564f9a09da799,,,,,,,PAX1401,PAX1401,,,,,,,FL1132,FL1132,,,,,,,2025-08-30 20:20:00,2025-08-30 20:20:00,,,,,,,true,true,,,,,,,G19,G19,,,,,,
68bdeea6245a927ffb268fe9,68bb1bb9f209a8b6c3314b64,FL1133,British Airways,2025-08-30 23:30:00,2025-08-30 23:40:00,G2,10,Dubai,Chicago,,,,,,,,,,,,,,,,,,,,,,,,,,,,,,,,,,,,,,,,,,,,,,,,,,,,,,,,,,,,,,,,,,,,,,,,,,,,,,,,,2025-09-08 02:14:21,,,,,,,,,,,,,,,,,,,,,,,,,,,,,,,,,,,,,,,,,,,,,,,,
68bdeea6245a927ffb268fea,68bb1c2bf209a8b6c3314c47,FL1360,Air India,2025-09-04 17:00:00,2025-09-04 17:00:00,G9,0,Dubai,London,68bb1db3f209a8b6c3314f54,68bdeea56d2564f9a09da47e,,,,,,,,,,,,,,,BAG1141,BAG1141,,,,,,,,,,,,,,,PAX1173,PAX1173,,,,,,,,,,,,,,,FL1360,FL1360,,,,,,,,,,,,,,,Not Loaded,Not Loaded,,,,,,,,,,,,,,,2025-09-08 02:15:21,68bb1cc8f209a8b6c3314d80,68bb1d48f209a8b6c3314e7e,68bdeeae6d2564f9a09da4f5,68bdeee16d2564f9a09da7e5,,,,,PAX1173,PAX1427,PAX1173,PAX1427,,,,,FL1360,FL1360,FL1360,FL1360,,,,,2025-09-04 14:44:00,2025-09-04 14:34:00,2025-09-04 14:44:00,2025-09-04 14:34:00,,,,,true,true,true,true,,,,,G9,G9,G9,G9,,,,
68bdeea6245a927ffb268feb,68bb1c50f209a8b6c3314c92,FL1435,Etihad,2025-09-06 06:30:00,2025-09-06 06:50:00,G16,20,Dubai,Amsterdam,,,,,,,,,,,,,,,,,,,,,,,,,,,,,,,,,,,,,,,,,,,,,,,,,,,,,,,,,,,,,,,,,,,,,,,,,,,,,,,,,2025-09-08 02:15:23,68bb1cb4f209a8b6c3314d59,68bb1ccbf209a8b6c3314d87,68bdeea56d2564f9a09da47f,68bdeeaf6d2564f9a09da50a,,,,,PAX1134,PAX1180,PAX1134,PAX1180,,,,,FL1435,FL1435,FL1435,FL1435,,,,,2025-09-06 04:07:00,2025-09-06 05:29:00,2025-09-06 04:07:00,2025-09-06 05:29:00,,,,,false,false,false,false,,,,,G16,G16,G16,G16,,,,
68bdeea6245a927ffb268fec,68bb1bbaf209a8b6c3314b66,FL1135,Lufthansa,2025-08-31 00:30:00,2025-08-31 00:40:00,G18,10,Dubai,Toronto,,,,,,,,,,,,,,,,,,,,,,,,,,,,,,,,,,,,,,,,,,,,,,,,,,,,,,,,,,,,,,,,,,,,,,,,,,,,,,,,,2025-09-08 02:14:22,,,,,,,,,,,,,,,,,,,,,,,,,,,,,,,,,,,,,,,,,,,,,,,,
68bdeea6245a927ffb268fed,68bb1c32f209a8b6c3314c55,FL1374,Qatar Airways,2025-09-05 00:00:00,2025-09-05 00:40:00,G10,40,Dubai,Bangkok,68bb1e1ff209a8b6c331502c,68bb1e20f209a8b6c331502d,68bdeed26d2564f9a09da70b,68bdeed26d2564f9a09da70e,,,,,,,,,,,,,BAG1357,BAG1358,BAG1357,BAG1358,,,,,,,,,,,,,PAX1283,PAX1405,PAX1283,PAX1405,,,,,,,,,,,,,FL1374,FL1374,FL1374,FL1374,,,,,,,,,,,,,Not Loaded,Missing,Not Loaded,Missing,,,,,,,,,,,,,2025-09-08 02:15:17,68bb1cb5f209a8b6c3314d5a,68bb1ce5f209a8b6c3314dba,68bb1cfff209a8b6c3314dee,68bb1d3df209a8b6c3314e68,68bdeea66d2564f9a09da482,68bdeeb96d2564f9a09da5a1,68bdeec46d2564f9a09da63f,68bdeedd6d2564f9a09da7a4,PAX1135,PAX1231,PAX1283,PAX1405,PAX1135,PAX1231,PAX1283,PAX1405,FL1374,FL1374,FL1374,FL1374,FL1374,FL1374,FL1374,FL1374,2025-09-04 23:22:00,2025-09-04 22:32:00,2025-09-04 22:01:00,2025-09-04 21:38:00,2025-09-04 23:22:00,2025-09-04 22:32:00,2025-09-04 22:01:00,2025-09-04 21:38:00,true,false,true,false,true,false,true,false,G10,G10,G10,G10,G10,G10,G10,G10
68bdeea6245a927ffb268fee,68bb1c16f209a8b6c3314c1e,FL1319,Lufthansa,2025-09-03 20:30:00,2025-09-03 20:50:00,G5,20,Dubai,Los Angeles,68bb1e1cf209a8b6c3315025,68bb1e41f209a8b6c331506f,68bdeed16d2564f9a09da6f6,68bdeee06d2564f9a09da7d9,,,,,,,,,,,,,BAG1350,BAG1424,BAG1350,BAG1424,,,,,,,,,,,,,PAX1459,PAX1459,PAX1459,PAX1459,,,,,,,,,,,,,FL1319,FL1319,FL1319,FL1319,,,,,,,,,,,,,Not Loaded,Not Loaded,Not Loaded,Not Loaded,,,,,,,,,,,,,2025-09-08 02:15:28,68bb1cb5f209a8b6c3314d5b,68bb1d58f209a8b6c3314e9e,68bdeea66d2564f9a09da485,68bdeee86d2564f9a09da844,,,,,PAX1136,PAX1459,PAX1136,PAX1459,,,,,FL1319,FL1319,FL1319,FL1319,,,,,2025-09-03 17:56:00,2025-09-03 19:16:00,2025-09-03 17:56:00,2025-09-03 19:16:00,,,,,true,true,true,true,,,,,G5,G5,G5,G5,,,,
68bdeea7245a927ffb268fef,68bb1bbbf209a8b6c3314b69,FL1138,Singapore Airlines,2025-08-31 02:00:00,2025-08-31 02:15:00,G1,15,Dubai,Hong Kong,,,,,,,,,,,,,,,,,,,,,,,,,,,,,,,,,,,,,,,,,,,,,,,,,,,,,,,,,,,,,,,,,,,,,,,,,,,,,,,,,2025-09-08 02:14:47,68bb1cf2f209a8b6c3314dd4,68bdeebe6d2564f9a09da5ed,,,,,,,PAX1257,PAX1257,,,,,,,FL1138,FL1138,,,,,,,2025-08-30 23:36:00,2025-08-30 23:36:00,,,,,,,true,true,,,,,,,G1,G1,,,,,,
68bdeea7245a927ffb268ff0,68bb1bbcf209a8b6c3314b6a,FL1139,Singapore Airlines,2025-08-31 02:30:00,2025-08-31 02:45:00,G6,15,Dubai,Zurich,68bb1debf209a8b6c3314fc4,68bb1e26f209a8b6c331503a,68bb1e50f209a8b6c331508c,68bdeebd6d2564f9a09da5d1,68bdeed56d2564f9a09da736,68bdeee66d2564f9a09da833,,,,,,,,,,,BAG1253,BAG1371,BAG1453,BAG1253,BAG1371,BAG1453,,,,,,,,,,,PAX1293,PAX1293,PAX1264,PAX1293,PAX1293,PAX1264,,,,,,,,,,,FL1139,FL1139,FL1139,FL1139,FL1139,FL1139,,,,,,,,,,,Not Loaded,Missing,Loaded,Not Loaded,Missing,Loaded,,,,,,,,,,,2025-09-08 02:15:27,68bb1cf6f209a8b6c3314ddb,68bb1d04f209a8b6c3314df8,68bdeec06d2564f9a09da603,68bdeec66d2564f9a09da65b,,,,,PAX1264,PAX1293,PAX1264,PAX1293,,,,,FL1139,FL1139,FL1139,FL1139,,,,,2025-08-31 00:33:00,2025-08-31 00:21:00,2025-08-31 00:33:00,2025-08-31 00:21:00,,,,,false,true,false,true,,,,,G6,G6,G6,G6,,,,
68bdeea7245a927ffb268ff1,68bb1bbcf209a8b6c3314b6b,FL1140,Singapore Airlines,2025-08-31 03:00:00,2025-08-31 03:15:00,G5,15,Dubai,Istanbul,,,,,,,,,,,,,,,,,,,,,,,,,,,,,,,,,,,,,,,,,,,,,,,,,,,,,,,,,,,,,,,,,,,,,,,,,,,,,,,,,2025-09-08 02:15:06,68bb1d22f209a8b6c3314e34,68bdeed26d2564f9a09da70c,,,,,,,PAX1353,PAX1353,,,,,,,FL1140,FL1140,,,,,,,2025-08-31 01:48:00,2025-08-31 01:48:00,,,,,,,false,false,,,,,,,G5,G5,,,,,,
68bdeea7245a927ffb268ff2,68bb1c27f209a8b6c3314c3f,FL1352,Emirates,2025-09-04 13:00:00,2025-09-04 13:35:00,G5,35,Dubai,Bangkok,68bb1db6f209a8b6c3314f5a,68bb1e35f209a8b6c3315057,68bdeea76d2564f9a09da490,68bdeedb6d2564f9a09da791,,,,,,,,,,,,,BAG1147,BAG1400,BAG1147,BAG1400,,,,,,,,,,,,,PAX1296,PAX1296,PAX1296,PAX1296,,,,,,,,,,,,,FL1352,FL1352,FL1352,FL1352,,,,,,,,,,,,,Missing,Not Loaded,Missing,Not Loaded,,,,,,,,,,,,,2025-09-08 02:15:15,68bb1d06f209a8b6c3314dfb,68bdeec76d2564f9a09da664,,,,,,,PAX1296,PAX1296,,,,,,,FL1352,FL1352,,,,,,,2025-09-04 12:10:00,2025-09-04 12:10:00,,,,,,,false,false,,,,,,,G5,G5,,,,,,
68bdeea7245a927ffb268ff3,68bb1bbdf209a8b6c3314b6d,FL1142,Air India,2025-08-31 04:00:00,2025-08-31 04:30:00,G7,30,Dubai,Amsterdam,,,,,,,,,,,,,,,,,,,,,,,,,,,,,,,,,,,,,,,,,,,,,,,,,,,,,,,,,,,,,,,,,,,,,,,,,,,,,,,,,2025-09-08 02:14:53,68bb1d02f209a8b6c3314df4,68bdeec56d2564f9a09da650,,,,,,,PAX1289,PAX1289,,,,,,,FL1142,FL1142,,,,,,,2025-08-31 03:27:00,2025-08-31 03:27:00,,,,,,,true,true,,,,,,,G7,G7,,,,,,
68bdeea8245a927ffb268ff4,68bb1bbef209a8b6c3314b6f,FL1144,British Airways,2025-08-31 05:00:00,2025-08-31 05:00:00,G7,0,Dubai,Bangkok,,,,,,,,,,,,,,,,,,,,,,,,,,,,,,,,,,,,,,,,,,,,,,,,,,,,,,,,,,,,,,,,,,,,,,,,,,,,,,,,,2025-09-08 02:14:23,,,,,,,,,,,,,,,,,,,,,,,,,,,,,,,,,,,,,,,,,,,,,,,,
68bdeea8245a927ffb268ff5,68bb1bbff209a8b6c3314b71,FL1146,Lufthansa,2025-08-31 06:00:00,2025-08-31 06:20:00,G6,20,Dubai,London,,,,,,,,,,,,,,,,,,,,,,,,,,,,,,,,,,,,,,,,,,,,,,,,,,,,,,,,,,,,,,,,,,,,,,,,,,,,,,,,,2025-09-08 02:14:24,,,,,,,,,,,,,,,,,,,,,,,,,,,,,,,,,,,,,,,,,,,,,,,,
68bdeea8245a927ffb268ff6,68bb1c08f209a8b6c3314c02,FL1291,Qatar Airways,2025-09-03 06:30:00,2025-09-03 06:40:00,G17,10,Dubai,Bangkok,68bb1ddff209a8b6c3314fab,68bb1de1f209a8b6c3314faf,68bb1df9f209a8b6c3314fdf,68bdeeb76d2564f9a09da584,68bdeeb86d2564f9a09da591,68bdeec26d2564f9a09da61e,,,,,,,,,,,BAG1228,BAG1232,BAG1280,BAG1228,BAG1232,BAG1280,,,,,,,,,,,PAX1260,PAX1260,PAX1146,PAX1260,PAX1260,PAX1146,,,,,,,,,,,FL1291,FL1291,FL1291,FL1291,FL1291,FL1291,,,,,,,,,,,Loaded,Loaded,Missing,Loaded,Loaded,Missing,,,,,,,,,,,2025-09-08 02:14:54,68bb1cbaf209a8b6c3314d65,68bb1cf4f209a8b6c3314dd7,68bdeea86d2564f9a09da4a2,68bdeebf6d2564f9a09da5f6,,,,,PAX1146,PAX1260,PAX1146,PAX1260,,,,,FL1291,FL1291,FL1291,FL1291,,,,,2025-09-03 05:00:00,2025-09-03 03:55:00,2025-09-03 05:00:00,2025-09-03 03:55:00,,,,,false,false,false,false,,,,,G17,G17,G17,G17,,,,
68bdeea8245a927ffb268ff7,68bb1c55f209a8b6c3314c9b,FL1444,Lufthansa,2025-09-06 11:00:00,2025-09-06 11:00:00,G1,0,Dubai,Toronto,68bb1db9f209a8b6c3314f60,68bb1df7f209a8b6c3314fdb,68bb1dfef209a8b6c3314fea,68bdeea86d2564f9a09da4a3,68bdeec16d2564f9a09da612,68bdeec46d2564f9a09da641,,,,,,,,,,,BAG1153,BAG1276,BAG1291,BAG1153,BAG1276,BAG1291,,,,,,,,,,,PAX1309,PAX1309,PAX1309,PAX1309,PAX1309,PAX1309,,,,,,,,,,,FL1444,FL1444,FL1444,FL1444,FL1444,FL1444,,,,,,,,,,,Not Loaded,Missing,Not Loaded,Not Loaded,Missing,Not Loaded,,,,,,,,,,,2025-09-08 02:15:25,68bb1d0cf209a8b6c3314e08,68bdeec96d2564f9a09da68a,,,,,,,PAX1309,PAX1309,,,,,,,FL1444,FL1444,,,,,,,2025-09-06 08:38:00,2025-09-06 08:38:00,,,,,,,true,true,,,,,,,G1,G1,,,,,,
68bdeea8245a927ffb268ff8,68bb1bc0f209a8b6c3314b72,FL1147,Air India,2025-08-31 06:30:00,2025-08-31 07:00:00,G4,30,Dubai,Toronto,,,,,,,,,,,,,,,,,,,,,,,,,,,,,,,,,,,,,,,,,,,,,,,,,,,,,,,,,,,,,,,,,,,,,,,,,,,,,,,,,2025-09-08 02:14:24,,,,,,,,,,,,,,,,,,,,,,,,,,,,,,,,,,,,,,,,,,,,,,,,
68bdeea9245a927ffb268ff9,68bb1c3cf209a8b6c3314c69,FL1394,Turkish Airlines,2025-09-05 10:00:00,2025-09-05 11:00:00,G5,60,Dubai,Toronto,,,,,,,,,,,,,,,,,,,,,,,,,,,,,,,,,,,,,,,,,,,,,,,,,,,,,,,,,,,,,,,,,,,,,,,,,,,,,,,,,2025-09-08 02:15:15,68bb1cbbf209a8b6c3314d66,68bdeea86d2564f9a09da4a5,,,,,,,PAX1147,PAX1147,,,,,,,FL1394,FL1394,,,,,,,2025-09-05 07:01:00,2025-09-05 07:01:00,,,,,,,false,false,,,,,,,G5,G5,,,,,,
68bdeea9245a927ffb268ffa,68bb1bc0f209a8b6c3314b73,FL1148,British Airways,2025-08-31 07:00:00,2025-08-31 07:15:00,G15,15,Dubai,Hong Kong,,,,,,,,,,,,,,,,,,,,,,,,,,,,,,,,,,,,,,,,,,,,,,,,,,,,,,,,,,,,,,,,,,,,,,,,,,,,,,,,,2025-09-08 02:15:24,68bb1d4ef209a8b6c3314e8b,68bdeee46d2564f9a09da80c,,,,,,,PAX1440,PAX1440,,,,,,,FL1148,FL1148,,,,,,,2025-08-31 05:57:00,2025-08-31 05:57:00,,,,,,,false,false,,,,,,,G15,G15,,,,,,
68bdeea9245a927ffb268ffb,68bb1c1cf209a8b6c3314c29,FL1330,Lufthansa,2025-09-04 02:00:00,2025-09-04 02:10:00,G2,10,Dubai,Bangkok,68bb1dd6f209a8b6c3314f99,68bb1e21f209a8b6c3315030,68bdeeb36d2564f9a09da54d,68bdeed36d2564f9a09da718,,,,,,,,,,,,,BAG1210,BAG1361,BAG1210,BAG1361,,,,,,,,,,,,,PAX1278,PAX1278,PAX1278,PAX1278,,,,,,,,,,,,,FL1330,FL1330,FL1330,FL1330,,,,,,,,,,,,,Missing,Not Loaded,Missing,Not Loaded,,,,,,,,,,,,,2025-09-08 02:15:07,68bb1cbbf209a8b6c3314d67,68bb1cfdf209a8b6c3314de9,68bdeea86d2564f9a09da4a8,68bdeec36d2564f9a09da62f,,,,,PAX1148,PAX1278,PAX1148,PAX1278,,,,,FL1330,FL1330,FL1330,FL1330,,,,,2025-09-03 23:29:00,2025-09-03 23:37:00,2025-09-03 23:29:00,2025-09-03 23:37:00,,,,,false,true,false,true,,,,,G2,G2,G2,G2,,,,
68bdeea9245a927ffb268ffc,68bb1becf209a8b6c3314bcb,FL1236,Etihad,2025-09-02 03:00:00,2025-09-02 03:00:00,G18,0,Dubai,Paris,68bb1dbaf209a8b6c3314f62,68bb1e03f209a8b6c3314ff4,68bdeea86d2564f9a09da4a9,68bdeec66d2564f9a09da660,,,,,,,,,,,,,BAG1155,BAG1301,BAG1155,BAG1301,,,,,,,,,,,,,PAX1396,PAX1409,PAX1396,PAX1409,,,,,,,,,,,,,FL1236,FL1236,FL1236,FL1236,,,,,,,,,,,,,Missing,Missing,Missing,Missing,,,,,,,,,,,,,2025-09-08 02:15:17,68bb1d38f209a8b6c3314e5f,68bb1d3ff209a8b6c3314e6c,68bdeedb6d2564f9a09da78a,68bdeedd6d2564f9a09da7b0,,,,,PAX1396,PAX1409,PAX1396,PAX1409,,,,,FL1236,FL1236,FL1236,FL1236,,,,,2025-09-02 02:25:00,2025-09-02 02:24:00,2025-09-02 02:25:00,2025-09-02 02:24:00,,,,,false,true,false,true,,,,,G18,G18,G18,G18,,,,
68bdeea9245a927ffb268ffd,68bb1bcaf209a8b6c3314b86,FL1167,Etihad,2025-08-31 16:30:00,2025-08-31 17:00:00,G11,30,Dubai,Cape Town,,,,,,,,,,,,,,,,,,,,,,,,,,,,,,,,,,,,,,,,,,,,,,,,,,,,,,,,,,,,,,,,,,,,,,,,,,,,,,,,,2025-09-08 02:14:28,68bb1cbcf209a8b6c3314d68,68bdeea86d2564f9a09da4ab,,,,,,,PAX1149,PAX1149,,,,,,,FL1167,FL1167,,,,,,,2025-08-31 14:55:00,2025-08-31 14:55:00,,,,,,,false,false,,,,,,,G11,G11,,,,,,
68bdeea9245a927ffb268ffe,68bb1bc1f209a8b6c3314b75,FL1150,Singapore Airlines,2025-08-31 08:00:00,2025-08-31 08:25:00,G13,25,Dubai,Delhi,68bb1e07f209a8b6c3314ffc,68bb1e23f209a8b6c3315033,68bb1e62f209a8b6c33150b1,68bdeec86d2564f9a09da679,68bdeed46d2564f9a09da721,68bdeeee6d2564f9a09da8a2,,,,,,,,,,,BAG1309,BAG1364,BAG1490,BAG1309,BAG1364,BAG1490,,,,,,,,,,,PAX1451,PAX1451,PAX1451,PAX1451,PAX1451,PAX1451,,,,,,,,,,,FL1150,FL1150,FL1150,FL1150,FL1150,FL1150,,,,,,,,,,,Missing,Not Loaded,Missing,Missing,Not Loaded,Missing,,,,,,,,,,,2025-09-08 02:15:34,68bb1d54f209a8b6c3314e96,68bdeee66d2564f9a09da82e,,,,,,,PAX1451,PAX1451,,,,,,,FL1150,FL1150,,,,,,,2025-08-31 06:31:00,2025-08-31 06:31:00,,,,,,,false,false,,,,,,,G13,G13,,,,,,
68bdeea9245a927ffb268fff,68bb1c0bf209a8b6c3314c09,FL1298,Air India,2025-09-03 10:00:00,2025-09-03 10:15:00,G1,15,Dubai,Hong Kong,68bb1dbbf209a8b6c3314f64,68bb1df8f209a8b6c3314fde,68bb1dfdf209a8b6c3314fe7,68bb1e5ef209a8b6c33150a8,68bdeea96d2564f9a09da4ae,68bdeec26d2564f9a09da61b,68bdeec46d2564f9a09da637,68bdeeec6d2564f9a09da887,,,,,,,,,BAG1157,BAG1279,BAG1288,BAG1481,BAG1157,BAG1279,BAG1288,BAG1481,,,,,,,,,PAX1297,PAX1297,PAX1297,PAX1297,PAX1297,PAX1297,PAX1297,PAX1297,,,,,,,,,FL1298,FL1298,FL1298,FL1298,FL1298,FL1298,FL1298,FL1298,,,,,,,,,Not Loaded,Not Loaded,Missing,Missing,Not Loaded,Not Loaded,Missing,Missing,,,,,,,,,2025-09-08 02:15:32,68bb1d06f209a8b6c3314dfc,68bdeec76d2564f9a09da667,,,,,,,PAX1297,PAX1297,,,,,,,FL1298,FL1298,,,,,,,2025-09-03 09:28:00,2025-09-03 09:28:00,,,,,,,false,false,,,,,,,G1,G1,,,,,,
68bdeea9245a927ffb269000,68bb1c66f209a8b6c3314cbd,FL1478,Emirates,2025-09-07 04:00:00,2025-09-07 04:30:00,G4,30,Dubai,Toronto,,,,,,,,,,,,,,,,,,,,,,,,,,,,,,,,,,,,,,,,,,,,,,,,,,,,,,,,,,,,,,,,,,,,,,,,,,,,,,,,,2025-09-08 02:15:32,68bb1cbcf209a8b6c3314d69,68bdeea96d2564f9a09da4af,,,,,,,PAX1150,PAX1150,,,,,,,FL1478,FL1478,,,,,,,2025-09-07 02:57:00,2025-09-07 02:57:00,,,,,,,true,true,,,,,,,G4,G4,,,,,,
68bdeeaa245a927ffb269001,68bb1bc3f209a8b6c3314b78,FL1153,Emirates,2025-08-31 09:30:00,2025-08-31 09:50:00,G8,20,Dubai,New York,,,,,,,,,,,,,,,,,,,,,,,,,,,,,,,,,,,,,,,,,,,,,,,,,,,,,,,,,,,,,,,,,,,,,,,,,,,,,,,,,2025-09-08 02:14:25,,,,,,,,,,,,,,,,,,,,,,,,,,,,,,,,,,,,,,,,,,,,,,,,
68bdeeaa245a927ffb269002,68bb1c0ff209a8b6c3314c11,FL1306,Singapore Airlines,2025-09-03 14:00:00,2025-09-03 14:30:00,G6,30,Dubai,Frankfurt,,,,,,,,,,,,,,,,,,,,,,,,,,,,,,,,,,,,,,,,,,,,,,,,,,,,,,,,,,,,,,,,,,,,,,,,,,,,,,,,,2025-09-08 02:14:57,68bb1cbdf209a8b6c3314d6b,68bdeea96d2564f9a09da4b6,,,,,,,PAX1152,PAX1152,,,,,,,FL1306,FL1306,,,,,,,2025-09-03 13:14:00,2025-09-03 13:14:00,,,,,,,false,false,,,,,,,G6,G6,,,,,,
68bdeeaa245a927ffb269003,68bb1beff209a8b6c3314bd1,FL1242,Turkish Airlines,2025-09-02 06:00:00,2025-09-02 06:30:00,G9,30,Dubai,Tokyo,68bb1dbdf209a8b6c3314f67,68bb1e43f209a8b6c3315073,68bb1e5af209a8b6c33150a1,68bdeea96d2564f9a09da4b7,68bdeee16d2564f9a09da7e6,68bdeeeb6d2564f9a09da872,,,,,,,,,,,BAG1160,BAG1428,BAG1474,BAG1160,BAG1428,BAG1474,,,,,,,,,,,PAX1404,PAX1448,PAX1404,PAX1404,PAX1448,PAX1404,,,,,,,,,,,FL1242,FL1242,FL1242,FL1242,FL1242,FL1242,,,,,,,,,,,Loaded,Not Loaded,Missing,Loaded,Not Loaded,Missing,,,,,,,,,,,2025-09-08 02:15:31,68bb1d3cf209a8b6c3314e67,68bb1d52f209a8b6c3314e93,68bdeedc6d2564f9a09da7a3,68bdeee56d2564f9a09da825,,,,,PAX1404,PAX1448,PAX1404,PAX1448,,,,,FL1242,FL1242,FL1242,FL1242,,,,,2025-09-02 04:56:00,2025-09-02 03:11:00,2025-09-02 04:56:00,2025-09-02 03:11:00,,,,,true,true,true,true,,,,,G9,G9,G9,G9,,,,
68bdeeaa245a927ffb269004,68bb1c5cf209a8b6c3314ca9,FL1458,Air India,2025-09-06 18:00:00,2025-09-06 18:20:00,G10,20,Dubai,Zurich,68bb1e31f209a8b6c331504f,68bdeed96d2564f9a09da778,,,,,,,,,,,,,,,BAG1392,BAG1392,,,,,,,,,,,,,,,PAX1153,PAX1153,,,,,,,,,,,,,,,FL1458,FL1458,,,,,,,,,,,,,,,Loaded,Loaded,,,,,,,,,,,,,,,2025-09-08 02:15:28,68bb1cbef209a8b6c3314d6c,68bdeea96d2564f9a09da4b9,,,,,,,PAX1153,PAX1153,,,,,,,FL1458,FL1458,,,,,,,2025-09-06 15:49:00,2025-09-06 15:49:00,,,,,,,true,true,,,,,,,G10,G10,,,,,,
68bdeeaa245a927ffb269005,68bb1bc4f209a8b6c3314b7b,FL1156,Turkish Airlines,2025-08-31 11:00:00,2025-08-31 12:00:00,G12,60,Dubai,Paris,,,,,,,,,,,,,,,,,,,,,,,,,,,,,,,,,,,,,,,,,,,,,,,,,,,,,,,,,,,,,,,,,,,,,,,,,,,,,,,,,2025-09-08 02:14:26,,,,,,,,,,,,,,,,,,,,,,,,,,,,,,,,,,,,,,,,,,,,,,,,
68bdeeaa245a927ffb269006,68bb1bc5f209a8b6c3314b7c,FL1157,Emirates,2025-08-31 11:30:00,2025-08-31 12:30:00,G6,60,Dubai,Istanbul,,,,,,,,,,,,,,,,,,,,,,,,,,,,,,,,,,,,,,,,,,,,,,,,,,,,,,,,,,,,,,,,,,,,,,,,,,,,,,,,,2025-09-08 02:14:26,,,,,,,,,,,,,,,,,,,,,,,,,,,,,,,,,,,,,,,,,,,,,,,,
68bdeeab245a927ffb269007,68bb1bc5f209a8b6c3314b7d,FL1158,Emirates,2025-08-31 12:00:00,2025-08-31 12:20:00,G6,20,Dubai,Sydney,,,,,,,,,,,,,,,,,,,,,,,,,,,,,,,,,,,,,,,,,,,,,,,,,,,,,,,,,,,,,,,,,,,,,,,,,,,,,,,,,2025-09-08 02:14:57,68bb1d0bf209a8b6c3314e05,68bdeec96d2564f9a09da681,,,,,,,PAX1306,PAX1306,,,,,,,FL1158,FL1158,,,,,,,2025-08-31 09:58:00,2025-08-31 09:58:00,,,,,,,true,true,,,,,,,G6,G6,,,,,,
68bdeeab245a927ffb269008,68bb1c2cf209a8b6c3314c4a,FL1363,Emirates,2025-09-04 18:30:00,2025-09-04 18:55:00,G5,25,Dubai,Cape Town,,,,,,,,,,,,,,,,,,,,,,,,,,,,,,,,,,,,,,,,,,,,,,,,,,,,,,,,,,,,,,,,,,,,,,,,,,,,,,,,,2025-09-08 02:15:08,68bb1cc0f209a8b6c3314d70,68bdeeaa6d2564f9a09da4c5,,,,,,,PAX1157,PAX1157,,,,,,,FL1363,FL1363,,,,,,,2025-09-04 17:30:00,2025-09-04 17:30:00,,,,,,,true,true,,,,,,,G5,G5,,,,,,
68bdeeab245a927ffb269009,68bb1bc6f209a8b6c3314b7e,FL1159,British Airways,2025-08-31 12:30:00,2025-08-31 13:00:00,G16,30,Dubai,Hong Kong,,,,,,,,,,,,,,,,,,,,,,,,,,,,,,,,,,,,,,,,,,,,,,,,,,,,,,,,,,,,,,,,,,,,,,,,,,,,,,,,,2025-09-08 02:14:40,68bb1ce1f209a8b6c3314db2,68bdeeb86d2564f9a09da58b,,,,,,,PAX1223,PAX1223,,,,,,,FL1159,FL1159,,,,,,,2025-08-31 11:03:00,2025-08-31 11:03:00,,,,,,,false,false,,,,,,,G16,G16,,,,,,
68bdeeab245a927ffb26900a,68bb1c5bf209a8b6c3314ca8,FL1457,Turkish Airlines,2025-09-06 17:30:00,2025-09-06 17:50:00,G16,20,Dubai,Chicago,68bb1e32f209a8b6c3315051,68bdeeda6d2564f9a09da77d,,,,,,,,,,,,,,,BAG1394,BAG1394,,,,,,,,,,,,,,,PAX1158,PAX1158,,,,,,,,,,,,,,,FL1457,FL1457,,,,,,,,,,,,,,,Loaded,Loaded,,,,,,,,,,,,,,,2025-09-08 02:15:27,68bb1cc0f209a8b6c3314d71,68bdeeaa6d2564f9a09da4c8,,,,,,,PAX1158,PAX1158,,,,,,,FL1457,FL1457,,,,,,,2025-09-06 15:24:00,2025-09-06 15:24:00,,,,,,,true,true,,,,,,,G16,G16,,,,,,
68bdeeab245a927ffb26900b,68bb1c3af209a8b6c3314c66,FL1391,Emirates,2025-09-05 08:30:00,2025-09-05 09:05:00,G15,35,Dubai,Istanbul,68bb1dfff209a8b6c3314feb,68bdeec46d2564f9a09da644,,,,,,,,,,,,,,,BAG1292,BAG1292,,,,,,,,,,,,,,,PAX1159,PAX1159,,,,,,,,,,,,,,,FL1391,FL1391,,,,,,,,,,,,,,,Missing,Missing,,,,,,,,,,,,,,,2025-09-08 02:15:14,68bb1cc1f209a8b6c3314d72,68bdeeab6d2564f9a09da4cb,,,,,,,PAX1159,PAX1159,,,,,,,FL1391,FL1391,,,,,,,2025-09-05 05:59:00,2025-09-05 05:59:00,,,,,,,false,false,,,,,,,G15,G15,,,,,,
68bdeeac245a927ffb26900c,68bb1bc8f209a8b6c3314b82,FL1163,Air India,2025-08-31 14:30:00,2025-08-31 14:40:00,G17,10,Dubai,Los Angeles,,,,,,,,,,,,,,,,,,,,,,,,,,,,,,,,,,,,,,,,,,,,,,,,,,,,,,,,,,,,,,,,,,,,,,,,,,,,,,,,,2025-09-08 02:14:27,,,,,,,,,,,,,,,,,,,,,,,,,,,,,,,,,,,,,,,,,,,,,,,,
68bdeeac245a927ffb26900d,68bb1c3ef209a8b6c3314c6d,FL1398,Singapore Airlines,2025-09-05 12:00:00,2025-09-05 12:30:00,G17,30,Dubai,Frankfurt,,,,,,,,,,,,,,,,,,,,,,,,,,,,,,,,,,,,,,,,,,,,,,,,,,,,,,,,,,,,,,,,,,,,,,,,,,,,,,,,,2025-09-08 02:15:16,68bb1cc2f209a8b6c3314d75,68bdeeab6d2564f9a09da4d4,,,,,,,PAX1162,PAX1162,,,,,,,FL1398,FL1398,,,,,,,2025-09-05 10:10:00,2025-09-05 10:10:00,,,,,,,true,true,,,,,,,G17,G17,,,,,,
68bdeeac245a927ffb26900e,68bb1be9f209a8b6c3314bc4,FL1229,Qatar Airways,2025-09-01 23:30:00,2025-09-02 00:10:00,G9,40,Dubai,New York,68bb1dc2f209a8b6c3314f71,68bb1e25f209a8b6c3315037,68bdeeab6d2564f9a09da4d5,68bdeed46d2564f9a09da72d,,,,,,,,,,,,,BAG1170,BAG1368,BAG1170,BAG1368,,,,,,,,,,,,,PAX1319,PAX1319,PAX1319,PAX1319,,,,,,,,,,,,,FL1229,FL1229,FL1229,FL1229,,,,,,,,,,,,,Loaded,Loaded,Loaded,Loaded,,,,,,,,,,,,,2025-09-08 02:15:09,68bb1d11f209a8b6c3314e12,68bdeecb6d2564f9a09da6a7,,,,,,,PAX1319,PAX1319,,,,,,,FL1229,FL1229,,,,,,,2025-09-01 22:30:00,2025-09-01 22:30:00,,,,,,,true,true,,,,,,,G9,G9,,,,,,
68bdeeac245a927ffb26900f,68bb1bcaf209a8b6c3314b87,FL1168,British Airways,2025-08-31 17:00:00,2025-08-31 17:40:00,G7,40,Dubai,Sydney,68bb1dc3f209a8b6c3314f73,68bdeeac6d2564f9a09da4db,,,,,,,,,,,,,,,BAG1172,BAG1172,,,,,,,,,,,,,,,PAX1216,PAX1216,,,,,,,,,,,,,,,FL1168,FL1168,,,,,,,,,,,,,,,Loaded,Loaded,,,,,,,,,,,,,,,2025-09-08 02:15:00,68bb1cdef209a8b6c3314dab,68bb1d12f209a8b6c3314e13,68bdeeb66d2564f9a09da576,68bdeecc6d2564f9a09da6aa,,,,,PAX1216,PAX1320,PAX1216,PAX1320,,,,,FL1168,FL1168,FL1168,FL1168,,,,,2025-08-31 15:25:00,2025-08-31 15:29:00,2025-08-31 15:25:00,2025-08-31 15:29:00,,,,,true,false,true,false,,,,,G7,G7,G7,G7,,,,
68bdeead245a927ffb269010,68bb1bcbf209a8b6c3314b89,FL1170,British Airways,2025-08-31 18:00:00,2025-08-31 18:30:00,G14,30,Dubai,Mumbai,,,,,,,,,,,,,,,,,,,,,,,,,,,,,,,,,,,,,,,,,,,,,,,,,,,,,,,,,,,,,,,,,,,,,,,,,,,,,,,,,2025-09-08 02:14:29,,,,,,,,,,,,,,,,,,,,,,,,,,,,,,,,,,,,,,,,,,,,,,,,
68bdeead245a927ffb269011,68bb1bccf209a8b6c3314b8a,FL1171,Emirates,2025-08-31 18:30:00,2025-08-31 19:05:00,G17,35,Dubai,Tokyo,68bb1e42f209a8b6c3315070,68bdeee06d2564f9a09da7dc,,,,,,,,,,,,,,,BAG1425,BAG1425,,,,,,,,,,,,,,,PAX1179,PAX1179,,,,,,,,,,,,,,,FL1171,FL1171,,,,,,,,,,,,,,,Not Loaded,Not Loaded,,,,,,,,,,,,,,,2025-09-08 02:15:21,68bb1ccbf209a8b6c3314d86,68bdeeaf6d2564f9a09da507,,,,,,,PAX1179,PAX1179,,,,,,,FL1171,FL1171,,,,,,,2025-08-31 17:43:00,2025-08-31 17:43:00,,,,,,,false,false,,,,,,,G17,G17,,,,,,
68bdeeae245a927ffb269012,68bb1bccf209a8b6c3314b8b,FL1172,Qatar Airways,2025-08-31 19:00:00,2025-08-31 19:40:00,G7,40,Dubai,Toronto,,,,,,,,,,,,,,,,,,,,,,,,,,,,,,,,,,,,,,,,,,,,,,,,,,,,,,,,,,,,,,,,,,,,,,,,,,,,,,,,,2025-09-08 02:14:29,,,,,,,,,,,,,,,,,,,,,,,,,,,,,,,,,,,,,,,,,,,,,,,,
68bdeeae245a927ffb269013,68bb1bcdf209a8b6c3314b8c,FL1173,Turkish Airlines,2025-08-31 19:30:00,2025-08-31 20:05:00,G18,35,Dubai,Singapore,,,,,,,,,,,,,,,,,,,,,,,,,,,,,,,,,,,,,,,,,,,,,,,,,,,,,,,,,,,,,,,,,,,,,,,,,,,,,,,,,2025-09-08 02:14:29,,,,,,,,,,,,,,,,,,,,,,,,,,,,,,,,,,,,,,,,,,,,,,,,
68bdeeae245a927ffb269014,68bb1bcef209a8b6c3314b8e,FL1175,Air India,2025-08-31 20:30:00,2025-08-31 21:30:00,G12,60,Dubai,Tokyo,68bb1e59f209a8b6c331509e,68bdeeea6d2564f9a09da868,,,,,,,,,,,,,,,BAG1471,BAG1471,,,,,,,,,,,,,,,PAX1277,PAX1277,,,,,,,,,,,,,,,FL1175,FL1175,,,,,,,,,,,,,,,Missing,Missing,,,,,,,,,,,,,,,2025-09-08 02:15:35,68bb1cfcf209a8b6c3314de8,68bb1d6af209a8b6c3314ec2,68bdeec36d2564f9a09da62c,68bdeeef6d2564f9a09da8b2,,,,,PAX1277,PAX1495,PAX1277,PAX1495,,,,,FL1175,FL1175,FL1175,FL1175,,,,,2025-08-31 19:51:00,2025-08-31 18:49:00,2025-08-31 19:51:00,2025-08-31 18:49:00,,,,,true,false,true,false,,,,,G12,G12,G12,G12,,,,
68bdeeae245a927ffb269015,68bb1bcef209a8b6c3314b8f,FL1176,Air India,2025-08-31 21:00:00,2025-08-31 21:30:00,G10,30,Dubai,Toronto,,,,,,,,,,,,,,,,,,,,,,,,,,,,,,,,,,,,,,,,,,,,,,,,,,,,,,,,,,,,,,,,,,,,,,,,,,,,,,,,,2025-09-08 02:14:30,,,,,,,,,,,,,,,,,,,,,,,,,,,,,,,,,,,,,,,,,,,,,,,,
68bdeeae245a927ffb269016,68bb1bcff209a8b6c3314b90,FL1177,British Airways,2025-08-31 21:30:00,2025-08-31 21:45:00,G18,15,Dubai,Paris,,,,,,,,,,,,,,,,,,,,,,,,,,,,,,,,,,,,,,,,,,,,,,,,,,,,,,,,,,,,,,,,,,,,,,,,,,,,,,,,,2025-09-08 02:14:45,68bb1cedf209a8b6c3314dca,68bdeebc6d2564f9a09da5cf,,,,,,,PAX1247,PAX1247,,,,,,,FL1177,FL1177,,,,,,,2025-08-31 19:32:00,2025-08-31 19:32:00,,,,,,,false,false,,,,,,,G18,G18,,,,,,
68bdeeaf245a927ffb269017,68bb1bcff209a8b6c3314b91,FL1178,Lufthansa,2025-08-31 22:00:00,2025-08-31 22:30:00,G13,30,Dubai,Zurich,,,,,,,,,,,,,,,,,,,,,,,,,,,,,,,,,,,,,,,,,,,,,,,,,,,,,,,,,,,,,,,,,,,,,,,,,,,,,,,,,2025-09-08 02:14:58,68bb1d0ef209a8b6c3314e0c,68bdeeca6d2564f9a09da695,,,,,,,PAX1313,PAX1313,,,,,,,FL1178,FL1178,,,,,,,2025-08-31 21:11:00,2025-08-31 21:11:00,,,,,,,false,false,,,,,,,G13,G13,,,,,,
68bdeeaf245a927ffb269018,68bb1bd4f209a8b6c3314b9a,FL1187,British Airways,2025-09-01 02:30:00,2025-09-01 02:40:00,G10,10,Dubai,New York,68bb1dcaf209a8b6c3314f82,68bb1e1ef209a8b6c331502a,68bdeeaf6d2564f9a09da508,68bdeed26d2564f9a09da705,,,,,,,,,,,,,BAG1187,BAG1355,BAG1187,BAG1355,,,,,,,,,,,,,PAX1485,PAX1485,PAX1485,PAX1485,,,,,,,,,,,,,FL1187,FL1187,FL1187,FL1187,,,,,,,,,,,,,Loaded,Missing,Loaded,Missing,,,,,,,,,,,,,2025-09-08 02:15:33,68bb1d65f209a8b6c3314eb8,68bdeeed6d2564f9a09da894,,,,,,,PAX1485,PAX1485,,,,,,,FL1187,FL1187,,,,,,,2025-09-01 00:53:00,2025-09-01 00:53:00,,,,,,,false,false,,,,,,,G10,G10,,,,,,
68bdeeaf245a927ffb269019,68bb1bd1f209a8b6c3314b94,FL1181,Turkish Airlines,2025-08-31 23:30:00,2025-08-31 23:45:00,G15,15,Dubai,Doha,68bb1e0ff209a8b6c331500b,68bdeecb6d2564f9a09da6a8,,,,,,,,,,,,,,,BAG1324,BAG1324,,,,,,,,,,,,,,,PAX1291,PAX1291,,,,,,,,,,,,,,,FL1181,FL1181,,,,,,,,,,,,,,,Loaded,Loaded,,,,,,,,,,,,,,,2025-09-08 02:14:59,68bb1d03f209a8b6c3314df6,68bdeec66d2564f9a09da656,,,,,,,PAX1291,PAX1291,,,,,,,FL1181,FL1181,,,,,,,2025-08-31 22:49:00,2025-08-31 22:49:00,,,,,,,false,false,,,,,,,G15,G15,,,,,,
68bdeeb0245a927ffb26901a,68bb1bd1f209a8b6c3314b95,FL1182,Lufthansa,2025-09-01 00:00:00,2025-09-01 00:35:00,G15,35,Dubai,Chicago,68bb1e56f209a8b6c3315099,68bdeee96d2564f9a09da85a,,,,,,,,,,,,,,,BAG1466,BAG1466,,,,,,,,,,,,,,,PAX1486,PAX1486,,,,,,,,,,,,,,,FL1182,FL1182,,,,,,,,,,,,,,,Loaded,Loaded,,,,,,,,,,,,,,,2025-09-08 02:15:33,68bb1d65f209a8b6c3314eb9,68bdeeed6d2564f9a09da897,,,,,,,PAX1486,PAX1486,,,,,,,FL1182,FL1182,,,,,,,2025-08-31 21:14:00,2025-08-31 21:14:00,,,,,,,false,false,,,,,,,G15,G15,,,,,,
68bdeeb0245a927ffb26901b,68bb1c3ef209a8b6c3314c6e,FL1399,Etihad,2025-09-05 12:30:00,2025-09-05 13:30:00,G6,60,Dubai,Singapore,,,,,,,,,,,,,,,,,,,,,,,,,,,,,,,,,,,,,,,,,,,,,,,,,,,,,,,,,,,,,,,,,,,,,,,,,,,,,,,,,2025-09-08 02:15:25,68bb1cccf209a8b6c3314d88,68bb1d50f209a8b6c3314e8f,68bdeeaf6d2564f9a09da50d,68bdeee56d2564f9a09da819,,,,,PAX1181,PAX1444,PAX1181,PAX1444,,,,,FL1399,FL1399,FL1399,FL1399,,,,,2025-09-05 10:25:00,2025-09-05 10:33:00,2025-09-05 10:25:00,2025-09-05 10:33:00,,,,,false,false,false,false,,,,,G6,G6,G6,G6,,,,
68bdeeb0245a927ffb26901c,68bb1c36f209a8b6c3314c5d,FL1382,Air India,2025-09-05 04:00:00,2025-09-05 04:30:00,G11,30,Dubai,Los Angeles,68bb1dcbf209a8b6c3314f84,68bdeeaf6d2564f9a09da50e,,,,,,,,,,,,,,,BAG1189,BAG1189,,,,,,,,,,,,,,,PAX1357,PAX1357,,,,,,,,,,,,,,,FL1382,FL1382,,,,,,,,,,,,,,,Missing,Missing,,,,,,,,,,,,,,,2025-09-08 02:15:12,68bb1d24f209a8b6c3314e38,68bdeed36d2564f9a09da717,,,,,,,PAX1357,PAX1357,,,,,,,FL1382,FL1382,,,,,,,2025-09-05 01:19:00,2025-09-05 01:19:00,,,,,,,false,false,,,,,,,G11,G11,,,,,,
68bdeeb0245a927ffb26901d,68bb1bd2f209a8b6c3314b96,FL1183,Singapore Airlines,2025-09-01 00:30:00,2025-09-01 00:40:00,G4,10,Dubai,Hong Kong,,,,,,,,,,,,,,,,,,,,,,,,,,,,,,,,,,,,,,,,,,,,,,,,,,,,,,,,,,,,,,,,,,,,,,,,,,,,,,,,,2025-09-08 02:14:31,,,,,,,,,,,,,,,,,,,,,,,,,,,,,,,,,,,,,,,,,,,,,,,,
68bdeeb0245a927ffb26901e,68bb1bd2f209a8b6c3314b97,FL1184,Emirates,2025-09-01 01:00:00,2025-09-01 01:20:00,G5,20,Dubai,Hong Kong,,,,,,,,,,,,,,,,,,,,,,,,,,,,,,,,,,,,,,,,,,,,,,,,,,,,,,,,,,,,,,,,,,,,,,,,,,,,,,,,,2025-09-08 02:14:32,,,,,,,,,,,,,,,,,,,,,,,,,,,,,,,,,,,,,,,,,,,,,,,,
68bdeeb1245a927ffb26901f,68bb1bedf209a8b6c3314bcd,FL1238,Singapore Airlines,2025-09-02 04:00:00,2025-09-02 04:25:00,G1,25,Dubai,Mumbai,,,,,,,,,,,,,,,,,,,,,,,,,,,,,,,,,,,,,,,,,,,,,,,,,,,,,,,,,,,,,,,,,,,,,,,,,,,,,,,,,2025-09-08 02:14:43,68bb1ccef209a8b6c3314d8d,68bdeeb06d2564f9a09da51b,,,,,,,PAX1186,PAX1186,,,,,,,FL1238,FL1238,,,,,,,2025-09-02 02:45:00,2025-09-02 02:45:00,,,,,,,false,false,,,,,,,G1,G1,,,,,,
68bdeeb1245a927ffb269020,68bb1c3cf209a8b6c3314c6a,FL1395,Lufthansa,2025-09-05 10:30:00,2025-09-05 11:00:00,G5,30,Dubai,London,68bb1df2f209a8b6c3314fd1,68bb1e2ef209a8b6c3315049,68bb1e57f209a8b6c331509b,68bdeebf6d2564f9a09da5f7,68bdeed86d2564f9a09da764,68bdeee96d2564f9a09da85f,,,,,,,,,,,BAG1266,BAG1386,BAG1468,BAG1266,BAG1386,BAG1468,,,,,,,,,,,PAX1187,PAX1307,PAX1307,PAX1187,PAX1307,PAX1307,,,,,,,,,,,FL1395,FL1395,FL1395,FL1395,FL1395,FL1395,,,,,,,,,,,Missing,Not Loaded,Not Loaded,Missing,Not Loaded,Not Loaded,,,,,,,,,,,2025-09-08 02:15:30,68bb1ccff209a8b6c3314d8e,68bb1d0bf209a8b6c3314e06,68bdeeb06d2564f9a09da51e,68bdeec96d2564f9a09da684,,,,,PAX1187,PAX1307,PAX1187,PAX1307,,,,,FL1395,FL1395,FL1395,FL1395,,,,,2025-09-05 09:15:00,2025-09-05 09:24:00,2025-09-05 09:15:00,2025-09-05 09:24:00,,,,,false,false,false,false,,,,,G5,G5,G5,G5,,,,
68bdeeb1245a927ffb269021,68bb1bd4f209a8b6c3314b9b,FL1188,Air India,2025-09-01 03:00:00,2025-09-01 03:30:00,G5,30,Dubai,Toronto,,,,,,,,,,,,,,,,,,,,,,,,,,,,,,,,,,,,,,,,,,,,,,,,,,,,,,,,,,,,,,,,,,,,,,,,,,,,,,,,,2025-09-08 02:14:32,,,,,,,,,,,,,,,,,,,,,,,,,,,,,,,,,,,,,,,,,,,,,,,,
68bdeeb1245a927ffb269022,68bb1bf1f209a8b6c3314bd5,FL1246,Singapore Airlines,2025-09-02 08:00:00,2025-09-02 08:15:00,G7,15,Dubai,Delhi,,,,,,,,,,,,,,,,,,,,,,,,,,,,,,,,,,,,,,,,,,,,,,,,,,,,,,,,,,,,,,,,,,,,,,,,,,,,,,,,,2025-09-08 02:15:34,68bb1ccff209a8b6c3314d8f,68bb1cf2f209a8b6c3314dd3,68bb1d67f209a8b6c3314ebc,68bdeeb06d2564f9a09da520,68bdeebe6d2564f9a09da5ea,68bdeeee6d2564f9a09da8a0,,,PAX1188,PAX1256,PAX1489,PAX1188,PAX1256,PAX1489,,,FL1246,FL1246,FL1246,FL1246,FL1246,FL1246,,,2025-09-02 07:10:00,2025-09-02 05:25:00,2025-09-02 05:31:00,2025-09-02 07:10:00,2025-09-02 05:25:00,2025-09-02 05:31:00,,,false,false,true,false,false,true,,,G7,G7,G7,G7,G7,G7,,
68bdeeb1245a927ffb269023,68bb1bddf209a8b6c3314bad,FL1206,Singapore Airlines,2025-09-01 12:00:00,2025-09-01 12:20:00,G15,20,Dubai,Zurich,68bb1dcff209a8b6c3314f8b,68bb1dd4f209a8b6c3314f95,68bb1e25f209a8b6c3315038,68bb1e4ef209a8b6c3315089,68bb1e64f209a8b6c33150b5,68bdeeb16d2564f9a09da525,68bdeeb36d2564f9a09da541,68bdeed56d2564f9a09da731,68bdeee66d2564f9a09da82a,68bdeeef6d2564f9a09da8ad,,,,,,,BAG1196,BAG1206,BAG1369,BAG1450,BAG1494,BAG1196,BAG1206,BAG1369,BAG1450,BAG1494,,,,,,,PAX1378,PAX1189,PAX1378,PAX1378,PAX1189,PAX1378,PAX1189,PAX1378,PAX1378,PAX1189,,,,,,,FL1206,FL1206,FL1206,FL1206,FL1206,FL1206,FL1206,FL1206,FL1206,FL1206,,,,,,,Loaded,Missing,Loaded,Not Loaded,Loaded,Loaded,Missing,Loaded,Not Loaded,Loaded,,,,,,,2025-09-08 02:15:35,68bb1cd0f209a8b6c3314d90,68bb1d2ff209a8b6c3314e4d,68bdeeb16d2564f9a09da523,68bdeed76d2564f9a09da756,,,,,PAX1189,PAX1378,PAX1189,PAX1378,,,,,FL1206,FL1206,FL1206,FL1206,,,,,2025-09-01 10:37:00,2025-09-01 11:10:00,2025-09-01 10:37:00,2025-09-01 11:10:00,,,,,false,false,false,false,,,,,G15,G15,G15,G15,,,,
68bdeeb1245a927ffb269024,68bb1c4af209a8b6c3314c86,FL1423,Air India,2025-09-06 00:30:00,2025-09-06 00:40:00,G11,10,Dubai,Doha,68bb1e02f209a8b6c3314ff1,68bb1e46f209a8b6c3315079,68bdeec66d2564f9a09da657,68bdeee26d2564f9a09da7f9,,,,,,,,,,,,,BAG1298,BAG1434,BAG1298,BAG1434,,,,,,,,,,,,,PAX1190,PAX1476,PAX1190,PAX1476,,,,,,,,,,,,,FL1423,FL1423,FL1423,FL1423,,,,,,,,,,,,,Missing,Loaded,Missing,Loaded,,,,,,,,,,,,,2025-09-08 02:15:31,68bb1cd0f209a8b6c3314d91,68bb1d2cf209a8b6c3314e48,68bb1d60f209a8b6c3314eaf,68bdeeb16d2564f9a09da526,68bdeed66d2564f9a09da747,68bdeeeb6d2564f9a09da879,,,PAX1190,PAX1373,PAX1476,PAX1190,PAX1373,PAX1476,,,FL1423,FL1423,FL1423,FL1423,FL1423,FL1423,,,2025-09-05 23:04:00,2025-09-05 22:32:00,2025-09-05 23:27:00,2025-09-05 23:04:00,2025-09-05 22:32:00,2025-09-05 23:27:00,,,false,false,true,false,false,true,,,G11,G11,G11,G11,G11,G11,,
68bdeeb2245a927ffb269025,68bb1bd7f209a8b6c3314ba0,FL1193,Singapore Airlines,2025-09-01 05:30:00,2025-09-01 06:10:00,G3,40,Dubai,Bangkok,,,,,,,,,,,,,,,,,,,,,,,,,,,,,,,,,,,,,,,,,,,,,,,,,,,,,,,,,,,,,,,,,,,,,,,,,,,,,,,,,2025-09-08 02:14:34,,,,,,,,,,,,,,,,,,,,,,,,,,,,,,,,,,,,,,,,,,,,,,,,
68bdeeb2245a927ffb269026,68bb1bd7f209a8b6c3314ba1,FL1194,Singapore Airlines,2025-09-01 06:00:00,2025-09-01 07:00:00,G13,60,Dubai,London,68bb1e16f209a8b6c3315019,68bdeece6d2564f9a09da6d2,,,,,,,,,,,,,,,BAG1338,BAG1338,,,,,,,,,,,,,,,PAX1243,PAX1243,,,,,,,,,,,,,,,FL1194,FL1194,,,,,,,,,,,,,,,Loaded,Loaded,,,,,,,,,,,,,,,2025-09-08 02:15:02,68bb1cebf209a8b6c3314dc6,68bdeebc6d2564f9a09da5c3,,,,,,,PAX1243,PAX1243,,,,,,,FL1194,FL1194,,,,,,,2025-09-01 05:00:00,2025-09-01 05:00:00,,,,,,,true,true,,,,,,,G13,G13,,,,,,
68bdeeb2245a927ffb269027,68bb1bdef209a8b6c3314baf,FL1208,Lufthansa,2025-09-01 13:00:00,2025-09-01 14:00:00,G9,60,Dubai,Rome,68bb1dd1f209a8b6c3314f8f,68bdeeb26d2564f9a09da531,,,,,,,,,,,,,,,BAG1200,BAG1200,,,,,,,,,,,,,,,PAX1210,PAX1210,,,,,,,,,,,,,,,FL1208,FL1208,,,,,,,,,,,,,,,Missing,Missing,,,,,,,,,,,,,,,2025-09-08 02:14:37,68bb1cdaf209a8b6c3314da5,68bdeeb56d2564f9a09da564,,,,,,,PAX1210,PAX1210,,,,,,,FL1208,FL1208,,,,,,,2025-09-01 10:45:00,2025-09-01 10:45:00,,,,,,,true,true,,,,,,,G9,G9,,,,,,
68bdeeb2245a927ffb269028,68bb1bd8f209a8b6c3314ba2,FL1195,Emirates,2025-09-01 06:30:00,2025-09-01 06:30:00,G6,0,Dubai,London,,,,,,,,,,,,,,,,,,,,,,,,,,,,,,,,,,,,,,,,,,,,,,,,,,,,,,,,,,,,,,,,,,,,,,,,,,,,,,,,,2025-09-08 02:14:34,,,,,,,,,,,,,,,,,,,,,,,,,,,,,,,,,,,,,,,,,,,,,,,,
68bdeeb2245a927ffb269029,68bb1c47f209a8b6c3314c7f,FL1416,Emirates,2025-09-05 21:00:00,2025-09-05 21:25:00,G5,25,Dubai,Toronto,68bb1e58f209a8b6c331509d,68bdeeea6d2564f9a09da865,,,,,,,,,,,,,,,BAG1470,BAG1470,,,,,,,,,,,,,,,PAX1195,PAX1195,,,,,,,,,,,,,,,FL1416,FL1416,,,,,,,,,,,,,,,Not Loaded,Not Loaded,,,,,,,,,,,,,,,2025-09-08 02:15:30,68bb1cd3f209a8b6c3314d96,68bdeeb26d2564f9a09da536,,,,,,,PAX1195,PAX1195,,,,,,,FL1416,FL1416,,,,,,,2025-09-05 20:14:00,2025-09-05 20:14:00,,,,,,,false,false,,,,,,,G5,G5,,,,,,
68bdeeb2245a927ffb26902a,68bb1bd8f209a8b6c3314ba3,FL1196,Qatar Airways,2025-09-01 07:00:00,2025-09-01 07:25:00,G7,25,Dubai,Los Angeles,68bb1e4cf209a8b6c3315084,68bdeee56d2564f9a09da81b,,,,,,,,,,,,,,,BAG1445,BAG1445,,,,,,,,,,,,,,,PAX1303,PAX1303,,,,,,,,,,,,,,,FL1196,FL1196,,,,,,,,,,,,,,,Not Loaded,Not Loaded,,,,,,,,,,,,,,,2025-09-08 02:15:25,68bb1d09f209a8b6c3314e02,68bdeec86d2564f9a09da678,,,,,,,PAX1303,PAX1303,,,,,,,FL1196,FL1196,,,,,,,2025-09-01 05:28:00,2025-09-01 05:28:00,,,,,,,false,false,,,,,,,G7,G7,,,,,,
68bdeeb3245a927ffb26902b,68bb1bd9f209a8b6c3314ba4,FL1197,Etihad,2025-09-01 07:30:00,2025-09-01 07:45:00,G15,15,Dubai,Hong Kong,68bb1e14f209a8b6c3315015,68bdeecd6d2564f9a09da6c6,,,,,,,,,,,,,,,BAG1334,BAG1334,,,,,,,,,,,,,,,PAX1366,PAX1366,,,,,,,,,,,,,,,FL1197,FL1197,,,,,,,,,,,,,,,Not Loaded,Not Loaded,,,,,,,,,,,,,,,2025-09-08 02:15:09,68bb1d29f209a8b6c3314e41,68bdeed56d2564f9a09da732,,,,,,,PAX1366,PAX1366,,,,,,,FL1197,FL1197,,,,,,,2025-09-01 06:45:00,2025-09-01 06:45:00,,,,,,,true,true,,,,,,,G15,G15,,,,,,
68bdeeb3245a927ffb26902c,68bb1bf1f209a8b6c3314bd4,FL1245,Singapore Airlines,2025-09-02 07:30:00,2025-09-02 07:40:00,G4,10,Dubai,Rome,68bb1deef209a8b6c3314fc9,68bdeebd6d2564f9a09da5df,,,,,,,,,,,,,,,BAG1258,BAG1258,,,,,,,,,,,,,,,PAX1197,PAX1197,,,,,,,,,,,,,,,FL1245,FL1245,,,,,,,,,,,,,,,Not Loaded,Not Loaded,,,,,,,,,,,,,,,2025-09-08 02:14:46,68bb1cd4f209a8b6c3314d98,68bdeeb26d2564f9a09da53c,,,,,,,PAX1197,PAX1197,,,,,,,FL1245,FL1245,,,,,,,2025-09-02 06:26:00,2025-09-02 06:26:00,,,,,,,false,false,,,,,,,G4,G4,,,,,,
68bdeeb3245a927ffb26902d,68bb1bdaf209a8b6c3314ba7,FL1200,Lufthansa,2025-09-01 09:00:00,2025-09-01 09:00:00,G13,0,Dubai,Los Angeles,,,,,,,,,,,,,,,,,,,,,,,,,,,,,,,,,,,,,,,,,,,,,,,,,,,,,,,,,,,,,,,,,,,,,,,,,,,,,,,,,2025-09-08 02:14:35,,,,,,,,,,,,,,,,,,,,,,,,,,,,,,,,,,,,,,,,,,,,,,,,
68bdeeb3245a927ffb26902e,68bb1bdbf209a8b6c3314ba8,FL1201,Emirates,2025-09-01 09:30:00,2025-09-01 10:30:00,G8,60,Dubai,Rome,,,,,,,,,,,,,,,,,,,,,,,,,,,,,,,,,,,,,,,,,,,,,,,,,,,,,,,,,,,,,,,,,,,,,,,,,,,,,,,,,2025-09-08 02:14:35,,,,,,,,,,,,,,,,,,,,,,,,,,,,,,,,,,,,,,,,,,,,,,,,
68bdeeb4245a927ffb26902f,68bb1bdbf209a8b6c3314ba9,FL1202,Emirates,2025-09-01 10:00:00,2025-09-01 10:00:00,G5,0,Dubai,Singapore,,,,,,,,,,,,,,,,,,,,,,,,,,,,,,,,,,,,,,,,,,,,,,,,,,,,,,,,,,,,,,,,,,,,,,,,,,,,,,,,,2025-09-08 02:14:35,,,,,,,,,,,,,,,,,,,,,,,,,,,,,,,,,,,,,,,,,,,,,,,,
68bdeeb4245a927ffb269030,68bb1bdcf209a8b6c3314baa,FL1203,Qatar Airways,2025-09-01 10:30:00,2025-09-01 10:55:00,G14,25,Dubai,Amsterdam,,,,,,,,,,,,,,,,,,,,,,,,,,,,,,,,,,,,,,,,,,,,,,,,,,,,,,,,,,,,,,,,,,,,,,,,,,,,,,,,,2025-09-08 02:14:45,68bb1ceff209a8b6c3314dce,68bdeebd6d2564f9a09da5db,,,,,,,PAX1251,PAX1251,,,,,,,FL1203,FL1203,,,,,,,2025-09-01 09:40:00,2025-09-01 09:40:00,,,,,,,false,false,,,,,,,G14,G14,,,,,,
68bdeeb4245a927ffb269031,68bb1c51f209a8b6c3314c94,FL1437,Singapore Airlines,2025-09-06 07:30:00,2025-09-06 07:45:00,G2,15,Dubai,Frankfurt,68bb1de4f209a8b6c3314fb6,68bb1e04f209a8b6c3314ff5,68bdeeba6d2564f9a09da5a6,68bdeec76d2564f9a09da663,,,,,,,,,,,,,BAG1239,BAG1302,BAG1239,BAG1302,,,,,,,,,,,,,PAX1202,PAX1202,PAX1202,PAX1202,,,,,,,,,,,,,FL1437,FL1437,FL1437,FL1437,,,,,,,,,,,,,Missing,Loaded,Missing,Loaded,,,,,,,,,,,,,2025-09-08 02:15:23,68bb1cd6f209a8b6c3314d9d,68bdeeb36d2564f9a09da54c,,,,,,,PAX1202,PAX1202,,,,,,,FL1437,FL1437,,,,,,,2025-09-06 05:13:00,2025-09-06 05:13:00,,,,,,,false,false,,,,,,,G2,G2,,,,,,
68bdeeb4245a927ffb269032,68bb1c6ef209a8b6c3314ccd,FL1494,Emirates,2025-09-07 12:00:00,2025-09-07 12:15:00,G16,15,Dubai,Zurich,,,,,,,,,,,,,,,,,,,,,,,,,,,,,,,,,,,,,,,,,,,,,,,,,,,,,,,,,,,,,,,,,,,,,,,,,,,,,,,,,2025-09-08 02:15:35,68bb1cd7f209a8b6c3314d9e,68bdeeb46d2564f9a09da54f,,,,,,,PAX1203,PAX1203,,,,,,,FL1494,FL1494,,,,,,,2025-09-07 09:41:00,2025-09-07 09:41:00,,,,,,,true,true,,,,,,,G16,G16,,,,,,
68bdeeb4245a927ffb269033,68bb1c40f209a8b6c3314c71,FL1402,Singapore Airlines,2025-09-05 14:00:00,2025-09-05 15:00:00,G14,60,Dubai,Hong Kong,68bb1dd6f209a8b6c3314f9a,68bb1e0bf209a8b6c3315004,68bdeeb46d2564f9a09da550,68bdeeca6d2564f9a09da693,,,,,,,,,,,,,BAG1211,BAG1317,BAG1211,BAG1317,,,,,,,,,,,,,PAX1437,PAX1437,PAX1437,PAX1437,,,,,,,,,,,,,FL1402,FL1402,FL1402,FL1402,,,,,,,,,,,,,Missing,Loaded,Missing,Loaded,,,,,,,,,,,,,2025-09-08 02:15:23,68bb1d4df209a8b6c3314e88,68bdeee36d2564f9a09da803,,,,,,,PAX1437,PAX1437,,,,,,,FL1402,FL1402,,,,,,,2025-09-05 12:33:00,2025-09-05 12:33:00,,,,,,,false,false,,,,,,,G14,G14,,,,,,
68bdeeb4245a927ffb269034,68bb1bfbf209a8b6c3314be8,FL1265,Qatar Airways,2025-09-02 17:30:00,2025-09-02 17:40:00,G15,10,Dubai,Los Angeles,68bb1dd7f209a8b6c3314f9b,68bb1e48f209a8b6c331507c,68bdeeb46d2564f9a09da553,68bdeee36d2564f9a09da802,,,,,,,,,,,,,BAG1212,BAG1437,BAG1212,BAG1437,,,,,,,,,,,,,PAX1236,PAX1236,PAX1236,PAX1236,,,,,,,,,,,,,FL1265,FL1265,FL1265,FL1265,,,,,,,,,,,,,Loaded,Not Loaded,Loaded,Not Loaded,,,,,,,,,,,,,2025-09-08 02:15:23,68bb1ce8f209a8b6c3314dbf,68bb1d41f209a8b6c3314e70,68bdeeba6d2564f9a09da5af,68bdeede6d2564f9a09da7bb,,,,,PAX1236,PAX1413,PAX1236,PAX1413,,,,,FL1265,FL1265,FL1265,FL1265,,,,,2025-09-02 15:03:00,2025-09-02 14:36:00,2025-09-02 15:03:00,2025-09-02 14:36:00,,,,,true,true,true,true,,,,,G15,G15,G15,G15,,,,
68bdeeb5245a927ffb269035,68bb1bdef209a8b6c3314bae,FL1207,Air India,2025-09-01 12:30:00,2025-09-01 12:50:00,G14,20,Dubai,New York,,,,,,,,,,,,,,,,,,,,,,,,,,,,,,,,,,,,,,,,,,,,,,,,,,,,,,,,,,,,,,,,,,,,,,,,,,,,,,,,,2025-09-08 02:14:38,68bb1cddf209a8b6c3314da9,68bdeeb66d2564f9a09da570,,,,,,,PAX1214,PAX1214,,,,,,,FL1207,FL1207,,,,,,,2025-09-01 10:23:00,2025-09-01 10:23:00,,,,,,,false,false,,,,,,,G14,G14,,,,,,
68bdeeb5245a927ffb269036,68bb1c36f209a8b6c3314c5e,FL1383,Lufthansa,2025-09-05 04:30:00,2025-09-05 05:10:00,G11,40,Dubai,New York,68bb1e49f209a8b6c331507f,68bdeee46d2564f9a09da80b,,,,,,,,,,,,,,,BAG1440,BAG1440,,,,,,,,,,,,,,,PAX1206,PAX1206,,,,,,,,,,,,,,,FL1383,FL1383,,,,,,,,,,,,,,,Missing,Missing,,,,,,,,,,,,,,,2025-09-08 02:15:24,68bb1cd8f209a8b6c3314da1,68bdeeb46d2564f9a09da558,,,,,,,PAX1206,PAX1206,,,,,,,FL1383,FL1383,,,,,,,2025-09-05 02:34:00,2025-09-05 02:34:00,,,,,,,true,true,,,,,,,G11,G11,,,,,,
68bdeeb5245a927ffb269037,68bb1c6df209a8b6c3314ccc,FL1493,Qatar Airways,2025-09-07 11:30:00,2025-09-07 12:30:00,G11,60,Dubai,Toronto,68bb1dd8f209a8b6c3314f9d,68bdeeb46d2564f9a09da55a,,,,,,,,,,,,,,,BAG1214,BAG1214,,,,,,,,,,,,,,,PAX1235,PAX1235,,,,,,,,,,,,,,,FL1493,FL1493,,,,,,,,,,,,,,,Missing,Missing,,,,,,,,,,,,,,,2025-09-08 02:15:35,68bb1ce7f209a8b6c3314dbe,68bdeeba6d2564f9a09da5ac,,,,,,,PAX1235,PAX1235,,,,,,,FL1493,FL1493,,,,,,,2025-09-07 09:56:00,2025-09-07 09:56:00,,,,,,,false,false,,,,,,,G11,G11,,,,,,
68bdeeb5245a927ffb269038,68bb1bdff209a8b6c3314bb0,FL1209,Etihad,2025-09-01 13:30:00,2025-09-01 13:55:00,G4,25,Dubai,Bangkok,,,,,,,,,,,,,,,,,,,,,,,,,,,,,,,,,,,,,,,,,,,,,,,,,,,,,,,,,,,,,,,,,,,,,,,,,,,,,,,,,2025-09-08 02:14:37,,,,,,,,,,,,,,,,,,,,,,,,,,,,,,,,,,,,,,,,,,,,,,,,
68bdeeb5245a927ffb269039,68bb1c3ff209a8b6c3314c70,FL1401,British Airways,2025-09-05 13:30:00,2025-09-05 13:50:00,G2,20,Dubai,Zurich,68bb1de8f209a8b6c3314fbe,68bb1dfcf209a8b6c3314fe6,68bdeebb6d2564f9a09da5bf,68bdeec36d2564f9a09da634,,,,,,,,,,,,,BAG1247,BAG1287,BAG1247,BAG1287,,,,,,,,,,,,,PAX1208,PAX1450,PAX1208,PAX1450,,,,,,,,,,,,,FL1401,FL1401,FL1401,FL1401,,,,,,,,,,,,,Loaded,Not Loaded,Loaded,Not Loaded,,,,,,,,,,,,,2025-09-08 02:15:26,68bb1cd9f209a8b6c3314da3,68bb1d53f209a8b6c3314e95,68bdeeb56d2564f9a09da55e,68bdeee66d2564f9a09da82b,,,,,PAX1208,PAX1450,PAX1208,PAX1450,,,,,FL1401,FL1401,FL1401,FL1401,,,,,2025-09-05 12:19:00,2025-09-05 11:08:00,2025-09-05 12:19:00,2025-09-05 11:08:00,,,,,false,true,false,true,,,,,G2,G2,G2,G2,,,,
68bdeeb6245a927ffb26903a,68bb1be0f209a8b6c3314bb3,FL1212,Lufthansa,2025-09-01 15:00:00,2025-09-01 16:00:00,G4,60,Dubai,Rome,,,,,,,,,,,,,,,,,,,,,,,,,,,,,,,,,,,,,,,,,,,,,,,,,,,,,,,,,,,,,,,,,,,,,,,,,,,,,,,,,2025-09-08 02:14:37,,,,,,,,,,,,,,,,,,,,,,,,,,,,,,,,,,,,,,,,,,,,,,,,
68bdeeb6245a927ffb26903b,68bb1c24f209a8b6c3314c3a,FL1347,Etihad,2025-09-04 10:30:00,2025-09-04 10:50:00,G9,20,Dubai,Amsterdam,,,,,,,,,,,,,,,,,,,,,,,,,,,,,,,,,,,,,,,,,,,,,,,,,,,,,,,,,,,,,,,,,,,,,,,,,,,,,,,,,2025-09-08 02:15:05,68bb1cdcf209a8b6c3314da7,68bb1d13f209a8b6c3314e16,68bdeeb56d2564f9a09da56a,68bdeecc6d2564f9a09da6b3,,,,,PAX1212,PAX1323,PAX1212,PAX1323,,,,,FL1347,FL1347,FL1347,FL1347,,,,,2025-09-04 07:46:00,2025-09-04 09:07:00,2025-09-04 07:46:00,2025-09-04 09:07:00,,,,,true,true,true,true,,,,,G9,G9,G9,G9,,,,
68bdeeb6245a927ffb26903c,68bb1be1f209a8b6c3314bb5,FL1214,Turkish Airlines,2025-09-01 16:00:00,2025-09-01 16:20:00,G7,20,Dubai,Doha,,,,,,,,,,,,,,,,,,,,,,,,,,,,,,,,,,,,,,,,,,,,,,,,,,,,,,,,,,,,,,,,,,,,,,,,,,,,,,,,,2025-09-08 02:14:38,,,,,,,,,,,,,,,,,,,,,,,,,,,,,,,,,,,,,,,,,,,,,,,,
68bdeeb6245a927ffb26903d,68bb1c53f209a8b6c3314c98,FL1441,Singapore Airlines,2025-09-06 09:30:00,2025-09-06 09:55:00,G18,25,Dubai,Frankfurt,68bb1ddbf209a8b6c3314fa3,68bb1df6f209a8b6c3314fd9,68bb1e1df209a8b6c3315027,68bdeeb66d2564f9a09da56c,68bdeec16d2564f9a09da60c,68bdeed16d2564f9a09da6fc,,,,,,,,,,,BAG1220,BAG1274,BAG1352,BAG1220,BAG1274,BAG1352,,,,,,,,,,,PAX1271,PAX1271,PAX1220,PAX1271,PAX1271,PAX1220,,,,,,,,,,,FL1441,FL1441,FL1441,FL1441,FL1441,FL1441,,,,,,,,,,,Not Loaded,Missing,Missing,Not Loaded,Missing,Missing,,,,,,,,,,,2025-09-08 02:15:24,68bb1ce0f209a8b6c3314daf,68bb1cf9f209a8b6c3314de2,68bb1d0ef209a8b6c3314e0b,68bdeeb76d2564f9a09da582,68bdeec16d2564f9a09da61a,68bdeeca6d2564f9a09da692,,,PAX1220,PAX1271,PAX1312,PAX1220,PAX1271,PAX1312,,,FL1441,FL1441,FL1441,FL1441,FL1441,FL1441,,,2025-09-06 07:27:00,2025-09-06 07:05:00,2025-09-06 08:25:00,2025-09-06 07:27:00,2025-09-06 07:05:00,2025-09-06 08:25:00,,,true,true,false,true,true,false,,,G18,G18,G18,G18,G18,G18,,
68bdeeb6245a927ffb26903e,68bb1be2f209a8b6c3314bb6,FL1215,Air India,2025-09-01 16:30:00,2025-09-01 16:55:00,G10,25,Dubai,London,,,,,,,,,,,,,,,,,,,,,,,,,,,,,,,,,,,,,,,,,,,,,,,,,,,,,,,,,,,,,,,,,,,,,,,,,,,,,,,,,2025-09-08 02:14:38,,,,,,,,,,,,,,,,,,,,,,,,,,,,,,,,,,,,,,,,,,,,,,,,
68bdeeb7245a927ffb26903f,68bb1be3f209a8b6c3314bb8,FL1217,Singapore Airlines,2025-09-01 17:30:00,2025-09-01 17:40:00,G9,10,Dubai,Rome,,,,,,,,,,,,,,,,,,,,,,,,,,,,,,,,,,,,,,,,,,,,,,,,,,,,,,,,,,,,,,,,,,,,,,,,,,,,,,,,,2025-09-08 02:15:13,68bb1d30f209a8b6c3314e50,68bb1d33f209a8b6c3314e55,68bdeed86d2564f9a09da75f,68bdeed96d2564f9a09da76d,,,,,PAX1381,PAX1386,PAX1381,PAX1386,,,,,FL1217,FL1217,FL1217,FL1217,,,,,2025-09-01 15:46:00,2025-09-01 14:36:00,2025-09-01 15:46:00,2025-09-01 14:36:00,,,,,false,false,false,false,,,,,G9,G9,G9,G9,,,,
68bdeeb7245a927ffb269040,68bb1be3f209a8b6c3314bb9,FL1218,Emirates,2025-09-01 18:00:00,2025-09-01 18:15:00,G13,15,Dubai,Doha,,,,,,,,,,,,,,,,,,,,,,,,,,,,,,,,,,,,,,,,,,,,,,,,,,,,,,,,,,,,,,,,,,,,,,,,,,,,,,,,,2025-09-08 02:14:39,,,,,,,,,,,,,,,,,,,,,,,,,,,,,,,,,,,,,,,,,,,,,,,,
68bdeeb8245a927ffb269041,68bb1be5f209a8b6c3314bbd,FL1222,Turkish Airlines,2025-09-01 20:00:00,2025-09-01 20:35:00,G6,35,Dubai,Mumbai,,,,,,,,,,,,,,,,,,,,,,,,,,,,,,,,,,,,,,,,,,,,,,,,,,,,,,,,,,,,,,,,,,,,,,,,,,,,,,,,,2025-09-08 02:14:39,,,,,,,,,,,,,,,,,,,,,,,,,,,,,,,,,,,,,,,,,,,,,,,,
68bdeeb8245a927ffb269042,68bb1be6f209a8b6c3314bbe,FL1223,Singapore Airlines,2025-09-01 20:30:00,2025-09-01 20:45:00,G20,15,Dubai,Tokyo,,,,,,,,,,,,,,,,,,,,,,,,,,,,,,,,,,,,,,,,,,,,,,,,,,,,,,,,,,,,,,,,,,,,,,,,,,,,,,,,,2025-09-08 02:15:15,68bb1d39f209a8b6c3314e60,68bdeedb6d2564f9a09da78d,,,,,,,PAX1397,PAX1397,,,,,,,FL1223,FL1223,,,,,,,2025-09-01 18:46:00,2025-09-01 18:46:00,,,,,,,true,true,,,,,,,G20,G20,,,,,,
68bdeeb8245a927ffb269043,68bb1c38f209a8b6c3314c61,FL1386,Singapore Airlines,2025-09-05 06:00:00,2025-09-05 06:25:00,G5,25,Dubai,Delhi,,,,,,,,,,,,,,,,,,,,,,,,,,,,,,,,,,,,,,,,,,,,,,,,,,,,,,,,,,,,,,,,,,,,,,,,,,,,,,,,,2025-09-08 02:15:13,68bb1ce2f209a8b6c3314db3,68bb1d1ff209a8b6c3314e2d,68bdeeb86d2564f9a09da58c,68bdeed16d2564f9a09da6f7,,,,,PAX1224,PAX1346,PAX1224,PAX1346,,,,,FL1386,FL1386,FL1386,FL1386,,,,,2025-09-05 04:30:00,2025-09-05 04:06:00,2025-09-05 04:30:00,2025-09-05 04:06:00,,,,,true,false,true,false,,,,,G5,G5,G5,G5,,,,
68bdeeb8245a927ffb269044,68bb1be7f209a8b6c3314bc0,FL1225,Etihad,2025-09-01 21:30:00,2025-09-01 21:40:00,G10,10,Dubai,Los Angeles,,,,,,,,,,,,,,,,,,,,,,,,,,,,,,,,,,,,,,,,,,,,,,,,,,,,,,,,,,,,,,,,,,,,,,,,,,,,,,,,,2025-09-08 02:14:40,,,,,,,,,,,,,,,,,,,,,,,,,,,,,,,,,,,,,,,,,,,,,,,,
68bdeeb9245a927ffb269045,68bb1c45f209a8b6c3314c7b,FL1412,Qatar Airways,2025-09-05 19:00:00,2025-09-05 19:00:00,G3,0,Dubai,Doha,68bb1e5ef209a8b6c33150a9,68bdeeec6d2564f9a09da88a,,,,,,,,,,,,,,,BAG1482,BAG1482,,,,,,,,,,,,,,,PAX1228,PAX1228,,,,,,,,,,,,,,,FL1412,FL1412,,,,,,,,,,,,,,,Missing,Missing,,,,,,,,,,,,,,,2025-09-08 02:15:32,68bb1ce4f209a8b6c3314db7,68bdeeb96d2564f9a09da598,,,,,,,PAX1228,PAX1228,,,,,,,FL1412,FL1412,,,,,,,2025-09-05 16:07:00,2025-09-05 16:07:00,,,,,,,true,true,,,,,,,G3,G3,,,,,,
68bdeeb9245a927ffb269046,68bb1be9f209a8b6c3314bc5,FL1230,Etihad,2025-09-02 00:00:00,2025-09-02 00:15:00,G19,15,Dubai,Mumbai,,,,,,,,,,,,,,,,,,,,,,,,,,,,,,,,,,,,,,,,,,,,,,,,,,,,,,,,,,,,,,,,,,,,,,,,,,,,,,,,,2025-09-08 02:15:14,68bb1d36f209a8b6c3314e5b,68bdeeda6d2564f9a09da77f,,,,,,,PAX1392,PAX1392,,,,,,,FL1230,FL1230,,,,,,,2025-09-01 23:23:00,2025-09-01 23:23:00,,,,,,,true,true,,,,,,,G19,G19,,,,,,
68bdeeba245a927ffb269047,68bb1beaf209a8b6c3314bc6,FL1231,British Airways,2025-09-02 00:30:00,2025-09-02 00:30:00,G10,0,Dubai,Singapore,,,,,,,,,,,,,,,,,,,,,,,,,,,,,,,,,,,,,,,,,,,,,,,,,,,,,,,,,,,,,,,,,,,,,,,,,,,,,,,,,2025-09-08 02:14:45,68bb1ceff209a8b6c3314dcd,68bdeebd6d2564f9a09da5d8,,,,,,,PAX1250,PAX1250,,,,,,,FL1231,FL1231,,,,,,,2025-09-01 22:03:00,2025-09-01 22:03:00,,,,,,,true,true,,,,,,,G10,G10,,,,,,
68bdeeba245a927ffb269048,68bb1beaf209a8b6c3314bc7,FL1232,Etihad,2025-09-02 01:00:00,2025-09-02 01:20:00,G13,20,Dubai,Los Angeles,,,,,,,,,,,,,,,,,,,,,,,,,,,,,,,,,,,,,,,,,,,,,,,,,,,,,,,,,,,,,,,,,,,,,,,,,,,,,,,,,2025-09-08 02:15:09,68bb1ce9f209a8b6c3314dc1,68bb1d29f209a8b6c3314e42,68bdeebb6d2564f9a09da5b4,68bdeed56d2564f9a09da735,,,,,PAX1238,PAX1367,PAX1238,PAX1367,,,,,FL1232,FL1232,FL1232,FL1232,,,,,2025-09-02 00:27:00,2025-09-01 22:36:00,2025-09-02 00:27:00,2025-09-01 22:36:00,,,,,true,false,true,false,,,,,G13,G13,G13,G13,,,,
68bdeeba245a927ffb269049,68bb1bebf209a8b6c3314bc8,FL1233,Qatar Airways,2025-09-02 01:30:00,2025-09-02 01:30:00,G17,0,Dubai,Zurich,68bb1e18f209a8b6c331501d,68bdeecf6d2564f9a09da6de,,,,,,,,,,,,,,,BAG1342,BAG1342,,,,,,,,,,,,,,,PAX1474,PAX1474,,,,,,,,,,,,,,,FL1233,FL1233,,,,,,,,,,,,,,,Not Loaded,Not Loaded,,,,,,,,,,,,,,,2025-09-08 02:15:31,68bb1d5ff209a8b6c3314ead,68bdeeeb6d2564f9a09da873,,,,,,,PAX1474,PAX1474,,,,,,,FL1233,FL1233,,,,,,,2025-09-01 23:09:00,2025-09-01 23:09:00,,,,,,,false,false,,,,,,,G17,G17,,,,,,
68bdeeba245a927ffb26904a,68bb1bebf209a8b6c3314bc9,FL1234,Etihad,2025-09-02 02:00:00,2025-09-02 03:00:00,G10,60,Dubai,Mumbai,,,,,,,,,,,,,,,,,,,,,,,,,,,,,,,,,,,,,,,,,,,,,,,,,,,,,,,,,,,,,,,,,,,,,,,,,,,,,,,,,2025-09-08 02:14:42,,,,,,,,,,,,,,,,,,,,,,,,,,,,,,,,,,,,,,,,,,,,,,,,
68bdeeba245a927ffb26904b,68bb1c2df209a8b6c3314c4c,FL1365,Etihad,2025-09-04 19:30:00,2025-09-04 19:30:00,G2,0,Dubai,Toronto,68bb1de5f209a8b6c3314fb7,68bdeeba6d2564f9a09da5aa,,,,,,,,,,,,,,,BAG1240,BAG1240,,,,,,,,,,,,,,,PAX1363,PAX1363,,,,,,,,,,,,,,,FL1365,FL1365,,,,,,,,,,,,,,,Missing,Missing,,,,,,,,,,,,,,,2025-09-08 02:15:09,68bb1d27f209a8b6c3314e3e,68bdeed46d2564f9a09da729,,,,,,,PAX1363,PAX1363,,,,,,,FL1365,FL1365,,,,,,,2025-09-04 18:01:00,2025-09-04 18:01:00,,,,,,,false,false,,,,,,,G2,G2,,,,,,
68bdeeba245a927ffb26904c,68bb1becf209a8b6c3314bca,FL1235,Singapore Airlines,2025-09-02 02:30:00,2025-09-02 03:10:00,G7,40,Dubai,Zurich,,,,,,,,,,,,,,,,,,,,,,,,,,,,,,,,,,,,,,,,,,,,,,,,,,,,,,,,,,,,,,,,,,,,,,,,,,,,,,,,,2025-09-08 02:14:42,,,,,,,,,,,,,,,,,,,,,,,,,,,,,,,,,,,,,,,,,,,,,,,,
68bdeebb245a927ffb26904d,68bb1c18f209a8b6c3314c21,FL1322,British Airways,2025-09-03 22:00:00,2025-09-03 22:25:00,G5,25,Dubai,Paris,68bb1de7f209a8b6c3314fbc,68bb1e2cf209a8b6c3315045,68bdeebb6d2564f9a09da5b9,68bdeed76d2564f9a09da758,,,,,,,,,,,,,BAG1245,BAG1382,BAG1245,BAG1382,,,,,,,,,,,,,PAX1400,PAX1400,PAX1400,PAX1400,,,,,,,,,,,,,FL1322,FL1322,FL1322,FL1322,,,,,,,,,,,,,Not Loaded,Not Loaded,Not Loaded,Not Loaded,,,,,,,,,,,,,2025-09-08 02:15:16,68bb1d3af209a8b6c3314e63,68bdeedc6d2564f9a09da796,,,,,,,PAX1400,PAX1400,,,,,,,FL1322,FL1322,,,,,,,2025-09-03 19:40:00,2025-09-03 19:40:00,,,,,,,false,false,,,,,,,G5,G5,,,,,,
68bdeebc245a927ffb26904e,68bb1beef209a8b6c3314bcf,FL1240,Turkish Airlines,2025-09-02 05:00:00,2025-09-02 05:25:00,G4,25,Dubai,Hong Kong,,,,,,,,,,,,,,,,,,,,,,,,,,,,,,,,,,,,,,,,,,,,,,,,,,,,,,,,,,,,,,,,,,,,,,,,,,,,,,,,,2025-09-08 02:15:35,68bb1d6af209a8b6c3314ec3,68bdeeef6d2564f9a09da8b5,,,,,,,PAX1496,PAX1496,,,,,,,FL1240,FL1240,,,,,,,2025-09-02 02:42:00,2025-09-02 02:42:00,,,,,,,true,true,,,,,,,G4,G4,,,,,,
68bdeebc245a927ffb26904f,68bb1bf0f209a8b6c3314bd3,FL1244,Singapore Airlines,2025-09-02 07:00:00,2025-09-02 07:15:00,G6,15,Dubai,Delhi,,,,,,,,,,,,,,,,,,,,,,,,,,,,,,,,,,,,,,,,,,,,,,,,,,,,,,,,,,,,,,,,,,,,,,,,,,,,,,,,,2025-09-08 02:14:44,,,,,,,,,,,,,,,,,,,,,,,,,,,,,,,,,,,,,,,,,,,,,,,,
68bdeebd245a927ffb269050,68bb1bf2f209a8b6c3314bd6,FL1247,Lufthansa,2025-09-02 08:30:00,2025-09-02 08:55:00,G5,25,Dubai,Zurich,,,,,,,,,,,,,,,,,,,,,,,,,,,,,,,,,,,,,,,,,,,,,,,,,,,,,,,,,,,,,,,,,,,,,,,,,,,,,,,,,2025-09-08 02:14:45,,,,,,,,,,,,,,,,,,,,,,,,,,,,,,,,,,,,,,,,,,,,,,,,
68bdeebd245a927ffb269051,68bb1bf2f209a8b6c3314bd7,FL1248,Etihad,2025-09-02 09:00:00,2025-09-02 09:35:00,G2,35,Dubai,Bangkok,,,,,,,,,,,,,,,,,,,,,,,,,,,,,,,,,,,,,,,,,,,,,,,,,,,,,,,,,,,,,,,,,,,,,,,,,,,,,,,,,2025-09-08 02:14:45,,,,,,,,,,,,,,,,,,,,,,,,,,,,,,,,,,,,,,,,,,,,,,,,
68bdeebd245a927ffb269052,68bb1c1df209a8b6c3314c2b,FL1332,Air India,2025-09-04 03:00:00,2025-09-04 03:15:00,G20,15,Dubai,Chicago,68bb1dedf209a8b6c3314fc8,68bb1e03f209a8b6c3314ff3,68bb1e1bf209a8b6c3315023,68bb1e4cf209a8b6c3315085,68bdeebd6d2564f9a09da5dc,68bdeec66d2564f9a09da65d,68bdeed06d2564f9a09da6f0,68bdeee56d2564f9a09da81e,,,,,,,,,BAG1257,BAG1300,BAG1348,BAG1446,BAG1257,BAG1300,BAG1348,BAG1446,,,,,,,,,PAX1249,PAX1249,PAX1295,PAX1295,PAX1249,PAX1249,PAX1295,PAX1295,,,,,,,,,FL1332,FL1332,FL1332,FL1332,FL1332,FL1332,FL1332,FL1332,,,,,,,,,Not Loaded,Missing,Loaded,Missing,Not Loaded,Missing,Loaded,Missing,,,,,,,,,2025-09-08 02:15:25,68bb1ceef209a8b6c3314dcc,68bb1d05f209a8b6c3314dfa,68bdeebd6d2564f9a09da5d5,68bdeec66d2564f9a09da661,,,,,PAX1249,PAX1295,PAX1249,PAX1295,,,,,FL1332,FL1332,FL1332,FL1332,,,,,2025-09-04 01:46:00,2025-09-04 01:04:00,2025-09-04 01:46:00,2025-09-04 01:04:00,,,,,true,false,true,false,,,,,G20,G20,G20,G20,,,,
68bdeebe245a927ffb269053,68bb1c66f209a8b6c3314cbe,FL1479,Qatar Airways,2025-09-07 04:30:00,2025-09-07 04:55:00,G12,25,Dubai,Zurich,68bb1df3f209a8b6c3314fd4,68bb1e54f209a8b6c3315094,68bdeec06d2564f9a09da5ff,68bdeee86d2564f9a09da84c,,,,,,,,,,,,,BAG1269,BAG1461,BAG1269,BAG1461,,,,,,,,,,,,,PAX1252,PAX1252,PAX1252,PAX1252,,,,,,,,,,,,,FL1479,FL1479,FL1479,FL1479,,,,,,,,,,,,,Loaded,Not Loaded,Loaded,Not Loaded,,,,,,,,,,,,,2025-09-08 02:15:32,68bb1cf0f209a8b6c3314dcf,68bdeebd6d2564f9a09da5de,,,,,,,PAX1252,PAX1252,,,,,,,FL1479,FL1479,,,,,,,2025-09-07 02:13:00,2025-09-07 02:13:00,,,,,,,false,false,,,,,,,G12,G12,,,,,,
68bdeebe245a927ffb269054,68bb1c4cf209a8b6c3314c8a,FL1427,Qatar Airways,2025-09-06 02:30:00,2025-09-06 02:50:00,G10,20,Dubai,Zurich,68bb1deef209a8b6c3314fca,68bb1e2ff209a8b6c331504a,68bdeebe6d2564f9a09da5e2,68bdeed86d2564f9a09da767,,,,,,,,,,,,,BAG1259,BAG1387,BAG1259,BAG1387,,,,,,,,,,,,,PAX1479,PAX1479,PAX1479,PAX1479,,,,,,,,,,,,,FL1427,FL1427,FL1427,FL1427,,,,,,,,,,,,,Missing,Missing,Missing,Missing,,,,,,,,,,,,,2025-09-08 02:15:32,68bb1d62f209a8b6c3314eb2,68bdeeec6d2564f9a09da882,,,,,,,PAX1479,PAX1479,,,,,,,FL1427,FL1427,,,,,,,2025-09-06 01:45:00,2025-09-06 01:45:00,,,,,,,false,false,,,,,,,G10,G10,,,,,,
68bdeebe245a927ffb269055,68bb1bf5f209a8b6c3314bdc,FL1253,Turkish Airlines,2025-09-02 11:30:00,2025-09-02 12:30:00,G13,60,Dubai,Delhi,,,,,,,,,,,,,,,,,,,,,,,,,,,,,,,,,,,,,,,,,,,,,,,,,,,,,,,,,,,,,,,,,,,,,,,,,,,,,,,,,2025-09-08 02:14:46,,,,,,,,,,,,,,,,,,,,,,,,,,,,,,,,,,,,,,,,,,,,,,,,
68bdeebe245a927ffb269056,68bb1c31f209a8b6c3314c54,FL1373,Etihad,2025-09-04 23:30:00,2025-09-04 23:55:00,G15,25,Dubai,London,68bb1deff209a8b6c3314fcb,68bdeebe6d2564f9a09da5e5,,,,,,,,,,,,,,,BAG1260,BAG1260,,,,,,,,,,,,,,,PAX1352,PAX1352,,,,,,,,,,,,,,,FL1373,FL1373,,,,,,,,,,,,,,,Missing,Missing,,,,,,,,,,,,,,,2025-09-08 02:15:10,68bb1d22f209a8b6c3314e33,68bdeed26d2564f9a09da709,,,,,,,PAX1352,PAX1352,,,,,,,FL1373,FL1373,,,,,,,2025-09-04 21:49:00,2025-09-04 21:49:00,,,,,,,false,false,,,,,,,G15,G15,,,,,,
68bdeebf245a927ffb269057,68bb1bf6f209a8b6c3314bde,FL1255,Turkish Airlines,2025-09-02 12:30:00,2025-09-02 12:45:00,G10,15,Dubai,Bangkok,,,,,,,,,,,,,,,,,,,,,,,,,,,,,,,,,,,,,,,,,,,,,,,,,,,,,,,,,,,,,,,,,,,,,,,,,,,,,,,,,2025-09-08 02:14:46,,,,,,,,,,,,,,,,,,,,,,,,,,,,,,,,,,,,,,,,,,,,,,,,
68bdeebf245a927ffb269058,68bb1bf6f209a8b6c3314bdf,FL1256,Qatar Airways,2025-09-02 13:00:00,2025-09-02 13:00:00,G6,0,Dubai,Rome,,,,,,,,,,,,,,,,,,,,,,,,,,,,,,,,,,,,,,,,,,,,,,,,,,,,,,,,,,,,,,,,,,,,,,,,,,,,,,,,,2025-09-08 02:14:47,,,,,,,,,,,,,,,,,,,,,,,,,,,,,,,,,,,,,,,,,,,,,,,,
68bdeebf245a927ffb269059,68bb1bf7f209a8b6c3314be0,FL1257,Emirates,2025-09-02 13:30:00,2025-09-02 14:00:00,G4,30,Dubai,Toronto,,,,,,,,,,,,,,,,,,,,,,,,,,,,,,,,,,,,,,,,,,,,,,,,,,,,,,,,,,,,,,,,,,,,,,,,,,,,,,,,,2025-09-08 02:14:47,,,,,,,,,,,,,,,,,,,,,,,,,,,,,,,,,,,,,,,,,,,,,,,,
68bdeec0245a927ffb26905a,68bb1bf8f209a8b6c3314be3,FL1260,Emirates,2025-09-02 15:00:00,2025-09-02 15:40:00,G13,40,Dubai,Singapore,,,,,,,,,,,,,,,,,,,,,,,,,,,,,,,,,,,,,,,,,,,,,,,,,,,,,,,,,,,,,,,,,,,,,,,,,,,,,,,,,2025-09-08 02:14:47,,,,,,,,,,,,,,,,,,,,,,,,,,,,,,,,,,,,,,,,,,,,,,,,
68bdeec0245a927ffb26905b,68bb1bfff209a8b6c3314bf1,FL1274,Qatar Airways,2025-09-02 22:00:00,2025-09-02 22:40:00,G2,40,Dubai,Mumbai,,,,,,,,,,,,,,,,,,,,,,,,,,,,,,,,,,,,,,,,,,,,,,,,,,,,,,,,,,,,,,,,,,,,,,,,,,,,,,,,,2025-09-08 02:14:50,68bb1cf4f209a8b6c3314dd8,68bdeebf6d2564f9a09da5fa,,,,,,,PAX1261,PAX1261,,,,,,,FL1274,FL1274,,,,,,,2025-09-02 19:40:00,2025-09-02 19:40:00,,,,,,,false,false,,,,,,,G2,G2,,,,,,
68bdeec0245a927ffb26905c,68bb1bf9f209a8b6c3314be4,FL1261,Lufthansa,2025-09-02 15:30:00,2025-09-02 16:10:00,G20,40,Dubai,Delhi,,,,,,,,,,,,,,,,,,,,,,,,,,,,,,,,,,,,,,,,,,,,,,,,,,,,,,,,,,,,,,,,,,,,,,,,,,,,,,,,,2025-09-08 02:15:32,68bb1d63f209a8b6c3314eb4,68bdeeec6d2564f9a09da888,,,,,,,PAX1481,PAX1481,,,,,,,FL1261,FL1261,,,,,,,2025-09-02 12:40:00,2025-09-02 12:40:00,,,,,,,true,true,,,,,,,G20,G20,,,,,,
68bdeec0245a927ffb26905d,68bb1bfaf209a8b6c3314be6,FL1263,British Airways,2025-09-02 16:30:00,2025-09-02 16:50:00,G12,20,Dubai,Bangkok,,,,,,,,,,,,,,,,,,,,,,,,,,,,,,,,,,,,,,,,,,,,,,,,,,,,,,,,,,,,,,,,,,,,,,,,,,,,,,,,,2025-09-08 02:14:48,,,,,,,,,,,,,,,,,,,,,,,,,,,,,,,,,,,,,,,,,,,,,,,,
68bdeec1245a927ffb26905e,68bb1bfcf209a8b6c3314bea,FL1267,Singapore Airlines,2025-09-02 18:30:00,2025-09-02 19:00:00,G15,30,Dubai,New York,,,,,,,,,,,,,,,,,,,,,,,,,,,,,,,,,,,,,,,,,,,,,,,,,,,,,,,,,,,,,,,,,,,,,,,,,,,,,,,,,2025-09-08 02:14:49,,,,,,,,,,,,,,,,,,,,,,,,,,,,,,,,,,,,,,,,,,,,,,,,
68bdeec2245a927ffb26905f,68bb1bfdf209a8b6c3314bed,FL1270,Qatar Airways,2025-09-02 20:00:00,2025-09-02 20:10:00,G10,10,Dubai,London,,,,,,,,,,,,,,,,,,,,,,,,,,,,,,,,,,,,,,,,,,,,,,,,,,,,,,,,,,,,,,,,,,,,,,,,,,,,,,,,,2025-09-08 02:14:49,,,,,,,,,,,,,,,,,,,,,,,,,,,,,,,,,,,,,,,,,,,,,,,,
68bdeec2245a927ffb269060,68bb1c06f209a8b6c3314bfe,FL1287,Singapore Airlines,2025-09-03 04:30:00,2025-09-03 04:40:00,G15,10,Dubai,Frankfurt,68bb1e27f209a8b6c331503b,68bdeed56d2564f9a09da739,,,,,,,,,,,,,,,BAG1372,BAG1372,,,,,,,,,,,,,,,PAX1270,PAX1270,,,,,,,,,,,,,,,FL1287,FL1287,,,,,,,,,,,,,,,Missing,Missing,,,,,,,,,,,,,,,2025-09-08 02:15:09,68bb1cf9f209a8b6c3314de1,68bdeec16d2564f9a09da617,,,,,,,PAX1270,PAX1270,,,,,,,FL1287,FL1287,,,,,,,2025-09-03 02:01:00,2025-09-03 02:01:00,,,,,,,false,false,,,,,,,G15,G15,,,,,,
68bdeec2245a927ffb269061,68bb1bfef209a8b6c3314bef,FL1272,Singapore Airlines,2025-09-02 21:00:00,2025-09-02 21:20:00,G3,20,Dubai,New York,,,,,,,,,,,,,,,,,,,,,,,,,,,,,,,,,,,,,,,,,,,,,,,,,,,,,,,,,,,,,,,,,,,,,,,,,,,,,,,,,2025-09-08 02:14:50,,,,,,,,,,,,,,,,,,,,,,,,,,,,,,,,,,,,,,,,,,,,,,,,
68bdeec2245a927ffb269062,68bb1c04f209a8b6c3314bfa,FL1283,Etihad,2025-09-03 02:30:00,2025-09-03 03:30:00,G11,60,Dubai,London,,,,,,,,,,,,,,,,,,,,,,,,,,,,,,,,,,,,,,,,,,,,,,,,,,,,,,,,,,,,,,,,,,,,,,,,,,,,,,,,,2025-09-08 02:14:52,68bb1cfaf209a8b6c3314de3,68bdeec26d2564f9a09da61d,,,,,,,PAX1272,PAX1272,,,,,,,FL1283,FL1283,,,,,,,2025-09-03 01:02:00,2025-09-03 01:02:00,,,,,,,false,false,,,,,,,G11,G11,,,,,,
68bdeec3245a927ffb269063,68bb1c00f209a8b6c3314bf2,FL1275,Lufthansa,2025-09-02 22:30:00,2025-09-02 22:50:00,G20,20,Dubai,Bangkok,,,,,,,,,,,,,,,,,,,,,,,,,,,,,,,,,,,,,,,,,,,,,,,,,,,,,,,,,,,,,,,,,,,,,,,,,,,,,,,,,2025-09-08 02:14:50,,,,,,,,,,,,,,,,,,,,,,,,,,,,,,,,,,,,,,,,,,,,,,,,
68bdeec3245a927ffb269064,68bb1c00f209a8b6c3314bf3,FL1276,Turkish Airlines,2025-09-02 23:00:00,2025-09-02 23:40:00,G14,40,Dubai,Delhi,,,,,,,,,,,,,,,,,,,,,,,,,,,,,,,,,,,,,,,,,,,,,,,,,,,,,,,,,,,,,,,,,,,,,,,,,,,,,,,,,2025-09-08 02:15:02,68bb1d18f209a8b6c3314e20,68bdeece6d2564f9a09da6d1,,,,,,,PAX1333,PAX1333,,,,,,,FL1276,FL1276,,,,,,,2025-09-02 20:54:00,2025-09-02 20:54:00,,,,,,,true,true,,,,,,,G14,G14,,,,,,
68bdeec4245a927ffb269065,68bb1c02f209a8b6c3314bf7,FL1280,Etihad,2025-09-03 01:00:00,2025-09-03 01:15:00,G5,15,Dubai,Chicago,,,,,,,,,,,,,,,,,,,,,,,,,,,,,,,,,,,,,,,,,,,,,,,,,,,,,,,,,,,,,,,,,,,,,,,,,,,,,,,,,2025-09-08 02:14:51,,,,,,,,,,,,,,,,,,,,,,,,,,,,,,,,,,,,,,,,,,,,,,,,
68bdeec4245a927ffb269066,68bb1c65f209a8b6c3314cbc,FL1477,Turkish Airlines,2025-09-07 03:30:00,2025-09-07 04:10:00,G19,40,Dubai,Hong Kong,68bb1e38f209a8b6c331505c,68bdeedc6d2564f9a09da79e,,,,,,,,,,,,,,,BAG1405,BAG1405,,,,,,,,,,,,,,,PAX1280,PAX1280,,,,,,,,,,,,,,,FL1477,FL1477,,,,,,,,,,,,,,,Missing,Missing,,,,,,,,,,,,,,,2025-09-08 02:15:31,68bb1cfef209a8b6c3314deb,68bdeec36d2564f9a09da635,,,,,,,PAX1280,PAX1280,,,,,,,FL1477,FL1477,,,,,,,2025-09-07 01:53:00,2025-09-07 01:53:00,,,,,,,true,true,,,,,,,G19,G19,,,,,,
68bdeec5245a927ffb269067,68bb1c06f209a8b6c3314bff,FL1288,Etihad,2025-09-03 05:00:00,2025-09-03 05:20:00,G11,20,Dubai,Los Angeles,,,,,,,,,,,,,,,,,,,,,,,,,,,,,,,,,,,,,,,,,,,,,,,,,,,,,,,,,,,,,,,,,,,,,,,,,,,,,,,,,2025-09-08 02:14:53,,,,,,,,,,,,,,,,,,,,,,,,,,,,,,,,,,,,,,,,,,,,,,,,
68bdeec5245a927ffb269068,68bb1c49f209a8b6c3314c83,FL1420,Turkish Airlines,2025-09-05 23:00:00,2025-09-05 23:40:00,G7,40,Dubai,Frankfurt,68bb1e3ef209a8b6c3315069,68bdeedf6d2564f9a09da7c6,,,,,,,,,,,,,,,BAG1418,BAG1418,,,,,,,,,,,,,,,PAX1287,PAX1287,,,,,,,,,,,,,,,FL1420,FL1420,,,,,,,,,,,,,,,Missing,Missing,,,,,,,,,,,,,,,2025-09-08 02:15:20,68bb1d01f209a8b6c3314df2,68bdeec56d2564f9a09da64b,,,,,,,PAX1287,PAX1287,,,,,,,FL1420,FL1420,,,,,,,2025-09-05 21:38:00,2025-09-05 21:38:00,,,,,,,false,false,,,,,,,G7,G7,,,,,,
68bdeec6245a927ffb269069,68bb1c30f209a8b6c3314c51,FL1370,British Airways,2025-09-04 22:00:00,2025-09-04 22:40:00,G6,40,Dubai,Cape Town,68bb1e01f209a8b6c3314fef,68bdeec56d2564f9a09da651,,,,,,,,,,,,,,,BAG1296,BAG1296,,,,,,,,,,,,,,,PAX1302,PAX1302,,,,,,,,,,,,,,,FL1370,FL1370,,,,,,,,,,,,,,,Loaded,Loaded,,,,,,,,,,,,,,,2025-09-08 02:15:10,68bb1d09f209a8b6c3314e01,68bdeec86d2564f9a09da675,,,,,,,PAX1302,PAX1302,,,,,,,FL1370,FL1370,,,,,,,2025-09-04 19:23:00,2025-09-04 19:23:00,,,,,,,false,false,,,,,,,G6,G6,,,,,,
68bdeec6245a927ffb26906a,68bb1c08f209a8b6c3314c03,FL1292,Turkish Airlines,2025-09-03 07:00:00,2025-09-03 07:40:00,G9,40,Dubai,Bangkok,,,,,,,,,,,,,,,,,,,,,,,,,,,,,,,,,,,,,,,,,,,,,,,,,,,,,,,,,,,,,,,,,,,,,,,,,,,,,,,,,2025-09-08 02:14:54,,,,,,,,,,,,,,,,,,,,,,,,,,,,,,,,,,,,,,,,,,,,,,,,
68bdeec7245a927ffb26906b,68bb1c09f209a8b6c3314c05,FL1294,Qatar Airways,2025-09-03 08:00:00,2025-09-03 08:40:00,G3,40,Dubai,Istanbul,,,,,,,,,,,,,,,,,,,,,,,,,,,,,,,,,,,,,,,,,,,,,,,,,,,,,,,,,,,,,,,,,,,,,,,,,,,,,,,,,2025-09-08 02:15:31,68bb1d60f209a8b6c3314eae,68bdeeeb6d2564f9a09da876,,,,,,,PAX1475,PAX1475,,,,,,,FL1294,FL1294,,,,,,,2025-09-03 05:36:00,2025-09-03 05:36:00,,,,,,,false,false,,,,,,,G3,G3,,,,,,
68bdeec7245a927ffb26906c,68bb1c2df209a8b6c3314c4b,FL1364,Etihad,2025-09-04 19:00:00,2025-09-04 19:20:00,G11,20,Dubai,Singapore,,,,,,,,,,,,,,,,,,,,,,,,,,,,,,,,,,,,,,,,,,,,,,,,,,,,,,,,,,,,,,,,,,,,,,,,,,,,,,,,,2025-09-08 02:15:09,68bb1d05f209a8b6c3314df9,68bdeec66d2564f9a09da65e,,,,,,,PAX1294,PAX1294,,,,,,,FL1364,FL1364,,,,,,,2025-09-04 18:02:00,2025-09-04 18:02:00,,,,,,,true,true,,,,,,,G11,G11,,,,,,
68bdeec7245a927ffb26906d,68bb1c0af209a8b6c3314c06,FL1295,Lufthansa,2025-09-03 08:30:00,2025-09-03 08:55:00,G2,25,Dubai,London,,,,,,,,,,,,,,,,,,,,,,,,,,,,,,,,,,,,,,,,,,,,,,,,,,,,,,,,,,,,,,,,,,,,,,,,,,,,,,,,,2025-09-08 02:14:54,,,,,,,,,,,,,,,,,,,,,,,,,,,,,,,,,,,,,,,,,,,,,,,,
68bdeec7245a927ffb26906e,68bb1c0bf209a8b6c3314c08,FL1297,Turkish Airlines,2025-09-03 09:30:00,2025-09-03 09:40:00,G8,10,Dubai,Chicago,,,,,,,,,,,,,,,,,,,,,,,,,,,,,,,,,,,,,,,,,,,,,,,,,,,,,,,,,,,,,,,,,,,,,,,,,,,,,,,,,2025-09-08 02:14:55,,,,,,,,,,,,,,,,,,,,,,,,,,,,,,,,,,,,,,,,,,,,,,,,
68bdeec8245a927ffb26906f,68bb1c64f209a8b6c3314cba,FL1475,Lufthansa,2025-09-07 02:30:00,2025-09-07 02:50:00,G3,20,Dubai,Zurich,68bb1e05f209a8b6c3314ff7,68bdeec76d2564f9a09da66a,,,,,,,,,,,,,,,BAG1304,BAG1304,,,,,,,,,,,,,,,PAX1434,PAX1434,,,,,,,,,,,,,,,FL1475,FL1475,,,,,,,,,,,,,,,Missing,Missing,,,,,,,,,,,,,,,2025-09-08 02:15:31,68bb1d4bf209a8b6c3314e85,68bdeee26d2564f9a09da7fa,,,,,,,PAX1434,PAX1434,,,,,,,FL1475,FL1475,,,,,,,2025-09-07 00:48:00,2025-09-07 00:48:00,,,,,,,false,false,,,,,,,G3,G3,,,,,,
68bdeec8245a927ffb269070,68bb1c0cf209a8b6c3314c0a,FL1299,Qatar Airways,2025-09-03 10:30:00,2025-09-03 11:05:00,G12,35,Dubai,Delhi,,,,,,,,,,,,,,,,,,,,,,,,,,,,,,,,,,,,,,,,,,,,,,,,,,,,,,,,,,,,,,,,,,,,,,,,,,,,,,,,,2025-09-08 02:14:55,,,,,,,,,,,,,,,,,,,,,,,,,,,,,,,,,,,,,,,,,,,,,,,,
68bdeec8245a927ffb269071,68bb1c0cf209a8b6c3314c0b,FL1300,Qatar Airways,2025-09-03 11:00:00,2025-09-03 11:10:00,G7,10,Dubai,Mumbai,,,,,,,,,,,,,,,,,,,,,,,,,,,,,,,,,,,,,,,,,,,,,,,,,,,,,,,,,,,,,,,,,,,,,,,,,,,,,,,,,2025-09-08 02:14:55,,,,,,,,,,,,,,,,,,,,,,,,,,,,,,,,,,,,,,,,,,,,,,,,
68bdeec8245a927ffb269072,68bb1c0df209a8b6c3314c0c,FL1301,Etihad,2025-09-03 11:30:00,2025-09-03 12:10:00,G9,40,Dubai,Delhi,,,,,,,,,,,,,,,,,,,,,,,,,,,,,,,,,,,,,,,,,,,,,,,,,,,,,,,,,,,,,,,,,,,,,,,,,,,,,,,,,2025-09-08 02:14:56,,,,,,,,,,,,,,,,,,,,,,,,,,,,,,,,,,,,,,,,,,,,,,,,
68bdeec8245a927ffb269073,68bb1c0df209a8b6c3314c0d,FL1302,Qatar Airways,2025-09-03 12:00:00,2025-09-03 12:00:00,G12,0,Dubai,Zurich,,,,,,,,,,,,,,,,,,,,,,,,,,,,,,,,,,,,,,,,,,,,,,,,,,,,,,,,,,,,,,,,,,,,,,,,,,,,,,,,,2025-09-08 02:14:56,,,,,,,,,,,,,,,,,,,,,,,,,,,,,,,,,,,,,,,,,,,,,,,,
68bdeec9245a927ffb269074,68bb1c0ff209a8b6c3314c10,FL1305,Singapore Airlines,2025-09-03 13:30:00,2025-09-03 13:45:00,G4,15,Dubai,Doha,,,,,,,,,,,,,,,,,,,,,,,,,,,,,,,,,,,,,,,,,,,,,,,,,,,,,,,,,,,,,,,,,,,,,,,,,,,,,,,,,2025-09-08 02:14:56,,,,,,,,,,,,,,,,,,,,,,,,,,,,,,,,,,,,,,,,,,,,,,,,
68bdeec9245a927ffb269075,68bb1c10f209a8b6c3314c12,FL1307,British Airways,2025-09-03 14:30:00,2025-09-03 14:50:00,G4,20,Dubai,Mumbai,,,,,,,,,,,,,,,,,,,,,,,,,,,,,,,,,,,,,,,,,,,,,,,,,,,,,,,,,,,,,,,,,,,,,,,,,,,,,,,,,2025-09-08 02:14:57,,,,,,,,,,,,,,,,,,,,,,,,,,,,,,,,,,,,,,,,,,,,,,,,
68bdeec9245a927ffb269076,68bb1c10f209a8b6c3314c13,FL1308,Emirates,2025-09-03 15:00:00,2025-09-03 15:30:00,G12,30,Dubai,Mumbai,,,,,,,,,,,,,,,,,,,,,,,,,,,,,,,,,,,,,,,,,,,,,,,,,,,,,,,,,,,,,,,,,,,,,,,,,,,,,,,,,2025-09-08 02:14:57,,,,,,,,,,,,,,,,,,,,,,,,,,,,,,,,,,,,,,,,,,,,,,,,
68bdeeca245a927ffb269077,68bb1c11f209a8b6c3314c15,FL1310,Singapore Airlines,2025-09-03 16:00:00,2025-09-03 17:00:00,G20,60,Dubai,Frankfurt,,,,,,,,,,,,,,,,,,,,,,,,,,,,,,,,,,,,,,,,,,,,,,,,,,,,,,,,,,,,,,,,,,,,,,,,,,,,,,,,,2025-09-08 02:14:57,,,,,,,,,,,,,,,,,,,,,,,,,,,,,,,,,,,,,,,,,,,,,,,,
68bdeeca245a927ffb269078,68bb1c12f209a8b6c3314c17,FL1312,Turkish Airlines,2025-09-03 17:00:00,2025-09-03 17:15:00,G11,15,Dubai,Tokyo,,,,,,,,,,,,,,,,,,,,,,,,,,,,,,,,,,,,,,,,,,,,,,,,,,,,,,,,,,,,,,,,,,,,,,,,,,,,,,,,,2025-09-08 02:14:58,,,,,,,,,,,,,,,,,,,,,,,,,,,,,,,,,,,,,,,,,,,,,,,,
68bdeecb245a927ffb269079,68bb1c13f209a8b6c3314c19,FL1314,Lufthansa,2025-09-03 18:00:00,2025-09-03 18:15:00,G1,15,Dubai,New York,,,,,,,,,,,,,,,,,,,,,,,,,,,,,,,,,,,,,,,,,,,,,,,,,,,,,,,,,,,,,,,,,,,,,,,,,,,,,,,,,2025-09-08 02:14:58,,,,,,,,,,,,,,,,,,,,,,,,,,,,,,,,,,,,,,,,,,,,,,,,
68bdeecb245a927ffb26907a,68bb1c14f209a8b6c3314c1a,FL1315,Lufthansa,2025-09-03 18:30:00,2025-09-03 19:10:00,G2,40,Dubai,Rome,,,,,,,,,,,,,,,,,,,,,,,,,,,,,,,,,,,,,,,,,,,,,,,,,,,,,,,,,,,,,,,,,,,,,,,,,,,,,,,,,2025-09-08 02:14:58,,,,,,,,,,,,,,,,,,,,,,,,,,,,,,,,,,,,,,,,,,,,,,,,
68bdeecb245a927ffb26907b,68bb1c15f209a8b6c3314c1c,FL1317,Emirates,2025-09-03 19:30:00,2025-09-03 19:45:00,G14,15,Dubai,Istanbul,,,,,,,,,,,,,,,,,,,,,,,,,,,,,,,,,,,,,,,,,,,,,,,,,,,,,,,,,,,,,,,,,,,,,,,,,,,,,,,,,2025-09-08 02:14:59,,,,,,,,,,,,,,,,,,,,,,,,,,,,,,,,,,,,,,,,,,,,,,,,
68bdeecc245a927ffb26907c,68bb1c17f209a8b6c3314c1f,FL1320,Etihad,2025-09-03 21:00:00,2025-09-03 22:00:00,G5,60,Dubai,Istanbul,,,,,,,,,,,,,,,,,,,,,,,,,,,,,,,,,,,,,,,,,,,,,,,,,,,,,,,,,,,,,,,,,,,,,,,,,,,,,,,,,2025-09-08 02:14:59,,,,,,,,,,,,,,,,,,,,,,,,,,,,,,,,,,,,,,,,,,,,,,,,
68bdeecd245a927ffb26907d,68bb1c1af209a8b6c3314c26,FL1327,Qatar Airways,2025-09-04 00:30:00,2025-09-04 00:45:00,G8,15,Dubai,Rome,,,,,,,,,,,,,,,,,,,,,,,,,,,,,,,,,,,,,,,,,,,,,,,,,,,,,,,,,,,,,,,,,,,,,,,,,,,,,,,,,2025-09-08 02:15:01,,,,,,,,,,,,,,,,,,,,,,,,,,,,,,,,,,,,,,,,,,,,,,,,
68bdeecd245a927ffb26907e,68bb1c1bf209a8b6c3314c27,FL1328,Emirates,2025-09-04 01:00:00,2025-09-04 01:35:00,G12,35,Dubai,Singapore,,,,,,,,,,,,,,,,,,,,,,,,,,,,,,,,,,,,,,,,,,,,,,,,,,,,,,,,,,,,,,,,,,,,,,,,,,,,,,,,,2025-09-08 02:15:01,,,,,,,,,,,,,,,,,,,,,,,,,,,,,,,,,,,,,,,,,,,,,,,,
68bdeece245a927ffb26907f,68bb1c1bf209a8b6c3314c28,FL1329,Air India,2025-09-04 01:30:00,2025-09-04 02:30:00,G7,60,Dubai,Doha,,,,,,,,,,,,,,,,,,,,,,,,,,,,,,,,,,,,,,,,,,,,,,,,,,,,,,,,,,,,,,,,,,,,,,,,,,,,,,,,,2025-09-08 02:15:01,,,,,,,,,,,,,,,,,,,,,,,,,,,,,,,,,,,,,,,,,,,,,,,,
68bdeece245a927ffb269080,68bb1c1cf209a8b6c3314c2a,FL1331,Emirates,2025-09-04 02:30:00,2025-09-04 02:40:00,G11,10,Dubai,London,,,,,,,,,,,,,,,,,,,,,,,,,,,,,,,,,,,,,,,,,,,,,,,,,,,,,,,,,,,,,,,,,,,,,,,,,,,,,,,,,2025-09-08 02:15:02,,,,,,,,,,,,,,,,,,,,,,,,,,,,,,,,,,,,,,,,,,,,,,,,
68bdeece245a927ffb269081,68bb1c1df209a8b6c3314c2c,FL1333,Qatar Airways,2025-09-04 03:30:00,2025-09-04 04:05:00,G7,35,Dubai,New York,,,,,,,,,,,,,,,,,,,,,,,,,,,,,,,,,,,,,,,,,,,,,,,,,,,,,,,,,,,,,,,,,,,,,,,,,,,,,,,,,2025-09-08 02:15:02,,,,,,,,,,,,,,,,,,,,,,,,,,,,,,,,,,,,,,,,,,,,,,,,
68bdeed0245a927ffb269082,68bb1c20f209a8b6c3314c31,FL1338,Qatar Airways,2025-09-04 06:00:00,2025-09-04 06:00:00,G12,0,Dubai,Rome,,,,,,,,,,,,,,,,,,,,,,,,,,,,,,,,,,,,,,,,,,,,,,,,,,,,,,,,,,,,,,,,,,,,,,,,,,,,,,,,,2025-09-08 02:15:09,68bb1d28f209a8b6c3314e40,68bdeed56d2564f9a09da72f,,,,,,,PAX1365,PAX1365,,,,,,,FL1338,FL1338,,,,,,,2025-09-04 03:16:00,2025-09-04 03:16:00,,,,,,,true,true,,,,,,,G12,G12,,,,,,
68bdeed0245a927ffb269083,68bb1c69f209a8b6c3314cc4,FL1485,British Airways,2025-09-07 07:30:00,2025-09-07 07:55:00,G7,25,Dubai,Mumbai,,,,,,,,,,,,,,,,,,,,,,,,,,,,,,,,,,,,,,,,,,,,,,,,,,,,,,,,,,,,,,,,,,,,,,,,,,,,,,,,,2025-09-08 02:15:33,68bb1d1bf209a8b6c3314e26,68bdeecf6d2564f9a09da6e1,,,,,,,PAX1339,PAX1339,,,,,,,FL1485,FL1485,,,,,,,2025-09-07 05:04:00,2025-09-07 05:04:00,,,,,,,true,true,,,,,,,G7,G7,,,,,,
68bdeed0245a927ffb269084,68bb1c20f209a8b6c3314c32,FL1339,Turkish Airlines,2025-09-04 06:30:00,2025-09-04 06:50:00,G8,20,Dubai,Cape Town,,,,,,,,,,,,,,,,,,,,,,,,,,,,,,,,,,,,,,,,,,,,,,,,,,,,,,,,,,,,,,,,,,,,,,,,,,,,,,,,,2025-09-08 02:15:03,,,,,,,,,,,,,,,,,,,,,,,,,,,,,,,,,,,,,,,,,,,,,,,,
68bdeed0245a927ffb269085,68bb1c22f209a8b6c3314c35,FL1342,Turkish Airlines,2025-09-04 08:00:00,2025-09-04 08:00:00,G12,0,Dubai,Hong Kong,,,,,,,,,,,,,,,,,,,,,,,,,,,,,,,,,,,,,,,,,,,,,,,,,,,,,,,,,,,,,,,,,,,,,,,,,,,,,,,,,2025-09-08 02:15:08,68bb1d27f209a8b6c3314e3d,68bdeed46d2564f9a09da726,,,,,,,PAX1362,PAX1362,,,,,,,FL1342,FL1342,,,,,,,2025-09-04 06:54:00,2025-09-04 06:54:00,,,,,,,true,true,,,,,,,G12,G12,,,,,,
68bdeed1245a927ffb269086,68bb1c22f209a8b6c3314c36,FL1343,Lufthansa,2025-09-04 08:30:00,2025-09-04 08:45:00,G20,15,Dubai,Singapore,,,,,,,,,,,,,,,,,,,,,,,,,,,,,,,,,,,,,,,,,,,,,,,,,,,,,,,,,,,,,,,,,,,,,,,,,,,,,,,,,2025-09-08 02:15:14,68bb1d34f209a8b6c3314e58,68bdeed96d2564f9a09da776,,,,,,,PAX1389,PAX1389,,,,,,,FL1343,FL1343,,,,,,,2025-09-04 07:09:00,2025-09-04 07:09:00,,,,,,,false,false,,,,,,,G20,G20,,,,,,
68bdeed1245a927ffb269087,68bb1c23f209a8b6c3314c37,FL1344,Turkish Airlines,2025-09-04 09:00:00,2025-09-04 09:10:00,G7,10,Dubai,London,,,,,,,,,,,,,,,,,,,,,,,,,,,,,,,,,,,,,,,,,,,,,,,,,,,,,,,,,,,,,,,,,,,,,,,,,,,,,,,,,2025-09-08 02:15:05,,,,,,,,,,,,,,,,,,,,,,,,,,,,,,,,,,,,,,,,,,,,,,,,
68bdeed1245a927ffb269088,68bb1c23f209a8b6c3314c38,FL1345,Emirates,2025-09-04 09:30:00,2025-09-04 09:30:00,G2,0,Dubai,Amsterdam,,,,,,,,,,,,,,,,,,,,,,,,,,,,,,,,,,,,,,,,,,,,,,,,,,,,,,,,,,,,,,,,,,,,,,,,,,,,,,,,,2025-09-08 02:15:05,,,,,,,,,,,,,,,,,,,,,,,,,,,,,,,,,,,,,,,,,,,,,,,,
68bdeed1245a927ffb269089,68bb1c24f209a8b6c3314c39,FL1346,Emirates,2025-09-04 10:00:00,2025-09-04 10:15:00,G15,15,Dubai,Sydney,,,,,,,,,,,,,,,,,,,,,,,,,,,,,,,,,,,,,,,,,,,,,,,,,,,,,,,,,,,,,,,,,,,,,,,,,,,,,,,,,2025-09-08 02:15:05,,,,,,,,,,,,,,,,,,,,,,,,,,,,,,,,,,,,,,,,,,,,,,,,
68bdeed2245a927ffb26908a,68bb1c25f209a8b6c3314c3b,FL1348,Lufthansa,2025-09-04 11:00:00,2025-09-04 11:10:00,G7,10,Dubai,Sydney,,,,,,,,,,,,,,,,,,,,,,,,,,,,,,,,,,,,,,,,,,,,,,,,,,,,,,,,,,,,,,,,,,,,,,,,,,,,,,,,,2025-09-08 02:15:05,,,,,,,,,,,,,,,,,,,,,,,,,,,,,,,,,,,,,,,,,,,,,,,,
68bdeed2245a927ffb26908b,68bb1c25f209a8b6c3314c3c,FL1349,Etihad,2025-09-04 11:30:00,2025-09-04 11:45:00,G19,15,Dubai,Mumbai,,,,,,,,,,,,,,,,,,,,,,,,,,,,,,,,,,,,,,,,,,,,,,,,,,,,,,,,,,,,,,,,,,,,,,,,,,,,,,,,,2025-09-08 02:15:06,,,,,,,,,,,,,,,,,,,,,,,,,,,,,,,,,,,,,,,,,,,,,,,,
68bdeed2245a927ffb26908c,68bb1c26f209a8b6c3314c3e,FL1351,Emirates,2025-09-04 12:30:00,2025-09-04 13:05:00,G11,35,Dubai,Rome,,,,,,,,,,,,,,,,,,,,,,,,,,,,,,,,,,,,,,,,,,,,,,,,,,,,,,,,,,,,,,,,,,,,,,,,,,,,,,,,,2025-09-08 02:15:06,,,,,,,,,,,,,,,,,,,,,,,,,,,,,,,,,,,,,,,,,,,,,,,,
68bdeed3245a927ffb26908d,68bb1c27f209a8b6c3314c40,FL1353,Etihad,2025-09-04 13:30:00,2025-09-04 13:30:00,G10,0,Dubai,Rome,,,,,,,,,,,,,,,,,,,,,,,,,,,,,,,,,,,,,,,,,,,,,,,,,,,,,,,,,,,,,,,,,,,,,,,,,,,,,,,,,2025-09-08 02:15:06,,,,,,,,,,,,,,,,,,,,,,,,,,,,,,,,,,,,,,,,,,,,,,,,
68bdeed3245a927ffb26908e,68bb1c28f209a8b6c3314c42,FL1355,British Airways,2025-09-04 14:30:00,2025-09-04 14:50:00,G16,20,Dubai,Frankfurt,,,,,,,,,,,,,,,,,,,,,,,,,,,,,,,,,,,,,,,,,,,,,,,,,,,,,,,,,,,,,,,,,,,,,,,,,,,,,,,,,2025-09-08 02:15:07,,,,,,,,,,,,,,,,,,,,,,,,,,,,,,,,,,,,,,,,,,,,,,,,
68bdeed3245a927ffb26908f,68bb1c49f209a8b6c3314c84,FL1421,British Airways,2025-09-05 23:30:00,2025-09-05 23:45:00,G2,15,Dubai,Sydney,,,,,,,,,,,,,,,,,,,,,,,,,,,,,,,,,,,,,,,,,,,,,,,,,,,,,,,,,,,,,,,,,,,,,,,,,,,,,,,,,2025-09-08 02:15:20,68bb1d24f209a8b6c3314e37,68bdeed36d2564f9a09da714,,,,,,,PAX1356,PAX1356,,,,,,,FL1421,FL1421,,,,,,,2025-09-05 23:00:00,2025-09-05 23:00:00,,,,,,,true,true,,,,,,,G2,G2,,,,,,
68bdeed4245a927ffb269090,68bb1c2bf209a8b6c3314c48,FL1361,Singapore Airlines,2025-09-04 17:30:00,2025-09-04 17:40:00,G20,10,Dubai,Cape Town,,,,,,,,,,,,,,,,,,,,,,,,,,,,,,,,,,,,,,,,,,,,,,,,,,,,,,,,,,,,,,,,,,,,,,,,,,,,,,,,,2025-09-08 02:15:08,,,,,,,,,,,,,,,,,,,,,,,,,,,,,,,,,,,,,,,,,,,,,,,,
68bdeed5245a927ffb269091,68bb1c2ef209a8b6c3314c4d,FL1366,Etihad,2025-09-04 20:00:00,2025-09-04 20:40:00,G12,40,Dubai,Rome,,,,,,,,,,,,,,,,,,,,,,,,,,,,,,,,,,,,,,,,,,,,,,,,,,,,,,,,,,,,,,,,,,,,,,,,,,,,,,,,,2025-09-08 02:15:11,68bb1d2ef209a8b6c3314e4c,68bdeed76d2564f9a09da753,,,,,,,PAX1377,PAX1377,,,,,,,FL1366,FL1366,,,,,,,2025-09-04 18:01:00,2025-09-04 18:01:00,,,,,,,true,true,,,,,,,G12,G12,,,,,,
68bdeed6245a927ffb269092,68bb1c2ef209a8b6c3314c4e,FL1367,Etihad,2025-09-04 20:30:00,2025-09-04 20:40:00,G8,10,Dubai,Cape Town,,,,,,,,,,,,,,,,,,,,,,,,,,,,,,,,,,,,,,,,,,,,,,,,,,,,,,,,,,,,,,,,,,,,,,,,,,,,,,,,,2025-09-08 02:15:14,68bb1d37f209a8b6c3314e5d,68bdeeda6d2564f9a09da783,,,,,,,PAX1394,PAX1394,,,,,,,FL1367,FL1367,,,,,,,2025-09-04 19:51:00,2025-09-04 19:51:00,,,,,,,false,false,,,,,,,G8,G8,,,,,,
68bdeed6245a927ffb269093,68bb1c5af209a8b6c3314ca6,FL1455,Emirates,2025-09-06 16:30:00,2025-09-06 16:50:00,G20,20,Dubai,Chicago,68bb1e4df209a8b6c3315086,68bdeee56d2564f9a09da821,,,,,,,,,,,,,,,BAG1447,BAG1447,,,,,,,,,,,,,,,PAX1369,PAX1369,,,,,,,,,,,,,,,FL1455,FL1455,,,,,,,,,,,,,,,Missing,Missing,,,,,,,,,,,,,,,2025-09-08 02:15:27,68bb1d2af209a8b6c3314e44,68bdeed56d2564f9a09da73b,,,,,,,PAX1369,PAX1369,,,,,,,FL1455,FL1455,,,,,,,2025-09-06 14:32:00,2025-09-06 14:32:00,,,,,,,true,true,,,,,,,G20,G20,,,,,,
68bdeed6245a927ffb269094,68bb1c2ff209a8b6c3314c50,FL1369,Etihad,2025-09-04 21:30:00,2025-09-04 21:50:00,G1,20,Dubai,Amsterdam,,,,,,,,,,,,,,,,,,,,,,,,,,,,,,,,,,,,,,,,,,,,,,,,,,,,,,,,,,,,,,,,,,,,,,,,,,,,,,,,,2025-09-08 02:15:10,,,,,,,,,,,,,,,,,,,,,,,,,,,,,,,,,,,,,,,,,,,,,,,,
68bdeed7245a927ffb269095,68bb1c31f209a8b6c3314c53,FL1372,Singapore Airlines,2025-09-04 23:00:00,2025-09-04 23:25:00,G1,25,Dubai,Zurich,,,,,,,,,,,,,,,,,,,,,,,,,,,,,,,,,,,,,,,,,,,,,,,,,,,,,,,,,,,,,,,,,,,,,,,,,,,,,,,,,2025-09-08 02:15:10,,,,,,,,,,,,,,,,,,,,,,,,,,,,,,,,,,,,,,,,,,,,,,,,
68bdeed8245a927ffb269096,68bb1c34f209a8b6c3314c5a,FL1379,Singapore Airlines,2025-09-05 02:30:00,2025-09-05 02:45:00,G11,15,Dubai,Istanbul,,,,,,,,,,,,,,,,,,,,,,,,,,,,,,,,,,,,,,,,,,,,,,,,,,,,,,,,,,,,,,,,,,,,,,,,,,,,,,,,,2025-09-08 02:15:12,,,,,,,,,,,,,,,,,,,,,,,,,,,,,,,,,,,,,,,,,,,,,,,,
68bdeed8245a927ffb269097,68bb1c35f209a8b6c3314c5b,FL1380,Turkish Airlines,2025-09-05 03:00:00,2025-09-05 03:10:00,G20,10,Dubai,Hong Kong,,,,,,,,,,,,,,,,,,,,,,,,,,,,,,,,,,,,,,,,,,,,,,,,,,,,,,,,,,,,,,,,,,,,,,,,,,,,,,,,,2025-09-08 02:15:12,,,,,,,,,,,,,,,,,,,,,,,,,,,,,,,,,,,,,,,,,,,,,,,,
68bdeed8245a927ffb269098,68bb1c35f209a8b6c3314c5c,FL1381,Singapore Airlines,2025-09-05 03:30:00,2025-09-05 04:10:00,G13,40,Dubai,Doha,,,,,,,,,,,,,,,,,,,,,,,,,,,,,,,,,,,,,,,,,,,,,,,,,,,,,,,,,,,,,,,,,,,,,,,,,,,,,,,,,2025-09-08 02:15:12,,,,,,,,,,,,,,,,,,,,,,,,,,,,,,,,,,,,,,,,,,,,,,,,
68bdeed9245a927ffb269099,68bb1c37f209a8b6c3314c60,FL1385,Turkish Airlines,2025-09-05 05:30:00,2025-09-05 05:55:00,G1,25,Dubai,Tokyo,,,,,,,,,,,,,,,,,,,,,,,,,,,,,,,,,,,,,,,,,,,,,,,,,,,,,,,,,,,,,,,,,,,,,,,,,,,,,,,,,2025-09-08 02:15:13,,,,,,,,,,,,,,,,,,,,,,,,,,,,,,,,,,,,,,,,,,,,,,,,
68bdeeda245a927ffb26909a,68bb1c3ff209a8b6c3314c6f,FL1400,Turkish Airlines,2025-09-05 13:00:00,2025-09-05 13:30:00,G6,30,Dubai,Toronto,,,,,,,,,,,,,,,,,,,,,,,,,,,,,,,,,,,,,,,,,,,,,,,,,,,,,,,,,,,,,,,,,,,,,,,,,,,,,,,,,2025-09-08 02:15:16,68bb1d33f209a8b6c3314e56,68bdeed96d2564f9a09da770,,,,,,,PAX1387,PAX1387,,,,,,,FL1400,FL1400,,,,,,,2025-09-05 11:01:00,2025-09-05 11:01:00,,,,,,,true,true,,,,,,,G6,G6,,,,,,
68bdeeda245a927ffb26909b,68bb1c38f209a8b6c3314c62,FL1387,Qatar Airways,2025-09-05 06:30:00,2025-09-05 06:55:00,G18,25,Dubai,Sydney,,,,,,,,,,,,,,,,,,,,,,,,,,,,,,,,,,,,,,,,,,,,,,,,,,,,,,,,,,,,,,,,,,,,,,,,,,,,,,,,,2025-09-08 02:15:13,,,,,,,,,,,,,,,,,,,,,,,,,,,,,,,,,,,,,,,,,,,,,,,,
68bdeeda245a927ffb26909c,68bb1c39f209a8b6c3314c63,FL1388,Emirates,2025-09-05 07:00:00,2025-09-05 07:25:00,G13,25,Dubai,Chicago,,,,,,,,,,,,,,,,,,,,,,,,,,,,,,,,,,,,,,,,,,,,,,,,,,,,,,,,,,,,,,,,,,,,,,,,,,,,,,,,,2025-09-08 02:15:13,,,,,,,,,,,,,,,,,,,,,,,,,,,,,,,,,,,,,,,,,,,,,,,,
68bdeeda245a927ffb26909d,68bb1c39f209a8b6c3314c64,FL1389,Lufthansa,2025-09-05 07:30:00,2025-09-05 07:55:00,G15,25,Dubai,Hong Kong,,,,,,,,,,,,,,,,,,,,,,,,,,,,,,,,,,,,,,,,,,,,,,,,,,,,,,,,,,,,,,,,,,,,,,,,,,,,,,,,,2025-09-08 02:15:14,,,,,,,,,,,,,,,,,,,,,,,,,,,,,,,,,,,,,,,,,,,,,,,,
68bdeedb245a927ffb26909e,68bb1c3bf209a8b6c3314c67,FL1392,Lufthansa,2025-09-05 09:00:00,2025-09-05 09:20:00,G5,20,Dubai,Singapore,,,,,,,,,,,,,,,,,,,,,,,,,,,,,,,,,,,,,,,,,,,,,,,,,,,,,,,,,,,,,,,,,,,,,,,,,,,,,,,,,2025-09-08 02:15:14,,,,,,,,,,,,,,,,,,,,,,,,,,,,,,,,,,,,,,,,,,,,,,,,
68bdeedb245a927ffb26909f,68bb1c3df209a8b6c3314c6b,FL1396,Turkish Airlines,2025-09-05 11:00:00,2025-09-05 11:35:00,G13,35,Dubai,Amsterdam,,,,,,,,,,,,,,,,,,,,,,,,,,,,,,,,,,,,,,,,,,,,,,,,,,,,,,,,,,,,,,,,,,,,,,,,,,,,,,,,,2025-09-08 02:15:15,,,,,,,,,,,,,,,,,,,,,,,,,,,,,,,,,,,,,,,,,,,,,,,,
68bdeedc245a927ffb2690a0,68bb1c3df209a8b6c3314c6c,FL1397,Singapore Airlines,2025-09-05 11:30:00,2025-09-05 11:30:00,G19,0,Dubai,Doha,,,,,,,,,,,,,,,,,,,,,,,,,,,,,,,,,,,,,,,,,,,,,,,,,,,,,,,,,,,,,,,,,,,,,,,,,,,,,,,,,2025-09-08 02:15:15,,,,,,,,,,,,,,,,,,,,,,,,,,,,,,,,,,,,,,,,,,,,,,,,
68bdeedd245a927ffb2690a1,68bb1c41f209a8b6c3314c73,FL1404,Qatar Airways,2025-09-05 15:00:00,2025-09-05 15:25:00,G7,25,Dubai,Chicago,,,,,,,,,,,,,,,,,,,,,,,,,,,,,,,,,,,,,,,,,,,,,,,,,,,,,,,,,,,,,,,,,,,,,,,,,,,,,,,,,2025-09-08 02:15:17,,,,,,,,,,,,,,,,,,,,,,,,,,,,,,,,,,,,,,,,,,,,,,,,
68bdeede245a927ffb2690a2,68bb1c42f209a8b6c3314c76,FL1407,Air India,2025-09-05 16:30:00,2025-09-05 17:10:00,G9,40,Dubai,Rome,,,,,,,,,,,,,,,,,,,,,,,,,,,,,,,,,,,,,,,,,,,,,,,,,,,,,,,,,,,,,,,,,,,,,,,,,,,,,,,,,2025-09-08 02:15:22,68bb1d45f209a8b6c3314e78,68bb1d4af209a8b6c3314e82,68bdeee06d2564f9a09da7d4,68bdeee26d2564f9a09da7f1,,,,,PAX1421,PAX1431,PAX1421,PAX1431,,,,,FL1407,FL1407,FL1407,FL1407,,,,,2025-09-05 14:59:00,2025-09-05 15:52:00,2025-09-05 14:59:00,2025-09-05 15:52:00,,,,,false,false,false,false,,,,,G9,G9,G9,G9,,,,
68bdeede245a927ffb2690a3,68bb1c43f209a8b6c3314c77,FL1408,Emirates,2025-09-05 17:00:00,2025-09-05 17:35:00,G7,35,Dubai,Tokyo,,,,,,,,,,,,,,,,,,,,,,,,,,,,,,,,,,,,,,,,,,,,,,,,,,,,,,,,,,,,,,,,,,,,,,,,,,,,,,,,,2025-09-08 02:15:18,,,,,,,,,,,,,,,,,,,,,,,,,,,,,,,,,,,,,,,,,,,,,,,,
68bdeede245a927ffb2690a4,68bb1c43f209a8b6c3314c78,FL1409,Emirates,2025-09-05 17:30:00,2025-09-05 18:00:00,G7,30,Dubai,Frankfurt,,,,,,,,,,,,,,,,,,,,,,,,,,,,,,,,,,,,,,,,,,,,,,,,,,,,,,,,,,,,,,,,,,,,,,,,,,,,,,,,,2025-09-08 02:15:27,68bb1d57f209a8b6c3314e9d,68bdeee76d2564f9a09da841,,,,,,,PAX1458,PAX1458,,,,,,,FL1409,FL1409,,,,,,,2025-09-05 16:28:00,2025-09-05 16:28:00,,,,,,,false,false,,,,,,,G7,G7,,,,,,
68bdeedf245a927ffb2690a5,68bb1c46f209a8b6c3314c7d,FL1414,Qatar Airways,2025-09-05 20:00:00,2025-09-05 20:40:00,G2,40,Dubai,Rome,,,,,,,,,,,,,,,,,,,,,,,,,,,,,,,,,,,,,,,,,,,,,,,,,,,,,,,,,,,,,,,,,,,,,,,,,,,,,,,,,2025-09-08 02:15:19,,,,,,,,,,,,,,,,,,,,,,,,,,,,,,,,,,,,,,,,,,,,,,,,
68bdeedf245a927ffb2690a6,68bb1c46f209a8b6c3314c7e,FL1415,Lufthansa,2025-09-05 20:30:00,2025-09-05 20:50:00,G19,20,Dubai,Tokyo,,,,,,,,,,,,,,,,,,,,,,,,,,,,,,,,,,,,,,,,,,,,,,,,,,,,,,,,,,,,,,,,,,,,,,,,,,,,,,,,,2025-09-08 02:15:19,,,,,,,,,,,,,,,,,,,,,,,,,,,,,,,,,,,,,,,,,,,,,,,,
68bdeee0245a927ffb2690a7,68bb1c47f209a8b6c3314c80,FL1417,British Airways,2025-09-05 21:30:00,2025-09-05 22:00:00,G20,30,Dubai,Doha,,,,,,,,,,,,,,,,,,,,,,,,,,,,,,,,,,,,,,,,,,,,,,,,,,,,,,,,,,,,,,,,,,,,,,,,,,,,,,,,,2025-09-08 02:15:19,,,,,,,,,,,,,,,,,,,,,,,,,,,,,,,,,,,,,,,,,,,,,,,,
68bdeee1245a927ffb2690a8,68bb1c4af209a8b6c3314c85,FL1422,British Airways,2025-09-06 00:00:00,2025-09-06 00:10:00,G1,10,Dubai,London,,,,,,,,,,,,,,,,,,,,,,,,,,,,,,,,,,,,,,,,,,,,,,,,,,,,,,,,,,,,,,,,,,,,,,,,,,,,,,,,,2025-09-08 02:15:20,,,,,,,,,,,,,,,,,,,,,,,,,,,,,,,,,,,,,,,,,,,,,,,,
68bdeee1245a927ffb2690a9,68bb1c4bf209a8b6c3314c87,FL1424,Turkish Airlines,2025-09-06 01:00:00,2025-09-06 01:35:00,G3,35,Dubai,Mumbai,,,,,,,,,,,,,,,,,,,,,,,,,,,,,,,,,,,,,,,,,,,,,,,,,,,,,,,,,,,,,,,,,,,,,,,,,,,,,,,,,2025-09-08 02:15:21,,,,,,,,,,,,,,,,,,,,,,,,,,,,,,,,,,,,,,,,,,,,,,,,
68bdeee1245a927ffb2690aa,68bb1c4bf209a8b6c3314c88,FL1425,Singapore Airlines,2025-09-06 01:30:00,2025-09-06 01:55:00,G18,25,Dubai,Hong Kong,,,,,,,,,,,,,,,,,,,,,,,,,,,,,,,,,,,,,,,,,,,,,,,,,,,,,,,,,,,,,,,,,,,,,,,,,,,,,,,,,2025-09-08 02:15:21,,,,,,,,,,,,,,,,,,,,,,,,,,,,,,,,,,,,,,,,,,,,,,,,
68bdeee2245a927ffb2690ab,68bb1c4df209a8b6c3314c8b,FL1428,Air India,2025-09-06 03:00:00,2025-09-06 03:40:00,G11,40,Dubai,Delhi,,,,,,,,,,,,,,,,,,,,,,,,,,,,,,,,,,,,,,,,,,,,,,,,,,,,,,,,,,,,,,,,,,,,,,,,,,,,,,,,,2025-09-08 02:15:22,,,,,,,,,,,,,,,,,,,,,,,,,,,,,,,,,,,,,,,,,,,,,,,,
68bdeee2245a927ffb2690ac,68bb1c4ef209a8b6c3314c8d,FL1430,Emirates,2025-09-06 04:00:00,2025-09-06 04:20:00,G6,20,Dubai,Amsterdam,,,,,,,,,,,,,,,,,,,,,,,,,,,,,,,,,,,,,,,,,,,,,,,,,,,,,,,,,,,,,,,,,,,,,,,,,,,,,,,,,2025-09-08 02:15:22,,,,,,,,,,,,,,,,,,,,,,,,,,,,,,,,,,,,,,,,,,,,,,,,
68bdeee3245a927ffb2690ad,68bb1c4ef209a8b6c3314c8e,FL1431,Turkish Airlines,2025-09-06 04:30:00,2025-09-06 04:50:00,G5,20,Dubai,Mumbai,,,,,,,,,,,,,,,,,,,,,,,,,,,,,,,,,,,,,,,,,,,,,,,,,,,,,,,,,,,,,,,,,,,,,,,,,,,,,,,,,2025-09-08 02:15:22,,,,,,,,,,,,,,,,,,,,,,,,,,,,,,,,,,,,,,,,,,,,,,,,
68bdeee3245a927ffb2690ae,68bb1c4ff209a8b6c3314c90,FL1433,British Airways,2025-09-06 05:30:00,2025-09-06 06:30:00,G15,60,Dubai,Zurich,,,,,,,,,,,,,,,,,,,,,,,,,,,,,,,,,,,,,,,,,,,,,,,,,,,,,,,,,,,,,,,,,,,,,,,,,,,,,,,,,2025-09-08 02:15:23,,,,,,,,,,,,,,,,,,,,,,,,,,,,,,,,,,,,,,,,,,,,,,,,
68bdeee3245a927ffb2690af,68bb1c50f209a8b6c3314c91,FL1434,Emirates,2025-09-06 06:00:00,2025-09-06 06:30:00,G11,30,Dubai,Mumbai,,,,,,,,,,,,,,,,,,,,,,,,,,,,,,,,,,,,,,,,,,,,,,,,,,,,,,,,,,,,,,,,,,,,,,,,,,,,,,,,,2025-09-08 02:15:23,,,,,,,,,,,,,,,,,,,,,,,,,,,,,,,,,,,,,,,,,,,,,,,,
68bdeee4245a927ffb2690b0,68bb1c51f209a8b6c3314c93,FL1436,Singapore Airlines,2025-09-06 07:00:00,2025-09-06 07:25:00,G6,25,Dubai,Toronto,,,,,,,,,,,,,,,,,,,,,,,,,,,,,,,,,,,,,,,,,,,,,,,,,,,,,,,,,,,,,,,,,,,,,,,,,,,,,,,,,2025-09-08 02:15:23,,,,,,,,,,,,,,,,,,,,,,,,,,,,,,,,,,,,,,,,,,,,,,,,
68bdeee4245a927ffb2690b1,68bb1c52f209a8b6c3314c95,FL1438,Etihad,2025-09-06 08:00:00,2025-09-06 08:25:00,G20,25,Dubai,Delhi,,,,,,,,,,,,,,,,,,,,,,,,,,,,,,,,,,,,,,,,,,,,,,,,,,,,,,,,,,,,,,,,,,,,,,,,,,,,,,,,,2025-09-08 02:15:24,,,,,,,,,,,,,,,,,,,,,,,,,,,,,,,,,,,,,,,,,,,,,,,,
68bdeee4245a927ffb2690b2,68bb1c52f209a8b6c3314c96,FL1439,Singapore Airlines,2025-09-06 08:30:00,2025-09-06 08:30:00,G4,0,Dubai,Paris,,,,,,,,,,,,,,,,,,,,,,,,,,,,,,,,,,,,,,,,,,,,,,,,,,,,,,,,,,,,,,,,,,,,,,,,,,,,,,,,,2025-09-08 02:15:24,,,,,,,,,,,,,,,,,,,,,,,,,,,,,,,,,,,,,,,,,,,,,,,,
68bdeee4245a927ffb2690b3,68bb1c53f209a8b6c3314c97,FL1440,Singapore Airlines,2025-09-06 09:00:00,2025-09-06 10:00:00,G10,60,Dubai,Hong Kong,,,,,,,,,,,,,,,,,,,,,,,,,,,,,,,,,,,,,,,,,,,,,,,,,,,,,,,,,,,,,,,,,,,,,,,,,,,,,,,,,2025-09-08 02:15:24,,,,,,,,,,,,,,,,,,,,,,,,,,,,,,,,,,,,,,,,,,,,,,,,
68bdeee5245a927ffb2690b4,68bb1c54f209a8b6c3314c99,FL1442,British Airways,2025-09-06 10:00:00,2025-09-06 10:35:00,G4,35,Dubai,Singapore,,,,,,,,,,,,,,,,,,,,,,,,,,,,,,,,,,,,,,,,,,,,,,,,,,,,,,,,,,,,,,,,,,,,,,,,,,,,,,,,,2025-09-08 02:15:24,,,,,,,,,,,,,,,,,,,,,,,,,,,,,,,,,,,,,,,,,,,,,,,,
68bdeee6245a927ffb2690b5,68bb1c57f209a8b6c3314c9f,FL1448,Turkish Airlines,2025-09-06 13:00:00,2025-09-06 13:40:00,G18,40,Dubai,Bangkok,,,,,,,,,,,,,,,,,,,,,,,,,,,,,,,,,,,,,,,,,,,,,,,,,,,,,,,,,,,,,,,,,,,,,,,,,,,,,,,,,2025-09-08 02:15:26,,,,,,,,,,,,,,,,,,,,,,,,,,,,,,,,,,,,,,,,,,,,,,,,
68bdeee6245a927ffb2690b6,68bb1c57f209a8b6c3314ca0,FL1449,Emirates,2025-09-06 13:30:00,2025-09-06 13:55:00,G20,25,Dubai,Cape Town,,,,,,,,,,,,,,,,,,,,,,,,,,,,,,,,,,,,,,,,,,,,,,,,,,,,,,,,,,,,,,,,,,,,,,,,,,,,,,,,,2025-09-08 02:15:26,,,,,,,,,,,,,,,,,,,,,,,,,,,,,,,,,,,,,,,,,,,,,,,,
68bdeee7245a927ffb2690b7,68bb1c58f209a8b6c3314ca2,FL1451,Singapore Airlines,2025-09-06 14:30:00,2025-09-06 15:05:00,G4,35,Dubai,Hong Kong,,,,,,,,,,,,,,,,,,,,,,,,,,,,,,,,,,,,,,,,,,,,,,,,,,,,,,,,,,,,,,,,,,,,,,,,,,,,,,,,,2025-09-08 02:15:26,,,,,,,,,,,,,,,,,,,,,,,,,,,,,,,,,,,,,,,,,,,,,,,,
68bdeee7245a927ffb2690b8,68bb1c59f209a8b6c3314ca3,FL1452,Etihad,2025-09-06 15:00:00,2025-09-06 15:20:00,G1,20,Dubai,Toronto,,,,,,,,,,,,,,,,,,,,,,,,,,,,,,,,,,,,,,,,,,,,,,,,,,,,,,,,,,,,,,,,,,,,,,,,,,,,,,,,,2025-09-08 02:15:26,,,,,,,,,,,,,,,,,,,,,,,,,,,,,,,,,,,,,,,,,,,,,,,,
68bdeee7245a927ffb2690b9,68bb1c5af209a8b6c3314ca5,FL1454,British Airways,2025-09-06 16:00:00,2025-09-06 16:35:00,G20,35,Dubai,Delhi,,,,,,,,,,,,,,,,,,,,,,,,,,,,,,,,,,,,,,,,,,,,,,,,,,,,,,,,,,,,,,,,,,,,,,,,,,,,,,,,,2025-09-08 02:15:27,,,,,,,,,,,,,,,,,,,,,,,,,,,,,,,,,,,,,,,,,,,,,,,,
68bdeee7245a927ffb2690ba,68bb1c6bf209a8b6c3314cc7,FL1488,Turkish Airlines,2025-09-07 09:00:00,2025-09-07 09:40:00,G4,40,Dubai,Delhi,68bb1e5cf209a8b6c33150a4,68bdeeeb6d2564f9a09da87b,,,,,,,,,,,,,,,BAG1477,BAG1477,,,,,,,,,,,,,,,PAX1456,PAX1456,,,,,,,,,,,,,,,FL1488,FL1488,,,,,,,,,,,,,,,Missing,Missing,,,,,,,,,,,,,,,2025-09-08 02:15:34,68bb1d56f209a8b6c3314e9b,68bdeee76d2564f9a09da83b,,,,,,,PAX1456,PAX1456,,,,,,,FL1488,FL1488,,,,,,,2025-09-07 06:14:00,2025-09-07 06:14:00,,,,,,,false,false,,,,,,,G4,G4,,,,,,
68bdeee9245a927ffb2690bb,68bb1c5df209a8b6c3314cab,FL1460,Qatar Airways,2025-09-06 19:00:00,2025-09-06 19:35:00,G17,35,Dubai,Rome,,,,,,,,,,,,,,,,,,,,,,,,,,,,,,,,,,,,,,,,,,,,,,,,,,,,,,,,,,,,,,,,,,,,,,,,,,,,,,,,,2025-09-08 02:15:28,,,,,,,,,,,,,,,,,,,,,,,,,,,,,,,,,,,,,,,,,,,,,,,,
68bdeee9245a927ffb2690bc,68bb1c5ef209a8b6c3314cae,FL1463,Turkish Airlines,2025-09-06 20:30:00,2025-09-06 21:10:00,G19,40,Dubai,Hong Kong,,,,,,,,,,,,,,,,,,,,,,,,,,,,,,,,,,,,,,,,,,,,,,,,,,,,,,,,,,,,,,,,,,,,,,,,,,,,,,,,,2025-09-08 02:15:29,,,,,,,,,,,,,,,,,,,,,,,,,,,,,,,,,,,,,,,,,,,,,,,,
68bdeeea245a927ffb2690bd,68bb1c5ff209a8b6c3314cb0,FL1465,Etihad,2025-09-06 21:30:00,2025-09-06 22:30:00,G10,60,Dubai,Amsterdam,,,,,,,,,,,,,,,,,,,,,,,,,,,,,,,,,,,,,,,,,,,,,,,,,,,,,,,,,,,,,,,,,,,,,,,,,,,,,,,,,2025-09-08 02:15:34,68bb1d68f209a8b6c3314ebe,68bdeeee6d2564f9a09da8a6,,,,,,,PAX1491,PAX1491,,,,,,,FL1465,FL1465,,,,,,,2025-09-06 19:40:00,2025-09-06 19:40:00,,,,,,,true,true,,,,,,,G10,G10,,,,,,
68bdeeea245a927ffb2690be,68bb1c60f209a8b6c3314cb1,FL1466,Emirates,2025-09-06 22:00:00,2025-09-06 22:40:00,G7,40,Dubai,Istanbul,,,,,,,,,,,,,,,,,,,,,,,,,,,,,,,,,,,,,,,,,,,,,,,,,,,,,,,,,,,,,,,,,,,,,,,,,,,,,,,,,2025-09-08 02:15:29,,,,,,,,,,,,,,,,,,,,,,,,,,,,,,,,,,,,,,,,,,,,,,,,
68bdeeea245a927ffb2690bf,68bb1c60f209a8b6c3314cb2,FL1467,Emirates,2025-09-06 22:30:00,2025-09-06 22:45:00,G16,15,Dubai,Mumbai,,,,,,,,,,,,,,,,,,,,,,,,,,,,,,,,,,,,,,,,,,,,,,,,,,,,,,,,,,,,,,,,,,,,,,,,,,,,,,,,,2025-09-08 02:15:30,,,,,,,,,,,,,,,,,,,,,,,,,,,,,,,,,,,,,,,,,,,,,,,,
68bdeeea245a927ffb2690c0,68bb1c61f209a8b6c3314cb3,FL1468,Singapore Airlines,2025-09-06 23:00:00,2025-09-06 23:30:00,G20,30,Dubai,Rome,,,,,,,,,,,,,,,,,,,,,,,,,,,,,,,,,,,,,,,,,,,,,,,,,,,,,,,,,,,,,,,,,,,,,,,,,,,,,,,,,2025-09-08 02:15:30,,,,,,,,,,,,,,,,,,,,,,,,,,,,,,,,,,,,,,,,,,,,,,,,
68bdeeeb245a927ffb2690c1,68bb1c62f209a8b6c3314cb5,FL1470,British Airways,2025-09-07 00:00:00,2025-09-07 00:00:00,G17,0,Dubai,Istanbul,,,,,,,,,,,,,,,,,,,,,,,,,,,,,,,,,,,,,,,,,,,,,,,,,,,,,,,,,,,,,,,,,,,,,,,,,,,,,,,,,2025-09-08 02:15:30,,,,,,,,,,,,,,,,,,,,,,,,,,,,,,,,,,,,,,,,,,,,,,,,
68bdeeeb245a927ffb2690c2,68bb1c64f209a8b6c3314cb9,FL1474,Emirates,2025-09-07 02:00:00,2025-09-07 02:15:00,G7,15,Dubai,New York,,,,,,,,,,,,,,,,,,,,,,,,,,,,,,,,,,,,,,,,,,,,,,,,,,,,,,,,,,,,,,,,,,,,,,,,,,,,,,,,,2025-09-08 02:15:31,,,,,,,,,,,,,,,,,,,,,,,,,,,,,,,,,,,,,,,,,,,,,,,,
68bdeeed245a927ffb2690c3,68bb1c68f209a8b6c3314cc1,FL1482,Emirates,2025-09-07 06:00:00,2025-09-07 06:00:00,G7,0,Dubai,Chicago,,,,,,,,,,,,,,,,,,,,,,,,,,,,,,,,,,,,,,,,,,,,,,,,,,,,,,,,,,,,,,,,,,,,,,,,,,,,,,,,,2025-09-08 02:15:33,,,,,,,,,,,,,,,,,,,,,,,,,,,,,,,,,,,,,,,,,,,,,,,,
68bdeeed245a927ffb2690c4,68bb1c68f209a8b6c3314cc2,FL1483,Turkish Airlines,2025-09-07 06:30:00,2025-09-07 06:40:00,G4,10,Dubai,Amsterdam,,,,,,,,,,,,,,,,,,,,,,,,,,,,,,,,,,,,,,,,,,,,,,,,,,,,,,,,,,,,,,,,,,,,,,,,,,,,,,,,,2025-09-08 02:15:33,,,,,,,,,,,,,,,,,,,,,,,,,,,,,,,,,,,,,,,,,,,,,,,,
68bdeeed245a927ffb2690c5,68bb1c69f209a8b6c3314cc3,FL1484,Emirates,2025-09-07 07:00:00,2025-09-07 07:25:00,G12,25,Dubai,Doha,,,,,,,,,,,,,,,,,,,,,,,,,,,,,,,,,,,,,,,,,,,,,,,,,,,,,,,,,,,,,,,,,,,,,,,,,,,,,,,,,2025-09-08 02:15:33,,,,,,,,,,,,,,,,,,,,,,,,,,,,,,,,,,,,,,,,,,,,,,,,
68bdeeee245a927ffb2690c6,68bb1c6af209a8b6c3314cc5,FL1486,Air India,2025-09-07 08:00:00,2025-09-07 08:00:00,G1,0,Dubai,Istanbul,,,,,,,,,,,,,,,,,,,,,,,,,,,,,,,,,,,,,,,,,,,,,,,,,,,,,,,,,,,,,,,,,,,,,,,,,,,,,,,,,2025-09-08 02:15:35,68bb1d69f209a8b6c3314ec0,68bdeeef6d2564f9a09da8ac,,,,,,,PAX1493,PAX1493,,,,,,,FL1486,FL1486,,,,,,,2025-09-07 06:39:00,2025-09-07 06:39:00,,,,,,,true,true,,,,,,,G1,G1,,,,,,
68bdeeef245a927ffb2690c7,68bb1c6df209a8b6c3314ccb,FL1492,Turkish Airlines,2025-09-07 11:00:00,2025-09-07 11:40:00,G6,40,Dubai,Cape Town,,,,,,,,,,,,,,,,,,,,,,,,,,,,,,,,,,,,,,,,,,,,,,,,,,,,,,,,,,,,,,,,,,,,,,,,,,,,,,,,,2025-09-08 02:15:35,,,,,,,,,,,,,,,,,,,,,,,,,,,,,,,,,,,,,,,,,,,,,,,,
68bdeef0245a927ffb2690c8,68bb1c6ff209a8b6c3314ccf,FL1496,Singapore Airlines,2025-09-07 13:00:00,2025-09-07 13:40:00,G5,40,Dubai,Mumbai,,,,,,,,,,,,,,,,,,,,,,,,,,,,,,,,,,,,,,,,,,,,,,,,,,,,,,,,,,,,,,,,,,,,,,,,,,,,,,,,,2025-09-08 02:15:36,,,,,,,,,,,,,,,,,,,,,,,,,,,,,,,,,,,,,,,,,,,,,,,,
68bdeef0245a927ffb2690c9,68bb1c6ff209a8b6c3314cd0,FL1497,Etihad,2025-09-07 13:30:00,2025-09-07 14:30:00,G7,60,Dubai,Zurich,,,,,,,,,,,,,,,,,,,,,,,,,,,,,,,,,,,,,,,,,,,,,,,,,,,,,,,,,,,,,,,,,,,,,,,,,,,,,,,,,2025-09-08 02:15:36,,,,,,,,,,,,,,,,,,,,,,,,,,,,,,,,,,,,,,,,,,,,,,,,
68bdeef0245a927ffb2690ca,68bb1c70f209a8b6c3314cd1,FL1498,Qatar Airways,2025-09-07 14:00:00,2025-09-07 14:15:00,G3,15,Dubai,Chicago,,,,,,,,,,,,,,,,,,,,,,,,,,,,,,,,,,,,,,,,,,,,,,,,,,,,,,,,,,,,,,,,,,,,,,,,,,,,,,,,,2025-09-08 02:15:36,,,,,,,,,,,,,,,,,,,,,,,,,,,,,,,,,,,,,,,,,,,,,,,,
